딜ID,회사명,산업,섹터,본사지역,설립연도,임직원수,펀드명,펀드유형,빈티지,담당파트너,딜상태,투자일자,투자금액(억원),지분율(%),매출(억원),EBITDA(억원),EBITDA마진(%),순부채(억원),기업가치EV(억원),진입 EV/EBITDA(x),진입 EV/Revenue(x),보유기간(년),현재평가가치(억원),MOIC(x),Gross IRR(%),회수일자,회수금액(억원),회수방식
DL-00001,한솔시스템,IT/소프트웨어,SaaS,서울,2019,115,그로쓰 3호 PEF,Growth,2022,남기훈,소싱(Sourcing),,,,134,8.0,6.0,14.6,57.9,7.2,0.43,,,,,,,
DL-00002,서연F&B,소비재,리테일,부산,2012,304,그로쓰 1호 PEF,Growth,2016,배준영,회수완료(Exited),2019-11-09,762.0,68.3,301,115.9,38.5,45.1,973.4,8.4,3.23,5.6,,1.85,11.6,2025-06-11,1408.2,Recap/배당
DL-00003,삼정정보기술,IT/소프트웨어,시스템통합,부산,1989,166,벤처그로쓰 1호,Venture,2020,오세훈,스크리닝(Screening),,,,163,24.6,15.1,16.6,142.8,5.8,0.88,,,,,,,
DL-00004,성안유통,물류/유통,도소매유통,서울,1989,1470,벤처그로쓰 1호,Venture,2020,정우성,투자완료(Active),2023-08-03,638.3,75.1,494,150.7,30.5,188.7,994.4,6.6,2.01,2.9,594.9,0.93,-2.4,,,
DL-00005,광림산업,제조/소재,산업기계,충남,2021,1704,스페셜시츄에이션 1호,Special Situation,2018,최예린,소싱(Sourcing),,,,942,262.8,27.9,1081.6,2365.4,9.0,2.51,,,,,,,
DL-00006,서연익스프레스,물류/유통,이커머스,인천,1999,888,스페셜시츄에이션 1호,Special Situation,2018,오세훈,투자심의(IC),,,,387,135.8,35.1,70.6,882.9,6.5,2.28,,,,,,,
DL-00007,정밀랩스,IT/소프트웨어,데이터/AI,해외(싱가포르),1985,854,바이아웃 2호 PEF,Buyout,2021,한승우,회수완료(Exited),2022-08-25,933.2,54.8,552,198.7,36.0,954.6,2484.0,12.5,4.5,3.8,,3.53,39.5,2026-06-10,3295.2,구주매출
DL-00008,중앙바이오,바이오/헬스케어,CRO/CDMO,경남,1997,447,바이아웃 2호 PEF,Buyout,2021,고은채,투자완료(Active),2023-01-14,572.7,90.3,531,125.3,23.6,101.6,626.6,5.0,1.18,3.4,780.6,1.36,9.5,,,
DL-00009,한솔솔루션,IT/소프트웨어,SaaS,충북,2020,332,그로쓰 3호 PEF,Growth,2022,박민재,투자완료(Active),2023-02-16,234.2,77.0,135,35.4,26.2,239.8,516.4,14.6,3.83,3.3,443.3,1.89,21.2,,,
DL-00010,미래이엔지,B2B서비스,MRO,서울,1999,402,벤처그로쓰 1호,Venture,2020,김도현,투자완료(Active),2021-11-07,203.3,25.7,463,138.0,29.8,26.0,772.7,5.6,1.67,4.6,369.5,1.82,13.9,,,
DL-00011,아이엠헬스케어,바이오/헬스케어,CRO/CDMO,서울,1991,307,세컨더리 1호,Secondary,2023,배준영,투자심의(IC),,,,135,26.7,19.8,94.5,259.3,9.7,1.92,,,,,,,
DL-00012,정밀정보기술,IT/소프트웨어,SaaS,경기,2019,624,그로쓰 2호 PEF,Growth,2019,정우성,스크리닝(Screening),,,,352,51.7,14.7,179.2,388.1,7.5,1.1,,,,,,,
DL-00013,대한매니지먼트,B2B서비스,인력아웃소싱,경북,1995,245,그로쓰 2호 PEF,Growth,2019,배준영,회수완료(Exited),2023-05-19,681.6,41.2,305,107.7,35.3,124.1,1507.3,14.0,4.94,3.1,,1.11,3.4,2026-06-10,756.0,구주매출
DL-00014,태광에셋,금융서비스,자산관리,서울,1988,694,그로쓰 1호 PEF,Growth,2016,오세훈,투자완료(Active),2021-09-11,243.9,26.4,606,153.9,25.4,656.3,1539.2,10.0,2.54,4.7,467.6,1.92,14.7,,,
DL-00015,미래푸드,소비재,리테일,서울,2021,1154,그로쓰 1호 PEF,Growth,2016,오세훈,소싱(Sourcing),,,,691,83.6,12.1,121.7,1020.1,12.2,1.48,,,,,,,
DL-00016,코리아로지스틱스,물류/유통,도소매유통,서울,2017,945,그로쓰 2호 PEF,Growth,2019,이서준,투자완료(Active),2024-12-06,224.7,20.6,318,108.8,34.2,399.1,1305.1,12.0,4.1,1.5,234.2,1.04,2.8,,,
DL-00017,미래바이오,바이오/헬스케어,체외진단,광주,1998,1716,그로쓰 3호 PEF,Growth,2022,최예린,실사(DD),,,,615,167.3,27.2,310.5,1271.3,7.6,2.07,,,,,,,
DL-00018,성안테크,제조/소재,자동차부품,충북,1993,441,그로쓰 1호 PEF,Growth,2016,김도현,실사(DD),,,,537,165.9,30.9,372.6,1742.3,10.5,3.24,,,,,,,
DL-00019,가온소프트,IT/소프트웨어,핀테크,경북,2004,550,그로쓰 3호 PEF,Growth,2022,윤지호,소싱(Sourcing),,,,202,57.2,28.3,136.0,485.9,8.5,2.41,,,,,,,
DL-00020,보광제약,바이오/헬스케어,의료기기,해외(싱가포르),2006,974,그로쓰 3호 PEF,Growth,2022,윤지호,소싱(Sourcing),,,,847,240.5,28.4,370.1,2982.8,12.4,3.52,,,,,,,
DL-00021,보광소프트,IT/소프트웨어,데이터/AI,경북,2014,186,바이아웃 1호 PEF,Buyout,2017,정우성,회수완료(Exited),2020-02-16,210.3,89.1,111,39.4,35.5,93.6,283.7,7.2,2.56,3.1,,1.52,14.5,2023-03-10,318.7,구주매출
DL-00022,우진그린텍,에너지/환경,신재생에너지,해외(베트남),2012,366,바이아웃 2호 PEF,Buyout,2021,김도현,소싱(Sourcing),,,,132,26.8,20.3,22.9,396.6,14.8,3.0,,,,,,,
DL-00023,대한유통,소비재,패션/리빙,경기,2006,1609,바이아웃 1호 PEF,Buyout,2017,강태호,투자완료(Active),2020-08-29,391.0,52.2,710,66.7,9.4,236.9,934.4,14.0,1.32,5.8,394.4,1.01,0.2,,,
DL-00024,제이콘텐츠,미디어/콘텐츠,광고/마케팅,경기,2012,2384,그로쓰 1호 PEF,Growth,2016,최예린,실사(DD),,,,1239,202.0,16.3,641.3,1898.4,9.4,1.53,,,,,,,
DL-00025,삼정파마,바이오/헬스케어,제약,대구,2000,1049,벤처그로쓰 1호,Venture,2020,이서준,회수완료(Exited),2024-10-06,282.9,81.5,569,68.3,12.0,43.5,355.1,5.2,0.62,1.7,,2.17,58.7,2026-06-10,613.6,Recap/배당
DL-00026,서연캐피탈,금융서비스,결제,대구,1991,1416,그로쓰 1호 PEF,Growth,2016,배준영,회수완료(Exited),2017-05-12,1445.6,56.5,699,231.4,33.1,644.9,2776.4,12.0,3.97,5.2,,2.02,14.4,2022-08-08,2924.2,재무적매각(Secondary)
DL-00027,광림금융,금융서비스,결제,경기,2013,535,그로쓰 3호 PEF,Growth,2022,남기훈,회수완료(Exited),2023-07-17,410.2,55.2,246,67.2,27.3,222.3,852.9,12.7,3.47,2.8,,1.48,14.9,2026-05-09,606.4,구주매출
DL-00028,신성테크,IT/소프트웨어,핀테크,경기,2011,823,그로쓰 3호 PEF,Growth,2022,남기훈,스크리닝(Screening),,,,295,57.8,19.6,86.2,410.5,7.1,1.39,,,,,,,
DL-00029,정밀테크,제조/소재,철강금속,서울,2011,705,벤처그로쓰 1호,Venture,2020,최예린,투자완료(Active),2022-09-21,425.5,22.3,504,166.3,33.0,568.4,2328.5,14.0,4.62,3.7,820.2,1.93,19.3,,,
DL-00030,중앙제약,바이오/헬스케어,디지털헬스,해외(싱가포르),1986,199,그로쓰 1호 PEF,Growth,2016,윤지호,투자완료(Active),2021-02-05,150.1,46.1,131,46.2,35.3,40.9,314.5,6.8,2.4,5.3,168.5,1.12,2.2,,,
DL-00031,광림엔터,미디어/콘텐츠,엔터테인먼트,경기,1989,1186,그로쓰 1호 PEF,Growth,2016,강태호,스크리닝(Screening),,,,1404,440.9,31.4,637.2,6392.4,14.5,4.55,,,,,,,
DL-00032,신성헬스케어,바이오/헬스케어,의료기기,대구,2008,318,바이아웃 1호 PEF,Buyout,2017,임수빈,투자완료(Active),2018-03-19,100.1,66.3,109,34.0,31.2,85.0,207.4,6.1,1.9,8.2,276.2,2.76,13.1,,,
DL-00033,유진미디어,미디어/콘텐츠,교육,서울,2004,2442,바이아웃 1호 PEF,Buyout,2017,이서준,투자완료(Active),2021-10-21,960.0,72.9,1562,143.7,9.2,832.3,2126.8,14.8,1.36,4.6,1352.0,1.41,7.7,,,
DL-00034,성안게임즈,미디어/콘텐츠,엔터테인먼트,대전,2002,7862,스페셜시츄에이션 1호,Special Situation,2018,박민재,투자완료(Active),2021-08-13,7195.8,88.1,3738,1199.9,32.1,4755.8,11519.0,9.6,3.08,4.8,8126.7,1.13,2.6,,,
DL-00035,한국게임즈,미디어/콘텐츠,엔터테인먼트,경북,2001,147,그로쓰 3호 PEF,Growth,2022,임수빈,스크리닝(Screening),,,,51,15.0,29.5,0.6,117.4,7.8,2.3,,,,,,,
DL-00036,디에이치랩스,IT/소프트웨어,핀테크,울산,2013,1380,세컨더리 1호,Secondary,2023,서지원,투자완료(Active),2024-04-29,598.1,64.3,664,85.0,12.8,154.8,1011.4,11.9,1.52,2.1,778.7,1.3,13.3,,,
DL-00037,서연로지스틱스,물류/유통,콜드체인,광주,1996,137,벤처그로쓰 1호,Venture,2020,이서준,투자완료(Active),2020-07-24,60.1,86.6,65,9.6,14.7,39.6,104.1,10.9,1.6,5.9,82.1,1.37,5.5,,,
DL-00038,한라서비스,B2B서비스,시설관리,해외(싱가포르),2016,574,바이아웃 2호 PEF,Buyout,2021,남기훈,회수완료(Exited),2021-08-22,436.4,85.8,213,36.0,16.9,66.8,529.2,14.7,2.48,1.9,,2.32,55.2,2023-07-21,1010.6,전략적매각(M&A)
DL-00039,삼정바이오,바이오/헬스케어,CRO/CDMO,해외(싱가포르),1999,1398,그로쓰 2호 PEF,Growth,2019,한승우,투자완료(Active),2025-05-18,1338.4,69.7,802,295.1,36.8,694.8,2361.1,8.0,2.94,1.1,1628.0,1.22,20.2,,,
DL-00040,서연테크,IT/소프트웨어,핀테크,인천,2015,612,그로쓰 3호 PEF,Growth,2022,김도현,투자심의(IC),,,,265,78.7,29.7,214.4,944.5,12.0,3.56,,,,,,,
DL-00041,케이로지스틱스,물류/유통,이커머스,인천,1989,1366,그로쓰 3호 PEF,Growth,2022,최예린,회수완료(Exited),2024-04-04,2672.6,95.4,930,346.0,37.2,762.1,3252.0,9.4,3.5,2.2,,1.7,27.5,2026-06-10,4542.6,Recap/배당
DL-00042,한국에너지,에너지/환경,전력/전기,서울,2002,936,그로쓰 1호 PEF,Growth,2016,배준영,투자완료(Active),2022-07-25,386.3,54.9,663,73.6,11.1,166.0,750.6,10.2,1.13,3.9,1112.1,2.88,31.4,,,
DL-00043,코리아엔터,미디어/콘텐츠,엔터테인먼트,경북,2003,830,벤처그로쓰 1호,Venture,2020,윤지호,투자완료(Active),2020-08-25,1074.6,97.6,613,193.7,31.6,46.1,1046.0,5.4,1.71,5.8,3915.7,3.64,25.0,,,
DL-00044,케이서비스,B2B서비스,MRO,서울,2013,1560,벤처그로쓰 1호,Venture,2020,오세훈,투자완료(Active),2020-09-05,466.0,22.3,668,161.7,24.2,506.4,2311.7,14.3,3.46,5.8,1483.1,3.18,22.3,,,
DL-00045,가온커머스,물류/유통,3PL물류,서울,1994,1182,그로쓰 2호 PEF,Growth,2019,임수빈,회수완료(Exited),2021-09-25,239.5,56.5,400,91.2,22.8,293.1,702.2,7.7,1.76,2.6,,3.71,66.8,2024-04-19,889.8,전략적매각(M&A)
DL-00046,대명솔루션,IT/소프트웨어,정보보안,경기,2004,2602,바이아웃 2호 PEF,Buyout,2021,고은채,소싱(Sourcing),,,,1395,392.0,28.1,1199.1,5370.3,13.7,3.85,,,,,,,
DL-00047,에스이엔지,에너지/환경,수처리,경남,2011,6403,바이아웃 1호 PEF,Buyout,2017,오세훈,투자심의(IC),,,,2165,400.5,18.5,1906.6,4646.1,11.6,2.15,,,,,,,
DL-00048,신성금융,금융서비스,여신전문,해외(베트남),2013,351,벤처그로쓰 1호,Venture,2020,고은채,소싱(Sourcing),,,,154,29.1,18.9,27.7,168.8,5.8,1.1,,,,,,,
DL-00049,코리아파트너스,B2B서비스,MRO,경남,2003,837,그로쓰 1호 PEF,Growth,2016,오세훈,소싱(Sourcing),,,,360,97.9,27.2,297.6,1341.5,13.7,3.73,,,,,,,
DL-00050,코리아산업,제조/소재,자동차부품,서울,2018,431,벤처그로쓰 1호,Venture,2020,윤지호,스크리닝(Screening),,,,263,29.7,11.3,61.6,202.1,6.8,0.77,,,,,,,
DL-00051,중앙푸드,소비재,리테일,서울,2001,4963,세컨더리 1호,Secondary,2023,서지원,스크리닝(Screening),,,,5157,1098.4,21.3,2371.6,8677.7,7.9,1.68,,,,,,,
DL-00052,성안파워,에너지/환경,전력/전기,대전,2009,795,세컨더리 1호,Secondary,2023,고은채,실사(DD),,,,303,46.7,15.4,6.1,559.9,12.0,1.85,,,,,,,
DL-00053,한국콘텐츠,미디어/콘텐츠,엔터테인먼트,경남,2003,947,그로쓰 1호 PEF,Growth,2016,오세훈,투자완료(Active),2024-06-21,1368.3,77.7,701,232.0,33.1,158.8,1670.6,7.2,2.38,2.0,4007.1,2.93,72.6,,,
DL-00054,세진테크,제조/소재,정밀화학,서울,2003,409,벤처그로쓰 1호,Venture,2020,남기훈,소싱(Sourcing),,,,255,30.6,12.0,173.0,394.7,12.9,1.55,,,,,,,
DL-00055,광림이엔지,B2B서비스,엔지니어링,서울,2006,2233,세컨더리 1호,Secondary,2023,배준영,실사(DD),,,,976,74.2,7.6,104.6,927.2,12.5,0.95,,,,,,,
DL-00056,동방게임즈,미디어/콘텐츠,엔터테인먼트,서울,2001,719,그로쓰 2호 PEF,Growth,2019,임수빈,투자심의(IC),,,,842,319.1,37.9,227.6,1946.6,6.1,2.31,,,,,,,
DL-00057,중앙매니지먼트,B2B서비스,엔지니어링,서울,2004,553,그로쓰 2호 PEF,Growth,2019,서지원,회수완료(Exited),2021-08-19,88.2,91.0,524,34.6,6.6,93.0,186.8,5.4,0.36,4.0,,2.66,27.4,2025-09-03,235.0,구주매출
DL-00058,성안바이오,바이오/헬스케어,디지털헬스,경북,2008,295,스페셜시츄에이션 1호,Special Situation,2018,최예린,소싱(Sourcing),,,,184,24.5,13.3,103.2,210.5,8.6,1.14,,,,,,,
DL-00059,정밀이엔지,에너지/환경,신재생에너지,서울,1990,1087,그로쓰 2호 PEF,Growth,2019,고은채,회수완료(Exited),2020-05-30,580.3,83.0,814,210.8,25.9,431.3,1096.3,5.2,1.35,6.0,,2.48,16.3,2026-06-10,1439.0,전략적매각(M&A)
DL-00060,대명코스메틱,소비재,패션/리빙,충남,1994,1715,그로쓰 1호 PEF,Growth,2016,최예린,회수완료(Exited),2022-08-08,592.0,45.9,677,239.0,35.3,269.7,1505.6,6.3,2.22,1.8,,1.16,8.9,2024-05-23,689.4,IPO
DL-00061,에스시스템,IT/소프트웨어,데이터/AI,경기,1987,1526,그로쓰 2호 PEF,Growth,2019,임수빈,투자완료(Active),2023-10-13,351.6,74.9,573,157.6,27.5,417.0,835.1,5.3,1.46,2.7,264.6,0.75,-10.1,,,
DL-00062,한라랩스,IT/소프트웨어,핀테크,부산,2018,477,벤처그로쓰 1호,Venture,2020,윤지호,보류/철회(Dropped),,,,213,42.8,20.1,31.6,552.3,12.9,2.59,,,,,,,
DL-00063,케이파트너스,B2B서비스,시설관리,경남,2010,397,스페셜시츄에이션 1호,Special Situation,2018,강태호,회수완료(Exited),2023-04-27,203.2,25.4,350,69.7,19.9,152.5,814.9,11.7,2.33,2.0,,1.56,24.6,2025-05-03,316.9,재무적매각(Secondary)
DL-00064,대한파마,바이오/헬스케어,CRO/CDMO,해외(미국),2007,100,벤처그로쓰 1호,Venture,2020,서지원,소싱(Sourcing),,,,98,6.7,6.8,8.2,52.6,7.9,0.54,,,,,,,
DL-00065,신성파트너스,B2B서비스,시설관리,서울,2008,440,그로쓰 2호 PEF,Growth,2019,강태호,회수완료(Exited),2025-03-30,41.6,22.1,177,22.8,12.9,59.6,212.3,9.3,1.2,1.2,,2.23,95.8,2026-06-10,93.0,재무적매각(Secondary)
DL-00066,글로벌로지스틱스,물류/유통,콜드체인,서울,1989,153,그로쓰 3호 PEF,Growth,2022,오세훈,투자완료(Active),2023-11-30,21.3,32.6,89,5.4,6.1,7.3,67.9,12.5,0.76,2.5,58.8,2.76,49.5,,,
DL-00067,대명파마,바이오/헬스케어,의료기기,서울,2012,677,그로쓰 2호 PEF,Growth,2019,최예린,투자완료(Active),2022-03-06,569.8,74.3,388,56.6,14.6,40.3,708.1,12.5,1.82,4.3,917.8,1.61,11.8,,,
DL-00068,제이식품,소비재,리테일,서울,2001,550,바이아웃 2호 PEF,Buyout,2021,정우성,투자완료(Active),2022-04-17,394.2,60.0,279,62.5,22.4,37.5,581.2,9.3,2.08,4.1,1110.4,2.82,28.4,,,
DL-00069,삼정엔터,미디어/콘텐츠,교육,경기,2014,238,벤처그로쓰 1호,Venture,2020,박민재,회수완료(Exited),2021-11-13,228.8,82.3,154,35.9,23.3,50.1,322.9,9.0,2.1,4.6,,1.04,0.9,2026-06-10,238.6,재무적매각(Secondary)
DL-00070,서연에너지,에너지/환경,폐기물처리,서울,1989,794,바이아웃 1호 PEF,Buyout,2017,박민재,투자완료(Active),2024-02-16,671.5,98.9,389,122.9,31.6,539.6,1167.8,9.5,3.0,2.3,1689.3,2.52,49.0,,,
DL-00071,디에이치페이,금융서비스,여신전문,부산,2017,263,바이아웃 2호 PEF,Buyout,2021,오세훈,소싱(Sourcing),,,,119,7.5,6.3,9.4,65.2,8.7,0.55,,,,,,,
DL-00072,제이랩스,IT/소프트웨어,시스템통합,경기,2021,585,그로쓰 1호 PEF,Growth,2016,임수빈,회수완료(Exited),2025-05-22,434.2,47.5,570,123.1,21.6,24.8,800.3,6.5,1.4,1.1,,2.15,107.5,2026-06-10,935.2,Recap/배당
DL-00073,글로벌에셋,금융서비스,자산관리,전남,1988,2039,스페셜시츄에이션 1호,Special Situation,2018,윤지호,투자완료(Active),2025-05-13,455.5,97.2,1431,104.5,7.3,209.1,616.3,5.9,0.43,1.1,489.2,1.07,6.9,,,
DL-00074,제이엔터,미디어/콘텐츠,광고/마케팅,경기,1993,4162,스페셜시츄에이션 1호,Special Situation,2018,서지원,투자완료(Active),2022-10-01,3095.9,60.7,1874,579.1,30.9,1813.7,6890.9,11.9,3.68,3.7,3051.6,0.99,-0.4,,,
DL-00075,신성코스메틱,소비재,화장품,서울,2018,159,그로쓰 2호 PEF,Growth,2019,한승우,투자완료(Active),2020-11-09,176.3,77.7,138,43.9,31.8,52.1,276.5,6.3,2.0,5.6,198.3,1.13,2.1,,,
DL-00076,대명페이,금융서비스,인슈어테크,서울,2015,2181,바이아웃 1호 PEF,Buyout,2017,최예린,보류/철회(Dropped),,,,875,251.1,28.7,592.0,2687.0,10.7,3.07,,,,,,,
DL-00077,우진미디어,미디어/콘텐츠,교육,충남,2015,2105,그로쓰 3호 PEF,Growth,2022,고은채,스크리닝(Screening),,,,1475,126.8,8.6,728.8,1712.5,13.5,1.16,,,,,,,
DL-00078,에스파마,바이오/헬스케어,체외진단,서울,1999,1230,스페셜시츄에이션 1호,Special Situation,2018,이서준,회수완료(Exited),2020-07-08,458.1,22.3,1256,237.4,18.9,398.8,2065.2,8.7,1.64,5.9,,2.46,16.4,2026-06-10,1126.0,전략적매각(M&A)
DL-00079,삼정헬스케어,바이오/헬스케어,제약,대전,2013,7673,그로쓰 3호 PEF,Growth,2022,배준영,투자완료(Active),2025-05-31,649.4,62.2,2675,152.5,5.7,82.1,1097.8,7.2,0.41,1.0,827.1,1.27,26.6,,,
DL-00080,케이케미칼,제조/소재,산업기계,충남,2016,819,세컨더리 1호,Secondary,2023,이서준,소싱(Sourcing),,,,470,108.1,23.0,57.4,799.9,7.4,1.7,,,,,,,
DL-00081,아이엠파워,에너지/환경,폐기물처리,서울,1989,5097,그로쓰 2호 PEF,Growth,2019,한승우,보류/철회(Dropped),,,,1873,608.7,32.5,62.5,6148.1,10.1,3.28,,,,,,,
DL-00082,글로벌소재,제조/소재,2차전지소재,광주,2000,953,벤처그로쓰 1호,Venture,2020,배준영,소싱(Sourcing),,,,1062,339.8,32.0,700.6,4214.0,12.4,3.97,,,,,,,
DL-00083,광림파트너스,B2B서비스,엔지니어링,해외(싱가포르),1993,1050,세컨더리 1호,Secondary,2023,서지원,스크리닝(Screening),,,,368,23.9,6.5,3.5,167.4,7.0,0.46,,,,,,,
DL-00084,광림매니지먼트,B2B서비스,MRO,경기,2003,236,그로쓰 1호 PEF,Growth,2016,배준영,투자완료(Active),2020-06-26,392.9,79.5,147,51.9,35.3,26.8,430.7,8.3,2.93,6.0,613.0,1.56,7.8,,,
DL-00085,세진서비스,B2B서비스,엔지니어링,광주,1996,950,그로쓰 2호 PEF,Growth,2019,윤지호,투자완료(Active),2023-10-12,126.7,33.3,447,34.9,7.8,62.0,404.4,11.6,0.9,2.7,174.0,1.37,12.7,,,
DL-00086,한라에너지,에너지/환경,수처리,서울,1995,1384,스페셜시츄에이션 1호,Special Situation,2018,강태호,투자완료(Active),2022-04-18,180.1,96.0,862,53.4,6.2,118.6,304.6,5.7,0.35,4.1,183.3,1.02,0.4,,,
DL-00087,에스에너지,에너지/환경,전력/전기,인천,2002,531,벤처그로쓰 1호,Venture,2020,윤지호,실사(DD),,,,261,80.1,30.7,155.0,801.3,10.0,3.07,,,,,,,
DL-00088,유진커머스,물류/유통,콜드체인,서울,2016,706,바이아웃 2호 PEF,Buyout,2021,남기훈,회수완료(Exited),2024-10-28,93.9,97.4,236,17.9,7.6,42.9,120.2,6.7,0.51,1.6,,1.69,38.3,2026-06-10,158.5,구주매출
DL-00089,보광물류,물류/유통,콜드체인,대전,1999,391,그로쓰 3호 PEF,Growth,2022,배준영,투자심의(IC),,,,194,19.2,9.9,3.3,247.8,12.9,1.28,,,,,,,
DL-00090,세진그린텍,에너지/환경,수처리,서울,2015,1060,그로쓰 2호 PEF,Growth,2019,이서준,실사(DD),,,,479,161.9,33.8,448.7,922.8,5.7,1.93,,,,,,,
DL-00091,동성금융,금융서비스,결제,경기,2012,482,그로쓰 3호 PEF,Growth,2022,배준영,보류/철회(Dropped),,,,417,142.2,34.1,220.6,1450.4,10.2,3.48,,,,,,,
DL-00092,누리리빙,소비재,패션/리빙,경북,2020,334,바이아웃 2호 PEF,Buyout,2021,정우성,투자완료(Active),2024-04-04,63.5,32.3,159,42.1,26.5,79.7,248.6,5.9,1.56,2.2,146.2,2.3,46.5,,,
DL-00093,동방산업,제조/소재,자동차부품,제주,2021,819,바이아웃 2호 PEF,Buyout,2021,서지원,스크리닝(Screening),,,,282,63.2,22.4,103.4,713.8,11.3,2.53,,,,,,,
DL-00094,세진페이,금융서비스,자산관리,서울,2013,474,그로쓰 2호 PEF,Growth,2019,남기훈,소싱(Sourcing),,,,316,53.4,16.9,147.2,341.8,6.4,1.08,,,,,,,
DL-00095,신성이엔지,에너지/환경,수처리,경기,1992,538,그로쓰 2호 PEF,Growth,2019,강태호,스크리닝(Screening),,,,250,21.0,8.4,31.9,165.9,7.9,0.66,,,,,,,
DL-00096,광림리빙,소비재,화장품,강원,2016,1719,벤처그로쓰 1호,Venture,2020,정우성,투자완료(Active),2023-04-09,355.3,48.2,1293,106.0,8.2,215.7,943.6,8.9,0.73,3.2,540.8,1.52,14.2,,,
DL-00097,가온파이낸셜,금융서비스,인슈어테크,경북,2008,1547,스페셜시츄에이션 1호,Special Situation,2018,박민재,회수완료(Exited),2018-10-29,797.1,50.9,767,145.7,19.0,151.8,1559.3,10.7,2.03,4.6,,2.24,19.3,2023-05-29,1788.3,IPO
DL-00098,세진스튜디오,미디어/콘텐츠,엔터테인먼트,인천,2017,668,벤처그로쓰 1호,Venture,2020,배준영,스크리닝(Screening),,,,344,22.0,6.4,107.1,266.4,12.1,0.77,,,,,,,
DL-00099,현우파마,바이오/헬스케어,CRO/CDMO,서울,2004,998,벤처그로쓰 1호,Venture,2020,박민재,투자심의(IC),,,,541,123.3,22.8,343.7,1221.1,9.9,2.26,,,,,,,
DL-00100,코리아케미칼,제조/소재,정밀화학,서울,1986,643,스페셜시츄에이션 1호,Special Situation,2018,오세훈,실사(DD),,,,495,138.1,27.9,587.2,2030.1,14.7,4.1,,,,,,,
DL-00101,디에이치정밀,제조/소재,철강금속,인천,2000,810,스페셜시츄에이션 1호,Special Situation,2018,박민재,회수완료(Exited),2018-09-13,403.7,76.5,287,83.8,29.2,295.5,762.6,9.1,2.66,4.6,,1.28,5.5,2023-05-05,518.4,구주매출
DL-00102,우진게임즈,미디어/콘텐츠,엔터테인먼트,전남,2001,1464,벤처그로쓰 1호,Venture,2020,한승우,실사(DD),,,,498,67.7,13.6,80.7,717.9,10.6,1.44,,,,,,,
DL-00103,유진물류,물류/유통,콜드체인,대전,2020,704,세컨더리 1호,Secondary,2023,강태호,투자완료(Active),2025-03-02,316.0,84.4,271,77.8,28.7,335.4,684.4,8.8,2.53,1.3,297.6,0.94,-4.6,,,
DL-00104,성안이엔지,에너지/환경,수처리,광주,2002,185,바이아웃 1호 PEF,Buyout,2017,정우성,회수완료(Exited),2024-02-27,46.7,38.6,94,24.0,25.5,59.4,177.4,7.4,1.89,2.3,,2.31,44.2,2026-06-10,107.8,전략적매각(M&A)
DL-00105,중앙정밀,제조/소재,철강금속,경기,2003,365,세컨더리 1호,Secondary,2023,임수빈,투자완료(Active),2025-01-10,254.4,88.0,185,68.1,36.8,115.3,401.7,5.9,2.17,1.4,655.6,2.58,95.5,,,
DL-00106,광림헬스케어,바이오/헬스케어,제약,충남,2003,905,그로쓰 3호 PEF,Growth,2022,남기훈,보류/철회(Dropped),,,,454,178.9,39.4,690.0,1395.2,7.8,3.07,,,,,,,
DL-00107,보광금융,금융서비스,자산관리,경기,1995,1612,바이아웃 1호 PEF,Buyout,2017,배준영,소싱(Sourcing),,,,1113,336.1,30.2,288.9,1714.2,5.1,1.54,,,,,,,
DL-00108,제이유통,소비재,화장품,전북,2010,763,스페셜시츄에이션 1호,Special Situation,2018,한승우,실사(DD),,,,556,55.0,9.9,56.0,451.4,8.2,0.81,,,,,,,
DL-00109,대명리빙,소비재,리테일,해외(미국),1985,261,바이아웃 2호 PEF,Buyout,2021,오세훈,투자완료(Active),2024-11-06,199.7,60.2,227,30.2,13.3,82.2,353.2,11.7,1.56,1.6,383.5,1.92,50.7,,,
DL-00110,글로벌랩스,IT/소프트웨어,정보보안,서울,2008,386,그로쓰 3호 PEF,Growth,2022,임수빈,스크리닝(Screening),,,,302,64.9,21.5,224.2,675.3,10.4,2.24,,,,,,,
DL-00111,누리F&B,소비재,식음료,인천,1992,136,벤처그로쓰 1호,Venture,2020,이서준,회수완료(Exited),2022-12-01,130.8,55.3,90,20.4,22.7,16.4,218.6,10.7,2.43,3.5,,2.06,22.7,2026-06-10,269.0,구주매출
DL-00112,에스캐피탈,금융서비스,여신전문,경기,2014,758,세컨더리 1호,Secondary,2023,오세훈,소싱(Sourcing),,,,593,34.4,5.8,0.4,258.0,7.5,0.43,,,,,,,
DL-00113,케이시스템,IT/소프트웨어,SaaS,대전,2015,264,그로쓰 1호 PEF,Growth,2016,이서준,보류/철회(Dropped),,,,119,38.0,31.9,235.8,482.1,12.7,4.05,,,,,,,
DL-00114,현우게임즈,미디어/콘텐츠,엔터테인먼트,경기,2019,986,스페셜시츄에이션 1호,Special Situation,2018,윤지호,소싱(Sourcing),,,,334,131.3,39.3,660.1,1745.8,13.3,5.23,,,,,,,
DL-00115,가온페이,금융서비스,결제,충북,2002,727,바이아웃 1호 PEF,Buyout,2017,임수빈,실사(DD),,,,767,289.9,37.8,484.9,4030.0,13.9,5.25,,,,,,,
DL-00116,제이케미칼,제조/소재,2차전지소재,대전,2010,982,그로쓰 1호 PEF,Growth,2016,정우성,투자완료(Active),2018-08-17,1240.7,85.3,329,103.3,31.4,92.7,1322.3,12.8,4.02,7.8,1428.5,1.15,1.8,,,
DL-00117,삼정환경,에너지/환경,폐기물처리,해외(싱가포르),1988,1011,바이아웃 1호 PEF,Buyout,2017,윤지호,실사(DD),,,,500,153.5,30.7,354.2,1043.8,6.8,2.09,,,,,,,
DL-00118,성안케미칼,제조/소재,정밀화학,경기,1994,741,벤처그로쓰 1호,Venture,2020,남기훈,투자심의(IC),,,,276,65.7,23.8,54.8,486.1,7.4,1.76,,,,,,,
DL-00119,가온헬스케어,바이오/헬스케어,디지털헬스,해외(베트남),1998,797,그로쓰 3호 PEF,Growth,2022,윤지호,스크리닝(Screening),,,,304,62.9,20.7,146.6,547.5,8.7,1.8,,,,,,,
DL-00120,정밀케미칼,제조/소재,정밀화학,부산,2020,293,그로쓰 1호 PEF,Growth,2016,고은채,소싱(Sourcing),,,,232,85.1,36.7,309.6,681.2,8.0,2.94,,,,,,,
DL-00121,한솔F&B,소비재,식음료,전남,2020,437,바이아웃 1호 PEF,Buyout,2017,윤지호,회수완료(Exited),2022-07-30,392.0,57.3,275,58.6,21.3,103.9,673.6,11.5,2.45,3.9,,1.65,13.9,2026-06-10,648.2,전략적매각(M&A)
DL-00122,케이에너지,에너지/환경,전력/전기,인천,2001,642,바이아웃 1호 PEF,Buyout,2017,남기훈,스크리닝(Screening),,,,492,148.6,30.2,116.6,1188.7,8.0,2.42,,,,,,,
DL-00123,가온유통,소비재,리테일,제주,2016,742,벤처그로쓰 1호,Venture,2020,최예린,투자완료(Active),2025-02-20,632.9,91.1,396,129.9,32.8,313.4,870.2,6.7,2.2,1.3,1918.6,3.03,134.6,,,
DL-00124,대명소프트,IT/소프트웨어,SaaS,경기,1985,511,바이아웃 1호 PEF,Buyout,2017,이서준,투자완료(Active),2024-05-24,46.4,59.0,182,12.9,7.1,68.8,147.3,11.4,0.81,2.0,75.4,1.63,26.8,,,
DL-00125,가온솔루션,B2B서비스,엔지니어링,서울,1996,344,스페셜시츄에이션 1호,Special Situation,2018,배준영,회수완료(Exited),2022-03-09,594.2,96.7,206,48.2,23.4,85.0,636.3,13.2,3.09,2.9,,4.87,74.0,2025-01-17,2896.2,IPO
DL-00126,정밀솔루션,IT/소프트웨어,데이터/AI,인천,1995,1591,그로쓰 1호 PEF,Growth,2016,서지원,소싱(Sourcing),,,,564,221.1,39.2,1454.0,3250.0,14.7,5.76,,,,,,,
DL-00127,현우유통,소비재,화장품,경남,1989,1599,세컨더리 1호,Secondary,2023,최예린,소싱(Sourcing),,,,599,143.8,24.0,149.5,1667.6,11.6,2.78,,,,,,,
DL-00128,아이엠정밀,제조/소재,산업기계,울산,2021,229,스페셜시츄에이션 1호,Special Situation,2018,이서준,실사(DD),,,,77,12.8,16.6,11.3,161.1,12.6,2.09,,,,,,,
DL-00129,대한소프트,IT/소프트웨어,시스템통합,경기,2010,1538,그로쓰 2호 PEF,Growth,2019,강태호,투자완료(Active),2025-03-15,3366.4,95.3,1182,321.5,27.2,927.1,4115.3,12.8,3.48,1.2,7593.0,2.26,93.0,,,
DL-00130,삼정테크,IT/소프트웨어,시스템통합,대전,1994,1103,그로쓰 2호 PEF,Growth,2019,최예린,스크리닝(Screening),,,,693,60.3,8.7,47.4,307.5,5.1,0.44,,,,,,,
DL-00131,신성로지스틱스,물류/유통,3PL물류,서울,2011,850,세컨더리 1호,Secondary,2023,한승우,투자완료(Active),2025-03-08,716.9,26.8,497,161.5,32.5,13.6,2196.7,13.6,4.42,1.3,1193.2,1.66,50.0,,,
DL-00132,신성스튜디오,미디어/콘텐츠,광고/마케팅,경기,2012,586,세컨더리 1호,Secondary,2023,박민재,소싱(Sourcing),,,,246,79.7,32.4,323.6,685.5,8.6,2.79,,,,,,,
DL-00133,에스파이낸셜,금융서비스,자산관리,서울,2009,2392,그로쓰 1호 PEF,Growth,2016,윤지호,실사(DD),,,,813,135.8,16.7,770.2,1792.2,13.2,2.2,,,,,,,
DL-00134,코리아파마,바이오/헬스케어,체외진단,제주,2010,1493,바이아웃 1호 PEF,Buyout,2017,임수빈,실사(DD),,,,1120,328.2,29.3,935.5,3248.8,9.9,2.9,,,,,,,
DL-00135,광림게임즈,미디어/콘텐츠,엔터테인먼트,경기,1996,1328,바이아웃 1호 PEF,Buyout,2017,오세훈,보류/철회(Dropped),,,,753,289.2,38.4,983.2,2775.9,9.6,3.69,,,,,,,
DL-00136,광림커머스,물류/유통,3PL물류,대구,2001,1769,그로쓰 3호 PEF,Growth,2022,서지원,실사(DD),,,,954,311.0,32.6,878.1,1772.7,5.7,1.86,,,,,,,
DL-00137,가온엔터,미디어/콘텐츠,교육,충남,2019,2554,벤처그로쓰 1호,Venture,2020,남기훈,회수완료(Exited),2023-06-08,282.7,23.5,2191,192.8,8.8,480.6,1446.1,7.5,0.66,3.0,,1.01,0.4,2026-06-10,286.1,IPO
DL-00138,한라정밀,제조/소재,자동차부품,경기,2014,1154,바이아웃 1호 PEF,Buyout,2017,임수빈,투자심의(IC),,,,1121,252.2,22.5,26.0,2118.7,8.4,1.89,,,,,,,
DL-00139,미래미디어,미디어/콘텐츠,게임,경기,2018,560,벤처그로쓰 1호,Venture,2020,임수빈,투자완료(Active),2024-07-17,608.1,76.9,384,78.0,20.3,149.2,935.4,12.0,2.44,1.9,845.0,1.39,18.9,,,
DL-00140,누리제약,바이오/헬스케어,의료기기,인천,2014,173,벤처그로쓰 1호,Venture,2020,한승우,투자완료(Active),2023-06-11,208.2,90.6,201,23.1,11.5,56.9,263.5,11.4,1.31,3.0,311.0,1.49,14.3,,,
DL-00141,한라유통,소비재,화장품,충남,2019,386,그로쓰 2호 PEF,Growth,2019,오세훈,소싱(Sourcing),,,,197,41.4,21.0,135.6,314.4,7.6,1.6,,,,,,,
DL-00142,제이파워,에너지/환경,수처리,부산,1996,2294,벤처그로쓰 1호,Venture,2020,강태호,회수완료(Exited),2020-08-29,1380.8,39.1,2096,322.8,15.4,151.8,3582.9,11.1,1.71,3.6,,2.6,30.5,2024-04-01,3589.1,Recap/배당
DL-00143,정밀헬스케어,바이오/헬스케어,CRO/CDMO,서울,2003,146,그로쓰 3호 PEF,Growth,2022,한승우,스크리닝(Screening),,,,179,37.2,20.8,36.8,204.8,5.5,1.14,,,,,,,
DL-00144,가온파마,바이오/헬스케어,의료기기,대구,2013,556,스페셜시츄에이션 1호,Special Situation,2018,서지원,투자완료(Active),2024-01-12,133.9,43.1,396,24.2,6.1,44.5,304.4,12.6,0.77,2.4,256.0,1.91,30.9,,,
DL-00145,아이엠파이낸셜,금융서비스,여신전문,서울,1987,1853,벤처그로쓰 1호,Venture,2020,한승우,회수완료(Exited),2021-05-21,335.7,43.8,828,104.3,12.6,357.0,970.3,9.3,1.17,4.0,,0.82,-4.9,2025-05-28,273.8,재무적매각(Secondary)
DL-00146,제이미디어,미디어/콘텐츠,광고/마케팅,충남,2007,941,바이아웃 1호 PEF,Buyout,2017,배준영,소싱(Sourcing),,,,457,49.8,10.9,107.9,737.2,14.8,1.61,,,,,,,
DL-00147,중앙서비스,B2B서비스,인력아웃소싱,해외(싱가포르),2000,200,그로쓰 3호 PEF,Growth,2022,남기훈,회수완료(Exited),2023-07-05,203.9,70.2,180,24.7,13.7,64.9,330.4,13.4,1.84,1.9,,4.53,119.7,2025-06-05,923.6,IPO
DL-00148,유진스튜디오,미디어/콘텐츠,엔터테인먼트,경기,1990,1539,세컨더리 1호,Secondary,2023,강태호,투자완료(Active),2023-08-12,2151.5,97.5,779,219.7,28.2,59.8,1889.2,8.6,2.43,2.8,3356.2,1.56,17.0,,,
DL-00149,가온익스프레스,물류/유통,콜드체인,서울,1988,34,세컨더리 1호,Secondary,2023,배준영,실사(DD),,,,35,12.5,35.7,13.3,73.7,5.9,2.11,,,,,,,
DL-00150,정밀진단,바이오/헬스케어,제약,경기,1991,503,바이아웃 1호 PEF,Buyout,2017,윤지호,투자완료(Active),2021-09-26,157.1,75.5,194,55.9,28.8,99.1,284.9,5.1,1.47,4.7,200.8,1.28,5.4,,,
DL-00151,코리아시스템,IT/소프트웨어,SaaS,경남,1993,921,그로쓰 3호 PEF,Growth,2022,윤지호,투자완료(Active),2023-12-21,389.6,77.8,794,58.8,7.4,190.1,622.8,10.6,0.78,2.5,406.8,1.04,1.8,,,
DL-00152,동방파이낸셜,금융서비스,자산관리,서울,2007,2310,그로쓰 2호 PEF,Growth,2019,오세훈,투자완료(Active),2022-03-13,817.3,82.3,1145,113.4,9.9,37.2,884.2,7.8,0.77,4.2,2578.4,3.15,31.1,,,
DL-00153,누리익스프레스,물류/유통,이커머스,경기,2000,1180,스페셜시츄에이션 1호,Special Situation,2018,최예린,투자완료(Active),2022-01-19,706.2,94.7,400,90.0,22.5,259.1,981.0,10.9,2.45,4.4,1965.5,2.78,26.3,,,
DL-00154,대명파워,에너지/환경,폐기물처리,해외(미국),1985,407,그로쓰 2호 PEF,Growth,2019,김도현,투자완료(Active),2025-01-06,364.7,63.0,415,93.4,22.5,301.4,859.0,9.2,2.07,1.4,402.5,1.1,7.2,,,
DL-00155,유진솔루션,IT/소프트웨어,정보보안,광주,2012,103,바이아웃 1호 PEF,Buyout,2017,김도현,스크리닝(Screening),,,,87,6.0,6.9,23.1,70.2,11.7,0.81,,,,,,,
DL-00156,유진산업,제조/소재,산업기계,서울,2001,559,벤처그로쓰 1호,Venture,2020,한승우,투자완료(Active),2020-03-01,160.8,46.8,224,72.4,32.3,246.9,557.1,7.7,2.49,6.3,257.8,1.6,7.8,,,
DL-00157,에스랩스,IT/소프트웨어,데이터/AI,경기,2008,7023,세컨더리 1호,Secondary,2023,고은채,투자완료(Active),2023-01-13,1288.8,39.6,2612,235.1,9.0,3.7,2915.0,12.4,1.12,3.4,1839.0,1.43,11.0,,,
DL-00158,세진케미칼,제조/소재,철강금속,광주,2011,2365,스페셜시츄에이션 1호,Special Situation,2018,정우성,실사(DD),,,,1037,351.5,33.9,224.6,3761.5,10.7,3.63,,,,,,,
DL-00159,서연메탈,제조/소재,산업기계,해외(싱가포르),2003,1072,스페셜시츄에이션 1호,Special Situation,2018,이서준,회수완료(Exited),2021-05-29,391.4,79.2,744,59.5,8.0,105.4,571.4,9.6,0.77,3.6,,2.2,24.8,2024-12-20,862.3,전략적매각(M&A)
DL-00160,신성서비스,B2B서비스,시설관리,강원,1985,2667,그로쓰 1호 PEF,Growth,2016,정우성,투자완료(Active),2021-07-08,3265.2,96.9,2015,614.6,30.5,976.8,3687.4,6.0,1.83,4.9,3642.1,1.12,2.2,,,
DL-00161,현우메탈,제조/소재,산업기계,경기,1990,486,벤처그로쓰 1호,Venture,2020,임수빈,보류/철회(Dropped),,,,519,141.7,27.3,373.2,1261.0,8.9,2.43,,,,,,,
DL-00162,삼정메디컬,바이오/헬스케어,의료기기,경북,2005,571,스페셜시츄에이션 1호,Special Situation,2018,남기훈,회수완료(Exited),2019-09-29,28.2,28.5,274,20.8,7.6,56.8,145.8,7.0,0.53,3.3,,1.64,16.4,2023-01-01,46.2,전략적매각(M&A)
DL-00163,에스에셋,금융서비스,인슈어테크,경북,2004,2128,그로쓰 2호 PEF,Growth,2019,박민재,회수완료(Exited),2021-10-13,1634.3,97.5,2127,136.1,6.4,299.0,1824.1,13.4,0.86,1.8,,2.3,60.2,2023-07-22,3766.4,전략적매각(M&A)
DL-00164,보광테크,제조/소재,2차전지소재,인천,1993,2018,바이아웃 1호 PEF,Buyout,2017,이서준,투자완료(Active),2017-12-11,351.7,66.6,705,83.9,11.9,259.1,755.1,9.0,1.07,8.5,527.5,1.5,4.9,,,
DL-00165,대한파워,에너지/환경,신재생에너지,서울,2016,185,스페셜시츄에이션 1호,Special Situation,2018,고은채,투자완료(Active),2024-12-11,86.3,69.4,212,24.6,11.6,84.7,191.8,7.8,0.9,1.5,134.5,1.56,34.5,,,
DL-00166,동방에셋,금융서비스,여신전문,경기,2018,1088,스페셜시츄에이션 1호,Special Situation,2018,정우성,투자완료(Active),2021-11-10,765.3,93.0,432,79.5,18.4,230.7,961.8,12.1,2.23,4.6,1093.3,1.43,8.1,,,
DL-00167,한국이엔지,에너지/환경,폐기물처리,서울,1999,1678,세컨더리 1호,Secondary,2023,한승우,실사(DD),,,,561,188.5,33.6,74.8,2676.6,14.2,4.77,,,,,,,
DL-00168,글로벌코스메틱,소비재,리테일,서울,2007,950,벤처그로쓰 1호,Venture,2020,배준영,투자완료(Active),2021-09-24,167.5,34.0,505,58.6,11.6,384.8,872.8,14.9,1.73,4.7,122.3,0.73,-6.5,,,
DL-00169,디에이치산업,제조/소재,철강금속,경기,1996,5910,바이아웃 1호 PEF,Buyout,2017,배준영,소싱(Sourcing),,,,2029,651.3,32.1,3783.8,8792.7,13.5,4.33,,,,,,,
DL-00170,아이엠에너지,에너지/환경,수처리,경기,2012,1349,벤처그로쓰 1호,Venture,2020,박민재,보류/철회(Dropped),,,,533,207.3,38.9,1145.9,2467.3,11.9,4.63,,,,,,,
DL-00171,정밀리빙,소비재,화장품,광주,1985,8544,바이아웃 2호 PEF,Buyout,2021,박민재,스크리닝(Screening),,,,2987,1161.9,38.9,2365.7,8366.0,7.2,2.8,,,,,,,
DL-00172,한솔바이오,바이오/헬스케어,체외진단,서울,1990,2291,벤처그로쓰 1호,Venture,2020,박민재,투자완료(Active),2023-11-20,1251.1,25.4,1817,554.2,30.5,26.5,4655.2,8.4,2.56,2.6,1464.2,1.17,6.4,,,
DL-00173,디에이치헬스케어,바이오/헬스케어,디지털헬스,경기,2021,1231,스페셜시츄에이션 1호,Special Situation,2018,이서준,회수완료(Exited),2021-07-29,125.6,40.9,850,91.0,10.7,219.2,518.4,5.7,0.61,3.4,,1.27,7.4,2024-12-27,160.0,IPO
DL-00174,코리아매니지먼트,B2B서비스,인력아웃소싱,해외(싱가포르),1995,919,세컨더리 1호,Secondary,2023,남기훈,소싱(Sourcing),,,,541,37.3,6.9,150.9,309.8,8.3,0.57,,,,,,,
DL-00175,동성솔루션,B2B서비스,엔지니어링,서울,2020,1692,그로쓰 2호 PEF,Growth,2019,김도현,투자심의(IC),,,,750,132.0,17.6,180.8,1227.6,9.3,1.64,,,,,,,
DL-00176,미래파이낸셜,금융서비스,자산관리,서울,1992,493,바이아웃 2호 PEF,Buyout,2021,이서준,투자완료(Active),2022-01-14,329.0,49.7,247,54.6,22.1,28.9,633.2,11.6,2.56,4.4,487.8,1.48,9.4,,,
DL-00177,동방유통,물류/유통,3PL물류,충남,2020,380,스페셜시츄에이션 1호,Special Situation,2018,배준영,투자완료(Active),2024-06-03,302.9,90.5,133,31.0,23.3,156.5,455.5,14.7,3.43,2.0,638.2,2.11,44.7,,,
DL-00178,미래파트너스,B2B서비스,시설관리,서울,1993,864,그로쓰 3호 PEF,Growth,2022,정우성,회수완료(Exited),2022-05-18,272.9,27.0,575,194.4,33.8,375.9,1263.3,6.5,2.2,4.1,,1.59,12.1,2026-06-10,434.3,Recap/배당
DL-00179,아이엠메탈,제조/소재,철강금속,충남,2021,723,그로쓰 2호 PEF,Growth,2019,윤지호,스크리닝(Screening),,,,708,268.3,37.9,1072.0,3810.3,14.2,5.38,,,,,,,
DL-00180,현우커머스,물류/유통,콜드체인,서울,1987,289,세컨더리 1호,Secondary,2023,오세훈,투자완료(Active),2025-06-19,213.8,46.5,173,46.0,26.6,109.1,543.0,11.8,3.14,1.0,458.2,2.14,118.7,,,
DL-00181,보광로지스틱스,물류/유통,도소매유통,해외(싱가포르),2013,1332,바이아웃 1호 PEF,Buyout,2017,박민재,실사(DD),,,,752,229.4,30.5,112.6,2523.0,11.0,3.35,,,,,,,
DL-00182,대명콘텐츠,미디어/콘텐츠,교육,경남,1989,192,그로쓰 1호 PEF,Growth,2016,한승우,투자완료(Active),2018-02-28,154.7,90.0,223,21.6,9.7,128.4,292.0,13.5,1.31,8.3,149.8,0.97,-0.4,,,
DL-00183,글로벌F&B,소비재,패션/리빙,경기,2008,608,그로쓰 2호 PEF,Growth,2019,서지원,소싱(Sourcing),,,,391,150.9,38.6,403.6,1464.0,9.7,3.74,,,,,,,
DL-00184,삼정로지스틱스,물류/유통,3PL물류,경기,1998,1626,그로쓰 3호 PEF,Growth,2022,고은채,투자완료(Active),2022-01-19,2025.7,57.9,1927,553.0,28.7,871.9,4258.5,7.7,2.21,4.4,1958.0,0.97,-0.8,,,
DL-00185,케이커머스,물류/유통,콜드체인,경북,2004,4322,세컨더리 1호,Secondary,2023,최예린,스크리닝(Screening),,,,1915,361.9,18.9,555.4,2171.6,6.0,1.13,,,,,,,
DL-00186,삼정에너지,에너지/환경,전력/전기,경기,2002,280,벤처그로쓰 1호,Venture,2020,최예린,투자완료(Active),2025-01-16,90.1,24.5,113,40.9,36.2,24.5,327.2,8.0,2.9,1.4,201.8,2.24,78.2,,,
DL-00187,한솔에너지,에너지/환경,폐기물처리,대구,2010,808,바이아웃 2호 PEF,Buyout,2021,최예린,회수완료(Exited),2022-04-01,844.7,74.9,337,100.4,29.8,102.0,1074.6,10.7,3.19,4.2,,1.99,17.9,2026-05-31,1678.2,구주매출
DL-00188,미래헬스케어,바이오/헬스케어,체외진단,서울,1996,1507,바이아웃 2호 PEF,Buyout,2021,남기훈,회수완료(Exited),2023-02-01,332.4,40.8,548,70.1,12.8,202.0,961.0,13.7,1.75,3.4,,2.45,30.7,2026-06-10,815.3,구주매출
DL-00189,현우테크,IT/소프트웨어,데이터/AI,경기,1988,2189,스페셜시츄에이션 1호,Special Situation,2018,한승우,실사(DD),,,,792,314.4,39.7,1303.7,2641.2,8.4,3.33,,,,,,,
DL-00190,코리아캐피탈,금융서비스,자산관리,울산,1996,614,세컨더리 1호,Secondary,2023,강태호,투자완료(Active),2023-06-12,189.6,59.2,297,61.8,20.8,169.6,438.6,7.1,1.48,3.0,142.8,0.75,-9.0,,,
DL-00191,케이게임즈,미디어/콘텐츠,교육,경기,2008,1219,그로쓰 1호 PEF,Growth,2016,한승우,스크리닝(Screening),,,,940,52.6,5.6,96.5,263.2,5.0,0.28,,,,,,,
DL-00192,신성에너지,에너지/환경,전력/전기,경기,1987,715,바이아웃 2호 PEF,Buyout,2021,박민재,소싱(Sourcing),,,,260,79.3,30.5,147.3,872.3,11.0,3.35,,,,,,,
DL-00193,현우헬스케어,바이오/헬스케어,체외진단,경기,2010,147,바이아웃 1호 PEF,Buyout,2017,박민재,회수완료(Exited),2024-03-07,28.4,40.5,91,8.5,9.3,40.6,102.4,12.1,1.13,1.8,,2.07,50.8,2025-12-13,58.7,IPO
DL-00194,케이테크,제조/소재,자동차부품,경기,1998,1271,바이아웃 2호 PEF,Buyout,2021,임수빈,투자완료(Active),2024-05-25,921.9,76.1,912,141.4,15.5,543.2,1639.8,11.6,1.8,2.0,2531.3,2.75,64.0,,,
DL-00195,미래소프트,IT/소프트웨어,정보보안,경기,2018,3528,바이아웃 1호 PEF,Buyout,2017,배준영,실사(DD),,,,1259,243.0,19.3,439.5,1603.7,6.6,1.27,,,,,,,
DL-00196,서연파이낸셜,금융서비스,인슈어테크,서울,2016,1282,그로쓰 2호 PEF,Growth,2019,이서준,회수완료(Exited),2022-04-27,102.5,41.1,431,36.6,8.5,32.2,278.4,7.6,0.65,4.1,,0.85,-3.9,2026-06-10,86.9,재무적매각(Secondary)
DL-00197,미래엔터,미디어/콘텐츠,게임,서울,2006,707,그로쓰 3호 PEF,Growth,2022,서지원,투자완료(Active),2023-01-10,308.2,29.1,273,73.2,26.8,46.9,1009.7,13.8,3.7,3.4,403.1,1.31,8.2,,,
DL-00198,성안캐피탈,금융서비스,결제,서울,2011,3462,그로쓰 1호 PEF,Growth,2016,고은채,스크리닝(Screening),,,,1377,342.9,24.9,985.1,3223.0,9.4,2.34,,,,,,,
DL-00199,디에이치테크,제조/소재,산업기계,서울,2001,3875,스페셜시츄에이션 1호,Special Situation,2018,임수빈,소싱(Sourcing),,,,1335,413.9,31.0,565.4,5049.0,12.2,3.78,,,,,,,
DL-00200,케이환경,에너지/환경,신재생에너지,경기,2020,3531,스페셜시츄에이션 1호,Special Situation,2018,박민재,회수완료(Exited),2023-07-24,1014.9,89.6,1927,104.1,5.4,376.1,1488.0,14.3,0.77,2.9,,1.56,16.6,2026-06-10,1580.6,재무적매각(Secondary)
DL-00201,정밀정밀,제조/소재,철강금속,서울,1990,1120,세컨더리 1호,Secondary,2023,배준영,투자완료(Active),2024-02-27,176.2,22.9,1092,100.5,9.2,328.2,1004.6,10.0,0.92,2.3,509.3,2.89,59.2,,,
DL-00202,글로벌파이낸셜,금융서비스,인슈어테크,충북,2015,548,세컨더리 1호,Secondary,2023,강태호,투자완료(Active),2023-12-30,612.0,86.4,682,141.9,20.8,280.4,851.1,6.0,1.25,2.4,712.0,1.16,6.4,,,
DL-00203,광림정보기술,IT/소프트웨어,SaaS,광주,1997,510,스페셜시츄에이션 1호,Special Situation,2018,이서준,스크리닝(Screening),,,,298,96.3,32.3,63.3,1174.3,12.2,3.94,,,,,,,
DL-00204,에스정보기술,IT/소프트웨어,데이터/AI,부산,1988,1305,그로쓰 3호 PEF,Growth,2022,임수빈,소싱(Sourcing),,,,466,118.8,25.5,659.0,1687.4,14.2,3.62,,,,,,,
DL-00205,동성파마,바이오/헬스케어,의료기기,부산,2011,770,벤처그로쓰 1호,Venture,2020,한승우,회수완료(Exited),2022-04-25,2584.9,68.2,705,272.8,38.7,908.1,4010.7,14.7,5.69,4.1,,1.14,3.2,2026-06-10,2943.6,재무적매각(Secondary)
DL-00206,태광이엔지,B2B서비스,시설관리,부산,1993,2645,바이아웃 2호 PEF,Buyout,2021,서지원,실사(DD),,,,1680,492.2,29.3,232.9,4036.4,8.2,2.4,,,,,,,
DL-00207,삼정페이,금융서비스,결제,충남,1988,756,그로쓰 2호 PEF,Growth,2019,김도현,투자심의(IC),,,,560,175.3,31.3,165.8,1156.8,6.6,2.07,,,,,,,
DL-00208,태광메탈,제조/소재,정밀화학,서울,2020,1033,세컨더리 1호,Secondary,2023,이서준,투자완료(Active),2024-01-26,1044.7,51.0,457,148.5,32.5,277.7,1930.8,13.0,4.23,2.4,2634.8,2.52,47.7,,,
DL-00209,한국솔루션,B2B서비스,인력아웃소싱,서울,2008,1392,세컨더리 1호,Secondary,2023,고은채,스크리닝(Screening),,,,962,251.1,26.1,1549.5,3213.8,12.8,3.34,,,,,,,
DL-00210,우진제약,바이오/헬스케어,제약,광주,2002,1053,그로쓰 2호 PEF,Growth,2019,윤지호,소싱(Sourcing),,,,446,113.3,25.4,142.3,861.0,7.6,1.93,,,,,,,
DL-00211,신성메디컬,바이오/헬스케어,제약,부산,2020,138,바이아웃 2호 PEF,Buyout,2021,임수빈,투자완료(Active),2023-11-01,57.1,32.7,146,23.5,16.1,15.6,169.2,7.2,1.16,2.6,80.8,1.42,14.3,,,
DL-00212,코리아리빙,소비재,패션/리빙,서울,1985,216,세컨더리 1호,Secondary,2023,한승우,회수완료(Exited),2023-02-10,107.8,74.6,162,21.7,13.4,113.7,247.5,11.4,1.53,3.3,,2.48,31.4,2026-06-10,267.3,재무적매각(Secondary)
DL-00213,한국매니지먼트,B2B서비스,엔지니어링,충북,2013,396,벤처그로쓰 1호,Venture,2020,한승우,회수완료(Exited),2025-06-12,938.0,96.5,392,109.0,27.8,36.8,893.6,8.2,2.28,1.0,,2.17,117.9,2026-06-10,2034.4,전략적매각(M&A)
DL-00214,태광콘텐츠,미디어/콘텐츠,게임,충북,1989,581,스페셜시츄에이션 1호,Special Situation,2018,서지원,회수완료(Exited),2020-10-28,783.2,64.6,633,133.6,21.1,48.5,1108.6,8.3,1.75,2.8,,3.27,53.3,2023-08-07,2563.3,Recap/배당
DL-00215,정밀엔터,미디어/콘텐츠,교육,인천,1987,825,그로쓰 2호 PEF,Growth,2019,배준영,투자완료(Active),2019-12-21,409.6,42.5,564,211.5,37.5,507.6,1290.1,6.1,2.29,6.5,406.6,0.99,-0.1,,,
DL-00216,우진메탈,제조/소재,2차전지소재,서울,2019,460,스페셜시츄에이션 1호,Special Situation,2018,배준영,투자완료(Active),2025-04-07,116.2,49.9,170,26.2,15.4,175.6,363.9,13.9,2.14,1.2,198.0,1.7,57.4,,,
DL-00217,한국랩스,IT/소프트웨어,SaaS,부산,2007,799,그로쓰 2호 PEF,Growth,2019,최예린,스크리닝(Screening),,,,760,86.6,11.4,122.6,970.4,11.2,1.28,,,,,,,
DL-00218,에스케미칼,제조/소재,철강금속,인천,1991,173,바이아웃 2호 PEF,Buyout,2021,서지원,소싱(Sourcing),,,,132,50.6,38.3,145.9,434.8,8.6,3.29,,,,,,,
DL-00219,현우물류,물류/유통,3PL물류,경기,2004,672,세컨더리 1호,Secondary,2023,강태호,투자완료(Active),2023-11-17,406.8,39.7,574,142.4,24.8,893.9,1864.8,13.1,3.25,2.6,854.2,2.1,33.6,,,
DL-00220,동성이엔지,에너지/환경,폐기물처리,경남,2004,1031,세컨더리 1호,Secondary,2023,임수빈,실사(DD),,,,394,108.7,27.6,88.5,630.7,5.8,1.6,,,,,,,
DL-00221,한솔서비스,B2B서비스,시설관리,전북,2010,1359,그로쓰 1호 PEF,Growth,2016,고은채,투자완료(Active),2023-05-02,162.1,82.0,684,43.1,6.3,146.4,327.5,7.6,0.48,3.1,110.5,0.68,-11.6,,,
DL-00222,에스익스프레스,물류/유통,이커머스,경기,2000,1437,스페셜시츄에이션 1호,Special Situation,2018,강태호,투자완료(Active),2025-05-24,922.1,89.8,498,114.5,23.0,97.5,1088.1,9.5,2.19,1.0,1126.0,1.22,21.0,,,
DL-00223,동성코스메틱,소비재,식음료,경기,2014,1267,벤처그로쓰 1호,Venture,2020,윤지호,투자완료(Active),2023-03-31,1309.9,63.5,521,202.7,38.9,313.2,2290.2,11.3,4.4,3.2,2425.7,1.85,21.3,,,
DL-00224,한라솔루션,IT/소프트웨어,시스템통합,해외(싱가포르),2007,451,바이아웃 1호 PEF,Buyout,2017,한승우,투자심의(IC),,,,388,101.3,26.1,70.4,1012.7,10.0,2.61,,,,,,,
DL-00225,성안시스템,IT/소프트웨어,시스템통합,서울,1992,1143,그로쓰 3호 PEF,Growth,2022,박민재,투자심의(IC),,,,617,102.4,16.6,210.9,624.8,6.1,1.01,,,,,,,
DL-00226,한국제약,바이오/헬스케어,디지털헬스,서울,1987,1384,그로쓰 3호 PEF,Growth,2022,박민재,투자완료(Active),2025-02-28,805.7,71.0,818,88.3,10.8,324.1,1254.5,14.2,1.53,1.3,3032.5,3.76,182.0,,,
DL-00227,디에이치솔루션,IT/소프트웨어,핀테크,서울,1996,1256,스페셜시츄에이션 1호,Special Situation,2018,오세훈,스크리닝(Screening),,,,595,64.9,10.9,355.9,771.8,11.9,1.3,,,,,,,
DL-00228,신성소프트,IT/소프트웨어,핀테크,서울,1991,3202,스페셜시츄에이션 1호,Special Situation,2018,고은채,스크리닝(Screening),,,,1423,335.8,23.6,195.6,4197.8,12.5,2.95,,,,,,,
DL-00229,현우파트너스,B2B서비스,인력아웃소싱,인천,2018,174,벤처그로쓰 1호,Venture,2020,고은채,소싱(Sourcing),,,,68,14.9,21.9,33.1,189.1,12.7,2.78,,,,,,,
DL-00230,신성시스템,IT/소프트웨어,데이터/AI,경기,2019,359,바이아웃 1호 PEF,Buyout,2017,고은채,소싱(Sourcing),,,,339,101.0,29.8,376.6,1303.2,12.9,3.84,,,,,,,
DL-00231,성안정밀,제조/소재,2차전지소재,대전,1994,656,벤처그로쓰 1호,Venture,2020,윤지호,투자심의(IC),,,,306,43.1,14.1,126.7,448.7,10.4,1.47,,,,,,,
DL-00232,케이콘텐츠,미디어/콘텐츠,광고/마케팅,충남,2020,50,세컨더리 1호,Secondary,2023,박민재,투자심의(IC),,,,46,11.6,25.2,29.3,147.2,12.7,3.2,,,,,,,
DL-00233,우진소프트,IT/소프트웨어,핀테크,서울,2020,1811,스페셜시츄에이션 1호,Special Situation,2018,배준영,실사(DD),,,,705,47.9,6.8,135.7,426.7,8.9,0.61,,,,,,,
DL-00234,중앙파마,바이오/헬스케어,디지털헬스,경기,1990,1062,그로쓰 2호 PEF,Growth,2019,최예린,스크리닝(Screening),,,,743,279.4,37.6,824.9,2514.3,9.0,3.38,,,,,,,
DL-00235,에스산업,제조/소재,산업기계,서울,2017,333,바이아웃 2호 PEF,Buyout,2021,정우성,소싱(Sourcing),,,,416,45.3,10.9,29.3,244.9,5.4,0.59,,,,,,,
DL-00236,한라헬스케어,바이오/헬스케어,제약,경기,2018,2656,스페셜시츄에이션 1호,Special Situation,2018,윤지호,투자완료(Active),2021-02-06,1832.7,38.1,1698,516.2,30.4,1594.8,5471.6,10.6,3.22,5.3,2728.4,1.49,7.7,,,
DL-00237,우진테크,제조/소재,정밀화학,경기,1992,1452,그로쓰 2호 PEF,Growth,2019,한승우,실사(DD),,,,589,228.5,38.8,932.6,2422.4,10.6,4.11,,,,,,,
DL-00238,현우금융,금융서비스,결제,경남,2009,472,세컨더리 1호,Secondary,2023,이서준,스크리닝(Screening),,,,575,92.6,16.1,349.1,1351.6,14.6,2.35,,,,,,,
DL-00239,정밀유통,물류/유통,이커머스,서울,1998,1761,그로쓰 3호 PEF,Growth,2022,임수빈,실사(DD),,,,928,353.6,38.1,1898.2,4172.1,11.8,4.5,,,,,,,
DL-00240,한솔코스메틱,소비재,화장품,경남,2000,2624,바이아웃 1호 PEF,Buyout,2017,정우성,스크리닝(Screening),,,,904,292.0,32.3,71.0,1810.4,6.2,2.0,,,,,,,
DL-00241,대명금융,금융서비스,여신전문,해외(미국),2016,792,세컨더리 1호,Secondary,2023,강태호,투자완료(Active),2025-02-07,338.8,66.1,473,53.9,11.4,173.6,679.4,12.6,1.44,1.3,787.8,2.32,88.0,,,
DL-00242,누리솔루션,B2B서비스,인력아웃소싱,경기,2018,501,그로쓰 3호 PEF,Growth,2022,임수빈,보류/철회(Dropped),,,,331,17.9,5.4,36.9,126.9,7.1,0.38,,,,,,,
DL-00243,서연유통,물류/유통,이커머스,경기,2012,108,벤처그로쓰 1호,Venture,2020,강태호,스크리닝(Screening),,,,91,16.4,18.0,30.9,221.1,13.5,2.43,,,,,,,
DL-00244,동성제약,바이오/헬스케어,CRO/CDMO,충북,2012,657,바이아웃 2호 PEF,Buyout,2021,배준영,스크리닝(Screening),,,,800,264.0,33.0,774.2,3273.6,12.4,4.09,,,,,,,
DL-00245,신성콘텐츠,미디어/콘텐츠,교육,인천,2001,1305,벤처그로쓰 1호,Venture,2020,배준영,투자완료(Active),2022-09-02,980.7,87.1,504,95.3,18.9,34.0,1133.5,11.9,2.25,3.8,1929.6,1.97,19.7,,,
DL-00246,글로벌에너지,에너지/환경,전력/전기,경기,1997,857,벤처그로쓰 1호,Venture,2020,고은채,투자완료(Active),2022-11-11,1194.6,59.0,566,134.7,23.8,283.7,1993.7,14.8,3.52,3.6,2885.9,2.42,28.0,,,
DL-00247,성안물류,물류/유통,도소매유통,경남,2021,185,벤처그로쓰 1호,Venture,2020,윤지호,투자완료(Active),2023-12-25,22.0,41.4,83,6.5,7.8,8.5,54.4,8.4,0.66,2.5,26.1,1.18,7.0,,,
DL-00248,우진에너지,에너지/환경,수처리,서울,1990,176,바이아웃 1호 PEF,Buyout,2017,서지원,스크리닝(Screening),,,,192,15.9,8.3,54.3,229.5,14.4,1.2,,,,,,,
DL-00249,미래스튜디오,미디어/콘텐츠,게임,부산,2009,722,그로쓰 2호 PEF,Growth,2019,서지원,회수완료(Exited),2019-04-28,106.7,22.8,273,40.7,14.9,30.2,459.7,11.3,1.68,6.6,,1.48,6.1,2025-12-13,157.9,구주매출
DL-00250,신성익스프레스,물류/유통,도소매유통,서울,2021,396,세컨더리 1호,Secondary,2023,서지원,투자완료(Active),2023-04-02,467.0,55.3,305,72.3,23.7,245.5,1019.2,14.1,3.34,3.2,578.1,1.24,6.9,,,
DL-00251,광림정밀,제조/소재,철강금속,경기,2016,1976,세컨더리 1호,Secondary,2023,한승우,소싱(Sourcing),,,,1510,80.0,5.3,109.0,744.3,9.3,0.49,,,,,,,
DL-00252,글로벌정밀,제조/소재,철강금속,경기,2009,1978,스페셜시츄에이션 1호,Special Situation,2018,윤지호,스크리닝(Screening),,,,773,60.3,7.8,176.0,681.3,11.3,0.88,,,,,,,
DL-00253,성안익스프레스,물류/유통,콜드체인,충남,1996,403,스페셜시츄에이션 1호,Special Situation,2018,정우성,회수완료(Exited),2024-01-01,236.6,21.8,356,105.0,29.5,166.7,1039.7,9.9,2.92,2.4,,1.02,1.0,2026-06-10,242.4,IPO
DL-00254,신성식품,소비재,식음료,경기,2016,1980,벤처그로쓰 1호,Venture,2020,윤지호,실사(DD),,,,790,272.5,34.5,110.7,3952.0,14.5,5.0,,,,,,,
DL-00255,태광시스템,IT/소프트웨어,시스템통합,충북,2000,115,그로쓰 1호 PEF,Growth,2016,이서준,보류/철회(Dropped),,,,70,5.8,8.3,7.1,68.0,11.7,0.97,,,,,,,
DL-00256,우진로지스틱스,물류/유통,콜드체인,광주,2004,966,그로쓰 2호 PEF,Growth,2019,최예린,투자완료(Active),2022-02-04,517.2,66.8,827,74.4,9.0,136.5,841.1,11.3,1.02,4.3,971.1,1.88,15.6,,,
DL-00257,대명바이오,바이오/헬스케어,체외진단,서울,2006,533,세컨더리 1호,Secondary,2023,이서준,투자완료(Active),2023-08-27,511.4,45.3,495,136.6,27.6,648.8,1639.4,12.0,3.31,2.8,933.8,1.83,24.1,,,
DL-00258,한국페이,금융서비스,자산관리,경기,2016,1660,그로쓰 3호 PEF,Growth,2022,최예린,회수완료(Exited),2023-10-25,1190.2,78.6,832,199.7,24.0,560.1,1976.8,9.9,2.38,2.6,,3.31,57.7,2026-06-10,3937.0,전략적매각(M&A)
DL-00259,신성솔루션,IT/소프트웨어,시스템통합,서울,1985,1530,바이아웃 2호 PEF,Buyout,2021,한승우,투자심의(IC),,,,956,293.5,30.7,1255.0,4050.2,13.8,4.24,,,,,,,
DL-00260,한솔식품,소비재,패션/리빙,대구,2016,662,스페셜시츄에이션 1호,Special Situation,2018,정우성,투자완료(Active),2025-05-22,227.9,25.3,655,97.6,14.9,143.0,888.1,9.1,1.36,1.1,240.2,1.05,5.1,,,
DL-00261,아이엠정보기술,IT/소프트웨어,SaaS,경북,2001,370,세컨더리 1호,Secondary,2023,한승우,투자완료(Active),2025-06-30,132.2,86.6,165,49.7,30.1,116.6,253.3,5.1,1.54,0.9,240.7,1.82,88.6,,,
DL-00262,세진엔터,미디어/콘텐츠,엔터테인먼트,충북,1989,198,바이아웃 2호 PEF,Buyout,2021,한승우,소싱(Sourcing),,,,162,13.8,8.5,19.4,100.5,7.3,0.62,,,,,,,
DL-00263,가온F&B,소비재,화장품,광주,2012,941,벤처그로쓰 1호,Venture,2020,서지원,투자완료(Active),2023-05-13,417.9,55.4,820,92.7,11.3,140.7,833.9,9.0,1.02,3.1,541.1,1.29,8.8,,,
DL-00264,아이엠콘텐츠,미디어/콘텐츠,엔터테인먼트,서울,2013,120,바이아웃 2호 PEF,Buyout,2021,강태호,보류/철회(Dropped),,,,148,8.3,5.6,23.6,53.0,6.4,0.36,,,,,,,
DL-00265,보광리빙,소비재,화장품,서울,2021,174,바이아웃 2호 PEF,Buyout,2021,한승우,투자완료(Active),2022-09-08,24.2,27.4,133,13.0,9.8,33.0,113.4,8.7,0.85,3.8,79.7,3.29,37.3,,,
DL-00266,광림진단,바이오/헬스케어,디지털헬스,대전,1987,1463,그로쓰 2호 PEF,Growth,2019,오세훈,투자완료(Active),2023-11-14,160.7,53.3,935,72.0,7.7,155.4,403.2,5.6,0.43,2.6,349.9,2.18,35.3,,,
DL-00267,대한소재,제조/소재,2차전지소재,인천,2005,721,벤처그로쓰 1호,Venture,2020,한승우,투자완료(Active),2023-05-03,183.7,66.0,405,27.5,6.8,66.5,338.7,12.3,0.84,3.1,231.5,1.26,7.7,,,
DL-00268,코리아바이오,바이오/헬스케어,의료기기,경기,1990,378,그로쓰 1호 PEF,Growth,2016,한승우,투자심의(IC),,,,306,90.0,29.4,272.6,1133.5,12.6,3.7,,,,,,,
DL-00269,가온콘텐츠,미디어/콘텐츠,광고/마케팅,해외(싱가포르),2012,495,바이아웃 1호 PEF,Buyout,2017,정우성,소싱(Sourcing),,,,337,54.6,16.2,7.2,595.1,10.9,1.77,,,,,,,
DL-00270,제이환경,에너지/환경,수처리,경기,1994,168,바이아웃 1호 PEF,Buyout,2017,정우성,투자완료(Active),2022-11-14,37.0,80.0,135,7.8,5.8,15.0,55.6,7.1,0.41,3.6,86.8,2.35,27.0,,,
DL-00271,한라미디어,미디어/콘텐츠,게임,서울,2002,316,바이아웃 1호 PEF,Buyout,2017,배준영,투자완료(Active),2017-03-20,81.3,43.4,117,17.0,14.5,75.6,229.0,13.5,1.96,9.2,130.1,1.6,5.2,,,
DL-00272,보광그린텍,에너지/환경,수처리,인천,2014,1049,그로쓰 3호 PEF,Growth,2022,정우성,투자완료(Active),2022-11-18,108.4,21.5,559,35.8,6.4,77.5,508.0,14.2,0.91,3.6,147.5,1.36,9.0,,,
DL-00273,성안솔루션,B2B서비스,엔지니어링,경남,1999,1144,그로쓰 1호 PEF,Growth,2016,한승우,회수완료(Exited),2018-07-20,598.5,53.4,526,96.8,18.4,432.7,1413.0,14.6,2.69,3.9,,1.44,9.8,2022-06-09,859.6,전략적매각(M&A)
DL-00274,가온진단,바이오/헬스케어,CRO/CDMO,충남,2018,2500,그로쓰 3호 PEF,Growth,2022,최예린,투자완료(Active),2022-11-20,1988.1,45.4,1224,450.4,36.8,1877.0,5720.5,12.7,4.67,3.6,1102.1,0.55,-15.3,,,
DL-00275,케이소재,제조/소재,정밀화학,경기,1991,598,바이아웃 2호 PEF,Buyout,2021,박민재,투자완료(Active),2025-05-17,749.3,58.1,614,159.0,25.9,15.1,1160.9,7.3,1.89,1.1,1508.1,2.01,92.9,,,
DL-00276,보광파워,에너지/환경,폐기물처리,경기,1987,319,그로쓰 3호 PEF,Growth,2022,박민재,스크리닝(Screening),,,,110,13.3,12.1,8.2,93.2,7.0,0.85,,,,,,,
DL-00277,유진에셋,금융서비스,결제,경남,1987,2144,바이아웃 1호 PEF,Buyout,2017,윤지호,투자심의(IC),,,,1042,314.7,30.2,1315.1,2800.7,8.9,2.69,,,,,,,
DL-00278,누리서비스,B2B서비스,인력아웃소싱,경기,2010,527,그로쓰 1호 PEF,Growth,2016,정우성,투자완료(Active),2024-09-03,384.6,86.2,192,74.3,38.7,112.7,512.7,6.9,2.67,1.8,525.6,1.37,19.4,,,
DL-00279,현우정밀,제조/소재,철강금속,경기,1992,184,세컨더리 1호,Secondary,2023,이서준,투자완료(Active),2023-01-26,147.1,34.3,122,44.3,36.3,91.4,465.0,10.5,3.81,3.4,276.9,1.88,20.7,,,
DL-00280,한라에셋,금융서비스,여신전문,대전,1990,348,그로쓰 3호 PEF,Growth,2022,남기훈,투자완료(Active),2024-11-13,143.4,69.0,137,24.2,17.7,47.5,247.3,10.2,1.81,1.6,233.2,1.63,36.3,,,
DL-00281,아이엠진단,바이오/헬스케어,체외진단,경남,1988,356,그로쓰 3호 PEF,Growth,2022,고은채,스크리닝(Screening),,,,337,107.5,31.9,319.9,1021.3,9.5,3.03,,,,,,,
DL-00282,한국파마,바이오/헬스케어,의료기기,울산,2016,797,그로쓰 1호 PEF,Growth,2016,임수빈,투자완료(Active),2020-08-06,516.0,55.4,432,155.1,35.9,337.9,1147.7,7.4,2.66,5.8,537.1,1.04,0.7,,,
DL-00283,우진코스메틱,소비재,식음료,서울,1987,3403,벤처그로쓰 1호,Venture,2020,김도현,스크리닝(Screening),,,,1982,305.2,15.4,106.3,4334.2,14.2,2.19,,,,,,,
DL-00284,동성메디컬,바이오/헬스케어,의료기기,부산,2008,496,그로쓰 3호 PEF,Growth,2022,임수빈,투자완료(Active),2023-08-23,120.5,57.7,247,45.2,18.3,55.0,257.6,5.7,1.04,2.8,272.9,2.27,33.9,,,
DL-00285,미래콘텐츠,미디어/콘텐츠,광고/마케팅,광주,2003,545,그로쓰 2호 PEF,Growth,2019,임수빈,투자완료(Active),2025-04-23,142.1,59.7,192,27.1,14.1,91.1,292.4,10.8,1.52,1.1,221.0,1.56,47.8,,,
DL-00286,태광식품,소비재,패션/리빙,서울,1998,411,세컨더리 1호,Secondary,2023,서지원,투자완료(Active),2023-10-16,379.2,40.4,331,81.4,24.6,5.2,928.3,11.4,2.8,2.7,438.6,1.16,5.6,,,
DL-00287,동성소재,제조/소재,자동차부품,경기,2006,687,그로쓰 1호 PEF,Growth,2016,고은채,스크리닝(Screening),,,,379,23.5,6.2,11.7,150.4,6.4,0.4,,,,,,,
DL-00288,에스파트너스,B2B서비스,엔지니어링,전남,2021,1714,그로쓰 1호 PEF,Growth,2016,고은채,투자완료(Active),2024-12-03,446.5,48.3,670,159.5,23.8,388.0,1132.2,7.1,1.69,1.5,1211.0,2.71,93.0,,,
DL-00289,보광스튜디오,미디어/콘텐츠,광고/마케팅,대전,2011,204,벤처그로쓰 1호,Venture,2020,남기훈,소싱(Sourcing),,,,126,19.7,15.6,17.7,202.5,10.3,1.61,,,,,,,
DL-00290,중앙산업,제조/소재,산업기계,경기,2017,273,그로쓰 1호 PEF,Growth,2016,배준영,투자완료(Active),2024-08-17,493.4,89.7,180,39.4,21.9,83.8,540.1,13.7,3.0,1.8,702.0,1.42,21.5,,,
DL-00291,동성매니지먼트,B2B서비스,인력아웃소싱,경남,1991,1223,벤처그로쓰 1호,Venture,2020,임수빈,회수완료(Exited),2021-10-19,247.7,36.0,443,70.4,15.9,118.7,760.7,10.8,1.72,4.5,,1.49,9.3,2026-04-13,369.6,IPO
DL-00292,우진유통,물류/유통,이커머스,서울,2020,278,그로쓰 2호 PEF,Growth,2019,정우성,투자완료(Active),2022-10-19,378.6,63.2,291,86.4,29.7,82.5,674.1,7.8,2.32,3.6,360.0,0.95,-1.4,,,
DL-00293,유진랩스,IT/소프트웨어,데이터/AI,전북,2006,5476,세컨더리 1호,Secondary,2023,오세훈,실사(DD),,,,2224,633.8,28.5,3178.4,6528.6,10.3,2.94,,,,,,,
DL-00294,동방페이,금융서비스,자산관리,서울,2014,271,바이아웃 2호 PEF,Buyout,2021,서지원,투자완료(Active),2022-01-11,183.7,76.0,170,17.0,10.0,30.7,238.0,14.0,1.4,4.4,278.8,1.52,9.9,,,
DL-00295,글로벌페이,금융서비스,여신전문,경기,2021,319,그로쓰 3호 PEF,Growth,2022,최예린,투자완료(Active),2025-06-25,206.8,39.5,187,61.1,32.7,126.2,629.8,10.3,3.37,1.0,320.2,1.55,57.8,,,
DL-00296,세진F&B,소비재,리테일,인천,1996,1114,벤처그로쓰 1호,Venture,2020,한승우,투자완료(Active),2022-08-06,760.3,46.0,530,199.3,37.6,518.8,2132.3,10.7,4.02,3.8,1129.4,1.49,10.8,,,
DL-00297,동성콘텐츠,미디어/콘텐츠,게임,울산,1988,260,스페셜시츄에이션 1호,Special Situation,2018,강태호,투자완료(Active),2021-07-20,167.0,44.0,212,50.0,23.6,128.7,445.3,8.9,2.1,4.9,303.1,1.82,13.0,,,
DL-00298,보광이엔지,B2B서비스,MRO,경북,1988,548,그로쓰 1호 PEF,Growth,2016,강태호,회수완료(Exited),2018-05-15,661.0,73.0,312,83.9,26.9,206.2,1015.5,12.1,3.25,2.6,,2.52,43.6,2020-12-02,1663.7,재무적매각(Secondary)
DL-00299,삼정미디어,미디어/콘텐츠,광고/마케팅,서울,2016,489,그로쓰 2호 PEF,Growth,2019,서지원,소싱(Sourcing),,,,210,69.7,33.2,423.6,948.2,13.6,4.52,,,,,,,
DL-00300,에스콘텐츠,미디어/콘텐츠,광고/마케팅,경기,1996,499,세컨더리 1호,Secondary,2023,윤지호,실사(DD),,,,359,80.4,22.4,352.2,989.1,12.3,2.76,,,,,,,
DL-00301,대한서비스,B2B서비스,엔지니어링,인천,1990,94,벤처그로쓰 1호,Venture,2020,이서준,투자완료(Active),2020-06-09,132.1,61.9,52,20.5,39.4,118.1,303.2,14.8,5.83,6.0,129.0,0.98,-0.4,,,
DL-00302,세진랩스,IT/소프트웨어,시스템통합,경기,1985,1066,그로쓰 1호 PEF,Growth,2016,강태호,투자완료(Active),2024-12-13,345.5,43.6,366,78.3,21.4,202.8,963.4,12.3,2.63,1.5,755.7,2.19,69.1,,,
DL-00303,대한커머스,물류/유통,콜드체인,인천,1986,307,그로쓰 1호 PEF,Growth,2016,서지원,보류/철회(Dropped),,,,282,64.0,22.7,120.1,864.2,13.5,3.06,,,,,,,
DL-00304,보광유통,물류/유통,콜드체인,서울,1994,713,그로쓰 2호 PEF,Growth,2019,오세훈,스크리닝(Screening),,,,596,66.2,11.1,100.0,846.8,12.8,1.42,,,,,,,
DL-00305,코리아서비스,B2B서비스,인력아웃소싱,해외(베트남),2011,1686,그로쓰 3호 PEF,Growth,2022,고은채,투자완료(Active),2023-12-08,376.2,24.3,698,142.4,20.4,171.1,1623.3,11.4,2.33,2.5,562.8,1.5,17.4,,,
DL-00306,정밀페이,금융서비스,자산관리,경기,1985,235,그로쓰 3호 PEF,Growth,2022,한승우,회수완료(Exited),2022-07-19,97.3,93.4,81,14.9,18.4,32.4,122.2,8.2,1.51,3.9,,3.79,40.8,2026-06-10,368.5,재무적매각(Secondary)
DL-00307,한라그린텍,에너지/환경,전력/전기,경기,1997,363,바이아웃 1호 PEF,Buyout,2017,남기훈,투자완료(Active),2017-10-06,306.3,21.0,444,176.7,39.8,7.6,1431.4,8.1,3.22,8.7,294.1,0.96,-0.5,,,
DL-00308,한라코스메틱,소비재,패션/리빙,서울,1998,1615,그로쓰 2호 PEF,Growth,2019,김도현,회수완료(Exited),2025-05-07,759.0,84.3,581,203.3,35.0,420.5,1281.1,6.3,2.21,1.1,,2.35,118.2,2026-06-10,1780.0,Recap/배당
DL-00309,중앙시스템,IT/소프트웨어,데이터/AI,울산,1989,724,벤처그로쓰 1호,Venture,2020,최예린,스크리닝(Screening),,,,280,52.1,18.6,100.9,781.2,15.0,2.79,,,,,,,
DL-00310,동방헬스케어,바이오/헬스케어,디지털헬스,해외(싱가포르),2016,191,바이아웃 1호 PEF,Buyout,2017,오세훈,투자심의(IC),,,,108,21.7,20.1,12.8,241.0,11.1,2.23,,,,,,,
DL-00311,대한로지스틱스,물류/유통,3PL물류,서울,2016,208,바이아웃 2호 PEF,Buyout,2021,배준영,투자완료(Active),2023-03-13,251.3,66.0,89,33.6,37.7,51.9,389.2,11.6,4.37,3.2,713.0,2.84,37.9,,,
DL-00312,보광엔터,미디어/콘텐츠,교육,인천,2015,105,그로쓰 1호 PEF,Growth,2016,윤지호,보류/철회(Dropped),,,,115,45.7,39.7,57.4,378.9,8.3,3.3,,,,,,,
DL-00313,가온시스템,IT/소프트웨어,정보보안,서울,1997,513,세컨더리 1호,Secondary,2023,배준영,투자완료(Active),2023-03-28,917.0,90.8,323,95.0,29.4,419.2,1329.5,14.0,4.12,3.2,1072.3,1.17,5.0,,,
DL-00314,디에이치매니지먼트,B2B서비스,엔지니어링,해외(베트남),1988,319,세컨더리 1호,Secondary,2023,김도현,소싱(Sourcing),,,,164,31.5,19.2,73.1,223.6,7.1,1.36,,,,,,,
DL-00315,한솔매니지먼트,B2B서비스,시설관리,서울,2016,687,그로쓰 2호 PEF,Growth,2019,김도현,투자완료(Active),2020-12-06,724.9,70.6,632,234.5,37.1,452.2,1289.6,5.5,2.04,5.5,1450.8,2.0,13.4,,,
DL-00316,동방바이오,바이오/헬스케어,CRO/CDMO,서울,2012,200,바이아웃 1호 PEF,Buyout,2017,이서준,회수완료(Exited),2023-02-14,84.9,31.0,87,26.8,30.8,14.6,241.2,9.0,2.77,3.3,,0.93,-2.1,2026-06-10,79.2,전략적매각(M&A)
DL-00317,에스환경,에너지/환경,폐기물처리,전남,2009,1086,그로쓰 1호 PEF,Growth,2016,박민재,소싱(Sourcing),,,,395,44.6,11.3,85.8,263.3,5.9,0.67,,,,,,,
DL-00318,태광미디어,미디어/콘텐츠,교육,부산,1996,1050,세컨더리 1호,Secondary,2023,윤지호,스크리닝(Screening),,,,482,54.5,11.3,258.8,544.7,10.0,1.13,,,,,,,
DL-00319,가온물류,물류/유통,콜드체인,서울,2019,431,그로쓰 2호 PEF,Growth,2019,오세훈,투자심의(IC),,,,412,110.8,26.9,20.9,786.9,7.1,1.91,,,,,,,
DL-00320,디에이치제약,바이오/헬스케어,디지털헬스,서울,2003,228,그로쓰 1호 PEF,Growth,2016,김도현,투자완료(Active),2016-08-02,623.0,94.0,222,59.1,26.6,186.0,820.8,13.9,3.7,9.9,1429.4,2.29,8.8,,,
DL-00321,아이엠랩스,IT/소프트웨어,SaaS,경기,2005,313,바이아웃 1호 PEF,Buyout,2017,남기훈,투자완료(Active),2019-06-23,57.4,25.9,253,32.9,13.0,50.2,243.4,7.4,0.96,7.0,52.3,0.91,-1.3,,,
DL-00322,우진F&B,소비재,리테일,경기,2007,112,세컨더리 1호,Secondary,2023,남기훈,스크리닝(Screening),,,,62,4.4,7.1,12.0,28.2,6.4,0.45,,,,,,,
DL-00323,서연메디컬,바이오/헬스케어,체외진단,부산,1999,72,그로쓰 3호 PEF,Growth,2022,오세훈,보류/철회(Dropped),,,,30,7.7,25.7,14.4,103.3,13.4,3.44,,,,,,,
DL-00324,코리아F&B,소비재,화장품,인천,2011,848,그로쓰 3호 PEF,Growth,2022,오세훈,회수완료(Exited),2022-07-20,96.0,56.2,332,20.6,6.2,50.8,212.0,10.3,0.64,3.9,,3.62,39.2,2026-06-10,347.8,Recap/배당
DL-00325,글로벌리빙,소비재,화장품,서울,2004,280,그로쓰 2호 PEF,Growth,2019,김도현,투자완료(Active),2020-07-21,210.7,89.9,154,38.5,25.0,203.0,415.8,10.8,2.7,5.9,453.2,2.15,13.9,,,
DL-00326,보광파이낸셜,금융서비스,여신전문,경기,2012,3390,벤처그로쓰 1호,Venture,2020,한승우,소싱(Sourcing),,,,1470,388.1,26.4,434.1,4191.3,10.8,2.85,,,,,,,
DL-00327,누리이엔지,에너지/환경,신재생에너지,경남,1987,392,그로쓰 2호 PEF,Growth,2019,윤지호,투자심의(IC),,,,314,77.2,24.6,156.2,440.3,5.7,1.4,,,,,,,
DL-00328,가온에너지,에너지/환경,폐기물처리,대구,1999,48,바이아웃 1호 PEF,Buyout,2017,배준영,투자완료(Active),2022-01-28,40.4,58.9,30,6.8,22.6,1.7,62.4,9.2,2.08,4.4,82.4,2.04,17.7,,,
DL-00329,세진로지스틱스,물류/유통,도소매유통,서울,1996,340,세컨더리 1호,Secondary,2023,이서준,소싱(Sourcing),,,,175,51.4,29.4,225.1,514.5,10.0,2.94,,,,,,,
DL-00330,가온정밀,제조/소재,정밀화학,경기,1986,634,스페셜시츄에이션 1호,Special Situation,2018,임수빈,투자완료(Active),2022-08-14,301.0,66.3,286,101.5,35.5,351.1,741.2,7.3,2.59,3.8,692.4,2.3,24.4,,,
DL-00331,에스솔루션,B2B서비스,MRO,인천,1999,317,바이아웃 2호 PEF,Buyout,2021,박민재,투자완료(Active),2021-12-07,183.8,69.5,176,56.1,31.9,54.5,308.8,5.5,1.75,4.5,297.0,1.62,11.2,,,
DL-00332,한라메디컬,바이오/헬스케어,의료기기,서울,2007,129,그로쓰 1호 PEF,Growth,2016,서지원,실사(DD),,,,151,59.0,39.1,36.9,608.1,10.3,4.03,,,,,,,
DL-00333,신성파이낸셜,금융서비스,자산관리,해외(싱가포르),2015,1527,벤처그로쓰 1호,Venture,2020,서지원,투자완료(Active),2022-09-07,4997.3,92.0,1459,445.0,30.5,1070.1,6318.9,14.2,4.33,3.8,8243.6,1.65,14.3,,,
DL-00334,에스스튜디오,미디어/콘텐츠,광고/마케팅,서울,2018,551,그로쓰 1호 PEF,Growth,2016,오세훈,투자완료(Active),2019-07-25,432.8,68.3,449,128.0,28.5,193.2,755.0,5.9,1.68,6.9,529.9,1.22,3.0,,,
DL-00335,정밀스튜디오,미디어/콘텐츠,엔터테인먼트,서울,2013,1955,벤처그로쓰 1호,Venture,2020,강태호,실사(DD),,,,760,301.7,39.7,566.1,3922.4,13.0,5.16,,,,,,,
DL-00336,신성미디어,미디어/콘텐츠,교육,경기,2009,326,벤처그로쓰 1호,Venture,2020,이서준,회수완료(Exited),2024-03-26,328.3,93.2,138,51.1,37.0,129.1,464.6,9.1,3.37,2.2,,1.56,22.4,2026-06-10,512.5,IPO
DL-00337,디에이치익스프레스,물류/유통,콜드체인,광주,1994,2019,바이아웃 1호 PEF,Buyout,2017,김도현,투자완료(Active),2024-09-18,2374.7,71.6,1073,299.4,27.9,867.9,4161.2,13.9,3.88,1.7,5329.3,2.24,59.8,,,
DL-00338,아이엠솔루션,IT/소프트웨어,시스템통합,인천,1992,217,바이아웃 2호 PEF,Buyout,2021,서지원,투자완료(Active),2023-08-03,54.7,90.3,194,10.9,5.6,24.0,82.6,7.6,0.43,2.9,62.4,1.14,4.7,,,
DL-00339,대한스튜디오,미디어/콘텐츠,엔터테인먼트,서울,1996,2970,그로쓰 2호 PEF,Growth,2019,한승우,스크리닝(Screening),,,,1117,120.6,10.8,156.4,989.2,8.2,0.89,,,,,,,
DL-00340,동성유통,물류/유통,콜드체인,서울,1993,432,벤처그로쓰 1호,Venture,2020,고은채,스크리닝(Screening),,,,422,92.8,22.0,355.1,779.9,8.4,1.85,,,,,,,
DL-00341,서연제약,바이오/헬스케어,CRO/CDMO,충남,1989,383,그로쓰 2호 PEF,Growth,2019,윤지호,투자완료(Active),2024-11-12,165.3,81.1,129,37.7,29.2,53.3,241.1,6.4,1.87,1.6,342.3,2.07,58.8,,,
DL-00342,삼정제약,바이오/헬스케어,의료기기,서울,1992,934,그로쓰 2호 PEF,Growth,2019,윤지호,투자완료(Active),2020-01-31,279.3,82.6,412,37.9,9.2,9.4,284.3,7.5,0.69,6.4,313.7,1.12,1.8,,,
DL-00343,보광정보기술,IT/소프트웨어,핀테크,제주,2017,3066,벤처그로쓰 1호,Venture,2020,강태호,스크리닝(Screening),,,,1237,280.8,22.7,655.9,1600.6,5.7,1.29,,,,,,,
DL-00344,유진이엔지,B2B서비스,시설관리,해외(베트남),1991,1173,그로쓰 3호 PEF,Growth,2022,배준영,투자완료(Active),2023-12-28,1660.7,98.5,1133,333.1,29.4,774.0,2298.4,6.9,2.03,2.5,2647.9,1.59,21.0,,,
DL-00345,누리환경,에너지/환경,신재생에너지,경기,1987,261,벤처그로쓰 1호,Venture,2020,남기훈,실사(DD),,,,113,20.9,18.5,73.9,200.7,9.6,1.78,,,,,,,
DL-00346,태광파이낸셜,금융서비스,자산관리,전북,1985,228,세컨더리 1호,Secondary,2023,서지원,투자심의(IC),,,,136,38.1,28.0,16.1,224.7,5.9,1.65,,,,,,,
DL-00347,동방시스템,IT/소프트웨어,핀테크,해외(싱가포르),2010,1656,벤처그로쓰 1호,Venture,2020,정우성,투자완료(Active),2023-08-11,1900.1,95.5,653,195.9,30.0,288.8,2115.7,10.8,3.24,2.8,1912.1,1.01,0.2,,,
DL-00348,서연정보기술,IT/소프트웨어,정보보안,제주,1989,589,그로쓰 1호 PEF,Growth,2016,이서준,투자완료(Active),2022-12-27,118.0,27.7,402,45.4,11.3,81.7,499.7,11.0,1.24,3.5,389.0,3.3,41.3,,,
DL-00349,디에이치금융,금융서비스,자산관리,서울,2019,164,벤처그로쓰 1호,Venture,2020,배준영,회수완료(Exited),2023-09-12,424.7,88.8,138,48.2,34.9,8.1,452.7,9.4,3.28,2.7,,1.21,7.4,2026-06-10,515.9,재무적매각(Secondary)
DL-00350,대명엔터,미디어/콘텐츠,교육,인천,2019,942,세컨더리 1호,Secondary,2023,서지원,투자완료(Active),2024-01-22,1068.4,69.4,499,174.2,34.9,344.2,1758.9,10.1,3.52,2.4,2714.6,2.54,47.9,,,
DL-00351,대한정밀,제조/소재,철강금속,경북,1986,2052,벤처그로쓰 1호,Venture,2020,배준영,투자완료(Active),2020-04-25,798.9,72.9,1203,220.1,18.3,1015.4,2047.4,9.3,1.7,6.1,1607.7,2.01,12.1,,,
DL-00352,미래시스템,IT/소프트웨어,정보보안,서울,2012,3476,벤처그로쓰 1호,Venture,2020,김도현,투자완료(Active),2022-02-12,1005.7,65.6,1171,167.5,14.3,590.8,2009.4,12.0,1.72,4.3,919.5,0.91,-2.0,,,
DL-00353,디에이치푸드,소비재,패션/리빙,충북,2008,480,벤처그로쓰 1호,Venture,2020,박민재,투자완료(Active),2025-05-15,72.2,27.4,221,34.0,15.4,146.5,364.2,10.7,1.65,1.1,74.5,1.03,2.9,,,
DL-00354,세진소프트,IT/소프트웨어,시스템통합,대구,2012,1327,바이아웃 2호 PEF,Buyout,2021,한승우,회수완료(Exited),2024-01-27,218.7,34.4,583,113.7,19.5,219.7,852.6,7.5,1.46,2.4,,1.95,32.4,2026-06-10,425.5,Recap/배당
DL-00355,가온푸드,소비재,리테일,경북,1988,622,스페셜시츄에이션 1호,Special Situation,2018,오세훈,투자완료(Active),2022-11-19,119.1,52.8,426,43.5,10.2,96.8,282.4,6.5,0.66,3.6,403.7,3.39,40.9,,,
DL-00356,광림스튜디오,미디어/콘텐츠,엔터테인먼트,대구,2010,468,바이아웃 2호 PEF,Buyout,2021,서지원,투자완료(Active),2023-06-13,109.1,53.8,251,15.1,6.0,30.4,195.8,13.0,0.78,3.0,129.2,1.18,5.8,,,
DL-00357,세진소재,제조/소재,정밀화학,대구,2016,2731,그로쓰 3호 PEF,Growth,2022,서지원,회수완료(Exited),2022-07-04,278.2,51.8,985,151.7,15.4,405.7,849.5,5.6,0.86,3.9,,2.12,21.0,2026-06-10,588.3,구주매출
DL-00358,현우로지스틱스,물류/유통,도소매유통,서울,2006,3637,그로쓰 2호 PEF,Growth,2019,배준영,회수완료(Exited),2020-03-13,2631.6,34.0,2843,943.9,33.2,5474.6,11704.1,12.4,4.12,4.0,,1.14,3.4,2024-02-28,3009.2,IPO
DL-00359,유진파이낸셜,금융서비스,인슈어테크,경기,2002,409,스페셜시츄에이션 1호,Special Situation,2018,임수빈,투자완료(Active),2025-06-05,147.8,83.9,192,64.7,33.7,162.6,336.5,5.2,1.75,1.0,176.0,1.19,18.8,,,
DL-00360,가온환경,에너지/환경,신재생에너지,경북,2010,1061,스페셜시츄에이션 1호,Special Situation,2018,김도현,회수완료(Exited),2025-03-24,678.8,52.5,709,248.9,35.1,360.4,1642.5,6.6,2.32,1.2,,1.87,67.5,2026-06-10,1268.9,재무적매각(Secondary)
DL-00361,광림미디어,미디어/콘텐츠,게임,대전,2020,1727,그로쓰 2호 PEF,Growth,2019,강태호,투자완료(Active),2020-07-11,37.6,20.2,790,47.4,6.0,83.6,260.7,5.5,0.33,5.9,43.0,1.15,2.3,,,
DL-00362,서연랩스,IT/소프트웨어,핀테크,대전,2011,1812,그로쓰 3호 PEF,Growth,2022,고은채,투자완료(Active),2023-11-02,1617.6,84.0,784,170.1,21.7,275.0,2109.6,12.4,2.69,2.6,2361.4,1.46,15.6,,,
DL-00363,한국엔터,미디어/콘텐츠,광고/마케팅,전남,1997,38,바이아웃 1호 PEF,Buyout,2017,이서준,보류/철회(Dropped),,,,34,2.3,6.7,7.7,25.5,11.2,0.75,,,,,,,
DL-00364,한국그린텍,에너지/환경,폐기물처리,경기,1992,578,세컨더리 1호,Secondary,2023,고은채,투자완료(Active),2024-01-27,378.5,30.4,237,90.3,38.1,157.4,1182.9,13.1,4.99,2.4,374.2,0.99,-0.5,,,
DL-00365,케이미디어,미디어/콘텐츠,광고/마케팅,서울,2000,321,바이아웃 2호 PEF,Buyout,2021,정우성,투자완료(Active),2024-11-20,116.1,51.8,213,44.7,21.0,15.2,228.1,5.1,1.07,1.6,158.6,1.37,22.2,,,
DL-00366,미래익스프레스,물류/유통,3PL물류,서울,2007,433,벤처그로쓰 1호,Venture,2020,정우성,투자완료(Active),2023-02-19,40.7,23.3,148,23.1,15.6,38.1,205.5,8.9,1.39,3.3,40.9,1.0,0.1,,,
DL-00367,코리아그린텍,에너지/환경,수처리,경기,1993,1072,바이아웃 2호 PEF,Buyout,2021,이서준,실사(DD),,,,385,57.0,14.8,105.4,490.0,8.6,1.27,,,,,,,
DL-00368,누리유통,물류/유통,콜드체인,경기,2016,597,그로쓰 3호 PEF,Growth,2022,강태호,투자완료(Active),2022-11-01,404.7,24.4,652,227.5,34.9,1053.5,2639.6,11.6,4.05,3.6,619.4,1.53,12.5,,,
DL-00369,미래페이,금융서비스,결제,서울,2014,1018,벤처그로쓰 1호,Venture,2020,남기훈,투자완료(Active),2021-01-04,808.5,86.8,376,132.7,35.3,38.5,822.9,6.2,2.19,5.4,2104.9,2.6,19.3,,,
DL-00370,누리푸드,소비재,식음료,서울,1991,2559,그로쓰 2호 PEF,Growth,2019,정우성,투자완료(Active),2020-09-21,258.9,22.3,969,182.2,18.8,944.4,1985.7,10.9,2.05,5.7,534.1,2.06,13.5,,,
DL-00371,에스유통,물류/유통,3PL물류,제주,2003,506,그로쓰 3호 PEF,Growth,2022,정우성,회수완료(Exited),2022-12-31,124.3,39.2,302,22.6,7.5,62.6,328.4,14.5,1.09,3.4,,0.98,-0.6,2026-06-10,121.7,전략적매각(M&A)
DL-00372,현우정보기술,IT/소프트웨어,정보보안,부산,2008,725,벤처그로쓰 1호,Venture,2020,서지원,소싱(Sourcing),,,,419,150.8,36.0,416.2,1478.2,9.8,3.53,,,,,,,
DL-00373,동방엔터,미디어/콘텐츠,엔터테인먼트,경기,1994,1604,세컨더리 1호,Secondary,2023,서지원,스크리닝(Screening),,,,1647,456.2,27.7,619.5,2646.1,5.8,1.61,,,,,,,
DL-00374,신성캐피탈,금융서비스,인슈어테크,대전,2012,503,바이아웃 2호 PEF,Buyout,2021,고은채,스크리닝(Screening),,,,290,22.3,7.7,6.6,122.8,5.5,0.42,,,,,,,
DL-00375,동성정보기술,IT/소프트웨어,데이터/AI,인천,1990,1381,바이아웃 2호 PEF,Buyout,2021,강태호,스크리닝(Screening),,,,805,261.6,32.5,79.3,3505.8,13.4,4.36,,,,,,,
DL-00376,아이엠커머스,물류/유통,콜드체인,울산,2006,230,세컨더리 1호,Secondary,2023,오세훈,회수완료(Exited),2024-07-01,101.2,21.4,223,69.4,31.1,332.5,762.9,11.0,3.42,1.6,,1.18,11.1,2026-01-26,119.4,Recap/배당
DL-00377,제이금융,금융서비스,인슈어테크,경기,1993,172,스페셜시츄에이션 1호,Special Situation,2018,배준영,실사(DD),,,,201,67.5,33.6,76.3,810.4,12.0,4.03,,,,,,,
DL-00378,케이금융,금융서비스,자산관리,서울,2015,657,바이아웃 2호 PEF,Buyout,2021,배준영,투자완료(Active),2021-02-10,1264.1,88.8,352,128.8,36.6,355.7,1597.5,12.4,4.54,5.3,1231.7,0.97,-0.5,,,
DL-00379,미래게임즈,미디어/콘텐츠,게임,해외(싱가포르),2020,793,세컨더리 1호,Secondary,2023,남기훈,투자완료(Active),2023-08-26,612.9,77.1,293,89.1,30.4,580.4,1282.6,14.4,4.38,2.8,888.9,1.45,14.3,,,
DL-00380,케이솔루션,IT/소프트웨어,정보보안,서울,1986,125,벤처그로쓰 1호,Venture,2020,임수빈,투자완료(Active),2023-11-03,48.8,47.1,60,12.8,21.4,30.6,120.7,9.4,2.01,2.6,151.8,3.11,54.7,,,
DL-00381,한솔진단,바이오/헬스케어,체외진단,경기,2008,9675,스페셜시츄에이션 1호,Special Situation,2018,고은채,회수완료(Exited),2025-06-25,8040.9,58.6,3952,1367.4,34.6,2162.9,15314.8,11.2,3.88,1.0,,2.1,116.6,2026-06-10,16866.7,Recap/배당
DL-00382,한국에셋,금융서비스,인슈어테크,경남,2017,472,벤처그로쓰 1호,Venture,2020,서지원,스크리닝(Screening),,,,305,28.1,9.2,26.0,202.0,7.2,0.66,,,,,,,
DL-00383,대명그린텍,에너지/환경,신재생에너지,서울,2017,1409,그로쓰 3호 PEF,Growth,2022,고은채,투자완료(Active),2022-08-16,335.0,98.0,483,32.8,6.8,190.3,476.2,14.5,0.99,3.8,893.9,2.67,29.3,,,
DL-00384,대한랩스,IT/소프트웨어,시스템통합,서울,2008,194,그로쓰 2호 PEF,Growth,2019,고은채,스크리닝(Screening),,,,191,39.2,20.5,144.8,395.5,10.1,2.07,,,,,,,
DL-00385,광림환경,에너지/환경,전력/전기,서울,1985,82,바이아웃 1호 PEF,Buyout,2017,임수빈,보류/철회(Dropped),,,,51,8.6,16.9,3.7,87.1,10.1,1.71,,,,,,,
DL-00386,성안미디어,미디어/콘텐츠,엔터테인먼트,서울,2012,513,스페셜시츄에이션 1호,Special Situation,2018,배준영,스크리닝(Screening),,,,322,67.9,21.1,364.4,917.2,13.5,2.85,,,,,,,
DL-00387,신성산업,제조/소재,2차전지소재,대전,2010,1905,그로쓰 2호 PEF,Growth,2019,이서준,실사(DD),,,,804,294.3,36.6,520.4,1647.9,5.6,2.05,,,,,,,
DL-00388,현우매니지먼트,B2B서비스,엔지니어링,경남,2002,5422,벤처그로쓰 1호,Venture,2020,강태호,소싱(Sourcing),,,,1970,199.0,10.1,576.5,1790.7,9.0,0.91,,,,,,,
DL-00389,현우페이,금융서비스,인슈어테크,울산,2006,279,바이아웃 2호 PEF,Buyout,2021,이서준,소싱(Sourcing),,,,220,78.8,35.8,217.2,803.4,10.2,3.65,,,,,,,
DL-00390,대명이엔지,B2B서비스,엔지니어링,서울,2004,255,바이아웃 2호 PEF,Buyout,2021,정우성,회수완료(Exited),2022-09-03,101.2,65.8,238,41.4,17.4,74.1,227.8,5.5,0.96,3.4,,4.34,54.0,2026-01-26,439.3,구주매출
DL-00391,삼정리빙,소비재,패션/리빙,대구,2000,127,그로쓰 3호 PEF,Growth,2022,남기훈,투자심의(IC),,,,114,13.3,11.7,38.8,170.7,12.8,1.5,,,,,,,
DL-00392,대한게임즈,미디어/콘텐츠,교육,경남,2008,1328,세컨더리 1호,Secondary,2023,정우성,투자완료(Active),2024-10-13,676.8,53.9,637,156.7,24.6,874.5,2005.8,12.8,3.15,1.7,1894.8,2.8,86.2,,,
DL-00393,신성게임즈,미디어/콘텐츠,광고/마케팅,대전,2018,307,그로쓰 3호 PEF,Growth,2022,남기훈,투자완료(Active),2022-09-01,204.4,68.1,191,41.3,21.6,243.4,515.7,12.5,2.7,3.8,174.6,0.85,-4.1,,,
DL-00394,한국정밀,제조/소재,철강금속,서울,2004,1360,스페셜시츄에이션 1호,Special Situation,2018,김도현,회수완료(Exited),2018-07-03,1659.8,53.4,868,292.5,33.7,177.1,2895.9,9.9,3.34,4.7,,1.81,13.6,2023-03-04,3007.7,Recap/배당
DL-00395,대명캐피탈,금융서비스,자산관리,경기,2013,90,세컨더리 1호,Secondary,2023,배준영,투자완료(Active),2024-02-09,16.4,47.1,55,4.5,8.1,15.6,49.9,11.2,0.91,2.3,31.7,1.93,32.7,,,
DL-00396,유진로지스틱스,물류/유통,3PL물류,인천,2020,1004,바이아웃 2호 PEF,Buyout,2021,한승우,투자완료(Active),2021-02-08,472.3,29.6,527,202.9,38.5,776.7,2069.5,10.2,3.93,5.3,961.3,2.04,14.3,,,
DL-00397,세진금융,금융서비스,여신전문,부산,1986,298,스페셜시츄에이션 1호,Special Situation,2018,오세훈,소싱(Sourcing),,,,298,17.3,5.8,34.0,178.0,10.3,0.6,,,,,,,
DL-00398,우진시스템,IT/소프트웨어,시스템통합,서울,2004,201,바이아웃 2호 PEF,Buyout,2021,배준영,소싱(Sourcing),,,,73,11.2,15.4,4.8,67.5,6.0,0.92,,,,,,,
DL-00399,광림로지스틱스,물류/유통,도소매유통,서울,2000,703,바이아웃 1호 PEF,Buyout,2017,배준영,투자완료(Active),2021-07-26,109.0,25.2,386,71.4,18.5,13.4,442.7,6.2,1.15,4.9,494.4,4.54,36.4,,,
DL-00400,가온메탈,제조/소재,정밀화학,대구,1993,711,바이아웃 1호 PEF,Buyout,2017,배준영,투자완료(Active),2021-03-10,129.5,63.2,243,19.2,7.9,22.3,218.8,11.4,0.9,5.3,413.7,3.2,24.8,,,
DL-00401,광림테크,제조/소재,자동차부품,해외(베트남),1985,320,바이아웃 2호 PEF,Buyout,2021,서지원,보류/철회(Dropped),,,,253,72.9,28.8,460.4,1093.0,15.0,4.32,,,,,,,
DL-00402,대한이엔지,B2B서비스,엔지니어링,광주,1992,4931,그로쓰 2호 PEF,Growth,2019,최예린,소싱(Sourcing),,,,2581,1032.4,40.0,1502.0,14247.1,13.8,5.52,,,,,,,
DL-00403,한라환경,에너지/환경,전력/전기,대구,2006,654,벤처그로쓰 1호,Venture,2020,강태호,스크리닝(Screening),,,,279,79.5,28.5,323.9,723.6,9.1,2.59,,,,,,,
DL-00404,동성엔터,미디어/콘텐츠,게임,경기,2009,134,스페셜시츄에이션 1호,Special Situation,2018,고은채,투자완료(Active),2022-12-26,13.3,20.7,47,13.8,29.4,16.3,70.5,5.1,1.5,3.5,36.3,2.73,33.8,,,
DL-00405,동방그린텍,에너지/환경,폐기물처리,부산,2008,290,바이아웃 1호 PEF,Buyout,2017,정우성,보류/철회(Dropped),,,,98,29.0,29.6,1.1,322.0,11.1,3.29,,,,,,,
DL-00406,디에이치미디어,미디어/콘텐츠,게임,인천,1989,1505,그로쓰 3호 PEF,Growth,2022,이서준,투자완료(Active),2025-06-12,279.9,40.2,657,228.0,34.7,574.9,1185.5,5.2,1.8,1.0,263.8,0.94,-5.8,,,
DL-00407,한라산업,제조/소재,정밀화학,대전,1987,702,세컨더리 1호,Secondary,2023,임수빈,투자심의(IC),,,,866,127.3,14.7,262.8,1171.2,9.2,1.35,,,,,,,
DL-00408,동방푸드,소비재,패션/리빙,충남,1989,774,바이아웃 1호 PEF,Buyout,2017,남기훈,투자완료(Active),2021-11-05,554.6,84.6,899,148.3,16.5,259.7,830.7,5.6,0.92,4.6,990.7,1.79,13.5,,,
DL-00409,미래커머스,물류/유통,이커머스,서울,2006,424,벤처그로쓰 1호,Venture,2020,고은채,소싱(Sourcing),,,,420,31.9,7.6,77.0,351.1,11.0,0.84,,,,,,,
DL-00410,중앙파이낸셜,금융서비스,여신전문,경기,2013,604,그로쓰 2호 PEF,Growth,2019,배준영,소싱(Sourcing),,,,359,25.1,7.0,58.7,138.2,5.5,0.39,,,,,,,
DL-00411,보광콘텐츠,미디어/콘텐츠,광고/마케팅,충남,2012,3387,그로쓰 1호 PEF,Growth,2016,임수빈,투자심의(IC),,,,1883,318.2,16.9,1793.9,4582.5,14.4,2.43,,,,,,,
DL-00412,미래에너지,에너지/환경,폐기물처리,서울,1997,454,그로쓰 2호 PEF,Growth,2019,오세훈,투자완료(Active),2019-06-30,243.9,24.8,412,89.8,21.8,93.5,1005.9,11.2,2.44,6.9,128.2,0.53,-8.8,,,
DL-00413,아이엠그린텍,에너지/환경,전력/전기,울산,2006,887,그로쓰 3호 PEF,Growth,2022,임수빈,실사(DD),,,,437,44.1,10.1,133.8,326.6,7.4,0.75,,,,,,,
DL-00414,태광케미칼,제조/소재,2차전지소재,전북,2015,874,그로쓰 2호 PEF,Growth,2019,강태호,스크리닝(Screening),,,,508,128.0,25.2,575.8,1869.0,14.6,3.68,,,,,,,
DL-00415,에스바이오,바이오/헬스케어,제약,경기,1999,973,그로쓰 1호 PEF,Growth,2016,서지원,스크리닝(Screening),,,,378,82.4,21.8,426.3,1046.5,12.7,2.77,,,,,,,
DL-00416,정밀미디어,미디어/콘텐츠,광고/마케팅,충북,2007,233,그로쓰 1호 PEF,Growth,2016,강태호,소싱(Sourcing),,,,270,68.8,25.5,19.2,874.4,12.7,3.24,,,,,,,
DL-00417,현우리빙,소비재,패션/리빙,대전,1996,251,벤처그로쓰 1호,Venture,2020,고은채,투자완료(Active),2023-09-03,96.8,83.0,228,32.4,14.2,80.8,194.3,6.0,0.85,2.8,233.6,2.41,37.5,,,
DL-00418,세진리빙,소비재,패션/리빙,대구,1994,318,스페셜시츄에이션 1호,Special Situation,2018,남기훈,소싱(Sourcing),,,,145,42.5,29.3,74.8,348.4,8.2,2.4,,,,,,,
DL-00419,보광메탈,제조/소재,철강금속,서울,2002,473,그로쓰 3호 PEF,Growth,2022,강태호,스크리닝(Screening),,,,247,53.1,21.5,20.0,616.0,11.6,2.49,,,,,,,
DL-00420,코리아솔루션,B2B서비스,엔지니어링,인천,2015,284,세컨더리 1호,Secondary,2023,남기훈,보류/철회(Dropped),,,,222,82.6,37.2,16.3,891.9,10.8,4.02,,,,,,,
DL-00421,보광코스메틱,소비재,리테일,경기,2021,348,바이아웃 2호 PEF,Buyout,2021,윤지호,회수완료(Exited),2021-03-26,327.2,57.2,267,83.6,31.3,173.4,668.6,8.0,2.5,3.9,,1.79,16.2,2025-02-12,586.5,재무적매각(Secondary)
DL-00422,한라페이,금융서비스,인슈어테크,서울,1989,804,세컨더리 1호,Secondary,2023,정우성,실사(DD),,,,318,109.7,34.5,356.6,1108.1,10.1,3.48,,,,,,,
DL-00423,미래식품,소비재,식음료,경기,2006,189,바이아웃 1호 PEF,Buyout,2017,강태호,스크리닝(Screening),,,,89,28.4,31.9,36.5,383.3,13.5,4.31,,,,,,,
DL-00424,중앙메디컬,바이오/헬스케어,CRO/CDMO,서울,2010,177,바이아웃 2호 PEF,Buyout,2021,최예린,회수완료(Exited),2023-08-18,48.4,77.8,88,10.8,12.3,23.2,79.0,7.3,0.9,2.8,,0.74,-10.0,2026-06-10,36.0,Recap/배당
DL-00425,에스푸드,소비재,리테일,서울,2004,523,그로쓰 3호 PEF,Growth,2022,오세훈,회수완료(Exited),2023-10-30,321.9,67.0,264,76.6,29.0,268.3,689.0,9.0,2.61,1.7,,3.23,101.2,2025-07-03,1039.0,구주매출
DL-00426,태광게임즈,미디어/콘텐츠,교육,서울,2006,990,스페셜시츄에이션 1호,Special Situation,2018,정우성,투자완료(Active),2018-05-12,987.6,86.1,491,178.2,36.3,54.8,1051.6,5.9,2.14,8.1,2452.7,2.48,11.9,,,
DL-00427,삼정유통,소비재,화장품,인천,1985,326,세컨더리 1호,Secondary,2023,김도현,투자심의(IC),,,,343,30.5,8.9,75.9,317.5,10.4,0.93,,,,,,,
DL-00428,삼정F&B,소비재,화장품,충북,2004,589,세컨더리 1호,Secondary,2023,박민재,투자완료(Active),2023-03-07,1180.3,86.0,529,153.4,29.0,4.5,1196.6,7.8,2.26,3.3,1428.9,1.21,6.0,,,
DL-00429,에스금융,금융서비스,결제,서울,2014,240,그로쓰 2호 PEF,Growth,2019,최예린,투자완료(Active),2023-08-28,75.3,39.9,90,29.4,32.7,107.8,261.9,8.9,2.91,2.8,158.7,2.11,30.7,,,
DL-00430,유진바이오,바이오/헬스케어,CRO/CDMO,서울,2019,2447,그로쓰 3호 PEF,Growth,2022,최예린,회수완료(Exited),2024-01-26,204.4,26.1,1214,153.0,12.6,751.4,1514.3,9.9,1.25,2.4,,2.76,53.5,2026-06-10,564.4,전략적매각(M&A)
DL-00431,누리로지스틱스,물류/유통,이커머스,경기,2014,206,그로쓰 2호 PEF,Growth,2019,서지원,투자완료(Active),2020-07-13,336.8,46.2,196,68.6,35.0,3.3,617.4,9.0,3.15,5.9,522.3,1.55,7.7,,,
DL-00432,유진파트너스,B2B서비스,시설관리,서울,1986,1122,바이아웃 2호 PEF,Buyout,2021,고은채,스크리닝(Screening),,,,493,45.8,9.3,47.9,568.5,12.4,1.15,,,,,,,
DL-00433,대한케미칼,제조/소재,정밀화학,인천,2018,795,세컨더리 1호,Secondary,2023,남기훈,소싱(Sourcing),,,,869,316.3,36.4,434.0,2815.2,8.9,3.24,,,,,,,
DL-00434,대명테크,제조/소재,자동차부품,울산,1997,308,바이아웃 1호 PEF,Buyout,2017,강태호,회수완료(Exited),2019-06-23,405.0,96.7,136,53.9,39.6,43.5,452.4,8.4,3.33,6.2,,2.6,16.7,2025-08-27,1054.1,전략적매각(M&A)
DL-00435,누리산업,제조/소재,2차전지소재,충북,1998,1846,벤처그로쓰 1호,Venture,2020,한승우,투자완료(Active),2020-01-31,951.7,52.2,1222,244.4,20.0,94.5,1784.1,7.3,1.46,6.4,1297.0,1.36,5.0,,,
DL-00436,성안랩스,IT/소프트웨어,정보보안,경기,2016,1807,그로쓰 2호 PEF,Growth,2019,정우성,투자심의(IC),,,,775,299.2,38.6,1614.7,3290.7,11.0,4.25,,,,,,,
DL-00437,우진진단,바이오/헬스케어,체외진단,울산,1989,276,벤처그로쓰 1호,Venture,2020,고은채,투자완료(Active),2023-04-18,246.7,76.4,211,53.8,25.5,151.7,473.5,8.8,2.24,3.1,276.0,1.12,3.6,,,
DL-00438,대한미디어,미디어/콘텐츠,광고/마케팅,경기,1998,1468,바이아웃 2호 PEF,Buyout,2021,정우성,스크리닝(Screening),,,,538,163.6,30.4,540.7,2436.9,14.9,4.53,,,,,,,
DL-00439,코리아진단,바이오/헬스케어,체외진단,충남,2011,741,그로쓰 1호 PEF,Growth,2016,한승우,투자완료(Active),2022-01-18,108.5,24.3,556,32.2,5.8,72.1,435.3,13.5,0.78,4.4,202.4,1.86,15.2,,,
DL-00440,성안엔터,미디어/콘텐츠,엔터테인먼트,서울,1988,1351,세컨더리 1호,Secondary,2023,이서준,보류/철회(Dropped),,,,514,62.2,12.1,108.7,366.9,5.9,0.71,,,,,,,
DL-00441,누리식품,소비재,화장품,경기,1997,549,세컨더리 1호,Secondary,2023,최예린,스크리닝(Screening),,,,250,34.2,13.7,60.6,270.6,7.9,1.08,,,,,,,
DL-00442,정밀커머스,물류/유통,도소매유통,서울,2012,10032,세컨더리 1호,Secondary,2023,윤지호,투자완료(Active),2025-02-16,5140.5,92.5,3745,1228.4,32.8,1218.2,6387.5,5.2,1.71,1.3,8535.5,1.66,47.2,,,
DL-00443,디에이치바이오,바이오/헬스케어,체외진단,경기,1997,1732,세컨더리 1호,Secondary,2023,정우성,스크리닝(Screening),,,,712,136.7,19.2,248.2,1257.7,9.2,1.77,,,,,,,
DL-00444,삼정콘텐츠,미디어/콘텐츠,교육,서울,2021,678,그로쓰 1호 PEF,Growth,2016,이서준,투자심의(IC),,,,732,218.1,29.8,453.8,2464.9,11.3,3.37,,,,,,,
DL-00445,한솔미디어,미디어/콘텐츠,교육,서울,1986,1295,그로쓰 1호 PEF,Growth,2016,고은채,투자심의(IC),,,,953,134.4,14.1,439.3,1290.0,9.6,1.35,,,,,,,
DL-00446,성안진단,바이오/헬스케어,제약,전남,1990,612,스페셜시츄에이션 1호,Special Situation,2018,남기훈,투자완료(Active),2023-12-24,766.0,72.7,418,82.8,19.8,139.2,1100.8,13.3,2.63,2.5,960.3,1.25,9.6,,,
DL-00447,대명시스템,IT/소프트웨어,SaaS,충북,2010,252,바이아웃 2호 PEF,Buyout,2021,남기훈,스크리닝(Screening),,,,147,12.3,8.4,32.8,156.8,12.7,1.07,,,,,,,
DL-00448,우진물류,물류/유통,도소매유통,경기,2017,1710,그로쓰 3호 PEF,Growth,2022,정우성,투자완료(Active),2023-01-28,1592.3,40.7,1423,476.7,33.5,97.0,3289.3,6.9,2.31,3.4,2111.7,1.33,8.8,,,
DL-00449,동방솔루션,IT/소프트웨어,핀테크,서울,2000,296,그로쓰 2호 PEF,Growth,2019,강태호,소싱(Sourcing),,,,363,30.9,8.5,65.0,172.8,5.6,0.48,,,,,,,
DL-00450,세진산업,제조/소재,자동차부품,경기,2006,682,바이아웃 2호 PEF,Buyout,2021,임수빈,투자완료(Active),2023-01-10,842.2,73.2,514,148.5,28.9,196.7,1247.8,8.4,2.43,3.4,824.1,0.98,-0.6,,,
DL-00451,한국파워,에너지/환경,신재생에너지,경남,1993,2448,스페셜시츄에이션 1호,Special Situation,2018,남기훈,회수완료(Exited),2023-05-01,1373.3,61.2,1060,331.8,31.3,562.3,2488.3,7.5,2.35,1.5,,1.71,42.6,2024-11-04,2349.4,재무적매각(Secondary)
DL-00452,제이페이,금융서비스,자산관리,경기,2015,730,그로쓰 2호 PEF,Growth,2019,강태호,투자완료(Active),2024-08-28,50.1,22.5,272,27.2,10.0,79.3,277.4,10.2,1.02,1.8,63.1,1.26,13.8,,,
DL-00453,동성랩스,IT/소프트웨어,데이터/AI,서울,1990,755,바이아웃 1호 PEF,Buyout,2017,박민재,투자완료(Active),2024-07-09,96.9,29.8,261,38.6,14.8,156.9,471.3,12.2,1.81,1.9,165.6,1.71,32.2,,,
DL-00454,중앙랩스,IT/소프트웨어,정보보안,울산,2009,1670,그로쓰 2호 PEF,Growth,2019,서지원,실사(DD),,,,1219,473.0,38.8,518.8,4445.9,9.4,3.65,,,,,,,
DL-00455,미래로지스틱스,물류/유통,3PL물류,경기,2021,93,바이아웃 1호 PEF,Buyout,2017,남기훈,회수완료(Exited),2023-01-03,160.0,35.2,100,38.4,38.4,0.3,414.7,10.8,4.15,3.4,,1.54,13.4,2026-06-10,246.2,전략적매각(M&A)
DL-00456,보광파트너스,B2B서비스,시설관리,경기,2014,165,바이아웃 2호 PEF,Buyout,2021,고은채,스크리닝(Screening),,,,189,58.8,31.1,328.4,793.5,13.5,4.2,,,,,,,
DL-00457,누리에너지,에너지/환경,전력/전기,서울,2016,147,세컨더리 1호,Secondary,2023,서지원,회수완료(Exited),2025-06-05,267.8,82.1,61,21.2,34.7,34.1,302.7,14.3,4.96,1.0,,4.31,323.3,2026-06-10,1154.9,IPO
DL-00458,동성파트너스,B2B서비스,MRO,해외(싱가포르),2003,2169,스페셜시츄에이션 1호,Special Situation,2018,윤지호,소싱(Sourcing),,,,802,67.4,8.4,218.6,552.4,8.2,0.69,,,,,,,
DL-00459,유진테크,제조/소재,정밀화학,서울,1997,2653,그로쓰 3호 PEF,Growth,2022,정우성,스크리닝(Screening),,,,918,263.5,28.7,289.7,3925.6,14.9,4.28,,,,,,,
DL-00460,중앙엔터,미디어/콘텐츠,광고/마케팅,서울,1992,1297,세컨더리 1호,Secondary,2023,박민재,회수완료(Exited),2023-06-26,153.6,72.2,561,34.8,6.2,62.9,257.4,7.4,0.46,3.0,,1.06,2.0,2026-06-10,163.0,Recap/배당
DL-00461,동방로지스틱스,물류/유통,도소매유통,경기,2021,1091,바이아웃 1호 PEF,Buyout,2017,김도현,투자완료(Active),2024-11-18,166.3,54.7,364,30.2,8.3,63.2,329.3,10.9,0.9,1.6,298.0,1.79,45.4,,,
DL-00462,누리금융,금융서비스,여신전문,인천,1992,126,그로쓰 2호 PEF,Growth,2019,배준영,투자완료(Active),2020-06-11,64.5,66.0,118,13.3,11.3,56.0,140.0,10.5,1.19,6.0,69.1,1.07,1.2,,,
DL-00463,미래메탈,제조/소재,자동차부품,서울,1985,569,그로쓰 3호 PEF,Growth,2022,윤지호,보류/철회(Dropped),,,,203,20.1,9.9,31.1,199.0,9.9,0.98,,,,,,,
DL-00464,유진에너지,에너지/환경,폐기물처리,대구,1994,101,그로쓰 1호 PEF,Growth,2016,정우성,소싱(Sourcing),,,,64,24.6,38.5,29.3,271.0,11.0,4.24,,,,,,,
DL-00465,케이바이오,바이오/헬스케어,CRO/CDMO,인천,1995,674,바이아웃 2호 PEF,Buyout,2021,윤지호,투자완료(Active),2021-05-25,216.2,70.4,341,47.4,13.9,153.1,440.8,9.3,1.29,5.0,438.8,2.03,15.1,,,
DL-00466,코리아파워,에너지/환경,폐기물처리,경기,2019,162,바이아웃 1호 PEF,Buyout,2017,이서준,실사(DD),,,,106,7.7,7.3,16.0,88.2,11.4,0.83,,,,,,,
DL-00467,한라로지스틱스,물류/유통,이커머스,서울,1992,125,바이아웃 1호 PEF,Buyout,2017,윤지호,보류/철회(Dropped),,,,64,10.0,15.7,32.5,132.6,13.2,2.07,,,,,,,
DL-00468,제이로지스틱스,물류/유통,콜드체인,전북,2009,3112,그로쓰 3호 PEF,Growth,2022,강태호,회수완료(Exited),2023-06-15,930.3,20.8,1480,359.6,24.3,999.2,4963.0,13.8,3.35,2.4,,2.21,39.7,2025-10-27,2053.8,구주매출
DL-00469,중앙유통,물류/유통,3PL물류,대전,2014,2788,바이아웃 1호 PEF,Buyout,2017,서지원,투자완료(Active),2019-07-27,397.1,44.4,1018,149.6,14.7,655.3,1391.7,9.3,1.37,6.9,1044.8,2.63,15.1,,,
DL-00470,성안에너지,에너지/환경,신재생에너지,서울,1988,473,바이아웃 1호 PEF,Buyout,2017,이서준,스크리닝(Screening),,,,164,61.5,37.5,4.3,805.6,13.1,4.91,,,,,,,
DL-00471,디에이치파트너스,B2B서비스,시설관리,경기,1997,3545,그로쓰 2호 PEF,Growth,2019,윤지호,소싱(Sourcing),,,,1226,382.5,31.2,1045.9,2830.6,7.4,2.31,,,,,,,
DL-00472,제이파트너스,B2B서비스,인력아웃소싱,해외(베트남),1993,659,바이아웃 1호 PEF,Buyout,2017,박민재,소싱(Sourcing),,,,629,124.5,19.8,204.6,1096.0,8.8,1.74,,,,,,,
DL-00473,디에이치리빙,소비재,식음료,서울,2010,188,그로쓰 1호 PEF,Growth,2016,남기훈,투자완료(Active),2021-03-11,601.0,91.4,215,81.1,37.7,381.5,924.0,11.4,4.3,5.2,906.8,1.51,8.2,,,
DL-00474,글로벌정보기술,IT/소프트웨어,SaaS,서울,2016,122,벤처그로쓰 1호,Venture,2020,김도현,소싱(Sourcing),,,,150,54.6,36.4,226.8,496.9,9.1,3.31,,,,,,,
DL-00475,디에이치커머스,물류/유통,이커머스,경기,2019,1092,벤처그로쓰 1호,Venture,2020,윤지호,회수완료(Exited),2022-06-07,435.1,20.5,692,141.2,20.4,153.1,1891.7,13.4,2.73,4.0,,1.44,9.5,2026-06-10,625.4,IPO
DL-00476,케이진단,바이오/헬스케어,디지털헬스,경기,2015,311,그로쓰 1호 PEF,Growth,2016,박민재,투자완료(Active),2024-10-01,318.7,90.5,127,28.3,22.3,21.3,334.2,11.8,2.63,1.7,458.8,1.44,24.1,,,
DL-00477,한국정보기술,IT/소프트웨어,SaaS,서울,1985,397,벤처그로쓰 1호,Venture,2020,윤지호,보류/철회(Dropped),,,,350,77.0,22.0,120.2,970.2,12.6,2.77,,,,,,,
DL-00478,서연솔루션,B2B서비스,시설관리,울산,2012,99,바이아웃 2호 PEF,Buyout,2021,남기훈,스크리닝(Screening),,,,83,27.6,33.3,83.3,331.7,12.0,4.0,,,,,,,
DL-00479,미래제약,바이오/헬스케어,의료기기,경기,2012,1287,바이아웃 2호 PEF,Buyout,2021,정우성,회수완료(Exited),2023-05-23,941.2,58.3,1000,234.0,23.4,1376.1,2808.0,12.0,2.81,3.0,,2.38,32.9,2026-06-10,2239.7,IPO
DL-00480,한국바이오,바이오/헬스케어,제약,대구,2002,803,벤처그로쓰 1호,Venture,2020,정우성,실사(DD),,,,298,25.0,8.4,35.2,127.7,5.1,0.43,,,,,,,
DL-00481,한솔이엔지,에너지/환경,전력/전기,광주,1998,413,벤처그로쓰 1호,Venture,2020,정우성,투자완료(Active),2025-06-06,345.8,93.0,465,40.5,8.7,137.6,457.1,11.3,0.98,1.0,264.2,0.76,-23.4,,,
DL-00482,가온랩스,IT/소프트웨어,SaaS,경기,1994,1319,세컨더리 1호,Secondary,2023,배준영,스크리닝(Screening),,,,448,159.9,35.7,979.0,2159.1,13.5,4.82,,,,,,,
DL-00483,중앙파워,에너지/환경,수처리,서울,2017,2008,스페셜시츄에이션 1호,Special Situation,2018,한승우,회수완료(Exited),2018-09-07,1246.0,83.6,692,101.0,14.6,215.1,1485.2,14.7,2.15,5.6,,3.1,22.2,2024-05-01,3860.3,구주매출
DL-00484,우진파트너스,B2B서비스,인력아웃소싱,울산,2010,407,스페셜시츄에이션 1호,Special Situation,2018,한승우,투자완료(Active),2023-10-02,126.7,56.4,497,25.3,5.1,80.3,271.2,10.7,0.55,2.7,203.7,1.61,19.3,,,
DL-00485,유진리빙,소비재,패션/리빙,인천,2000,449,그로쓰 3호 PEF,Growth,2022,정우성,소싱(Sourcing),,,,165,62.7,38.0,32.5,489.1,7.8,2.96,,,,,,,
DL-00486,가온산업,제조/소재,산업기계,서울,2008,2679,벤처그로쓰 1호,Venture,2020,서지원,투자완료(Active),2023-07-05,1075.5,85.3,903,87.6,9.7,180.8,1226.3,14.0,1.36,2.9,5645.3,5.25,76.0,,,
DL-00487,가온테크,IT/소프트웨어,데이터/AI,충북,2010,203,바이아웃 1호 PEF,Buyout,2017,강태호,실사(DD),,,,202,61.4,30.4,241.0,534.2,8.7,2.64,,,,,,,
DL-00488,태광파마,바이오/헬스케어,디지털헬스,경기,2004,205,그로쓰 3호 PEF,Growth,2022,서지원,실사(DD),,,,214,40.2,18.8,15.5,446.6,11.1,2.09,,,,,,,
DL-00489,정밀식품,소비재,리테일,광주,1985,1155,그로쓰 3호 PEF,Growth,2022,남기훈,투자완료(Active),2022-03-31,89.1,30.6,521,29.7,5.7,150.8,395.0,13.3,0.76,4.2,194.3,2.18,20.4,,,
DL-00490,가온케미칼,제조/소재,자동차부품,충북,2021,455,그로쓰 2호 PEF,Growth,2019,정우성,소싱(Sourcing),,,,228,30.8,13.5,42.8,320.1,10.4,1.4,,,,,,,
DL-00491,삼정산업,제조/소재,자동차부품,경기,1999,306,스페셜시츄에이션 1호,Special Situation,2018,박민재,소싱(Sourcing),,,,112,11.4,10.2,15.0,132.5,11.6,1.18,,,,,,,
DL-00492,글로벌엔터,미디어/콘텐츠,게임,부산,1990,4337,그로쓰 2호 PEF,Growth,2019,강태호,회수완료(Exited),2020-09-07,1635.1,91.4,1890,211.7,11.2,653.7,2180.3,10.3,1.15,5.0,,2.79,22.8,2025-09-07,4562.6,IPO
DL-00493,대명물류,물류/유통,도소매유통,경기,2015,1054,스페셜시츄에이션 1호,Special Situation,2018,임수빈,투자완료(Active),2019-06-07,602.4,34.5,698,139.6,20.0,124.2,1717.1,12.3,2.46,7.0,761.9,1.26,3.4,,,
DL-00494,정밀게임즈,미디어/콘텐츠,엔터테인먼트,인천,1999,645,세컨더리 1호,Secondary,2023,한승우,투자완료(Active),2024-12-20,108.6,27.0,264,52.3,19.8,195.8,564.5,10.8,2.14,1.5,142.3,1.31,20.2,,,
DL-00495,대한메디컬,바이오/헬스케어,제약,경기,2020,93,그로쓰 3호 PEF,Growth,2022,최예린,투자완료(Active),2024-02-13,8.6,78.6,40,2.8,7.0,8.6,17.9,6.4,0.45,2.3,12.7,1.48,18.6,,,
DL-00496,광림랩스,IT/소프트웨어,시스템통합,경남,1990,1899,그로쓰 1호 PEF,Growth,2016,박민재,투자심의(IC),,,,969,308.1,31.8,209.4,2989.0,9.7,3.08,,,,,,,
DL-00497,케이유통,물류/유통,도소매유통,경기,1988,2402,그로쓰 1호 PEF,Growth,2016,최예린,소싱(Sourcing),,,,881,47.6,5.4,215.1,632.7,13.3,0.72,,,,,,,
DL-00498,케이이엔지,B2B서비스,엔지니어링,서울,1993,2225,그로쓰 2호 PEF,Growth,2019,한승우,투자심의(IC),,,,755,52.9,7.0,193.4,470.4,8.9,0.62,,,,,,,
DL-00499,디에이치시스템,IT/소프트웨어,데이터/AI,대구,1988,3228,스페셜시츄에이션 1호,Special Situation,2018,고은채,투자심의(IC),,,,1518,179.1,11.8,42.5,1092.7,6.1,0.72,,,,,,,
DL-00500,서연이엔지,에너지/환경,신재생에너지,서울,1985,996,그로쓰 2호 PEF,Growth,2019,이서준,스크리닝(Screening),,,,716,174.0,24.3,32.1,1983.5,11.4,2.77,,,,,,,
DL-00501,대한산업,제조/소재,철강금속,경기,2003,1805,바이아웃 2호 PEF,Buyout,2021,김도현,보류/철회(Dropped),,,,1664,266.2,16.0,421.6,2369.5,8.9,1.42,,,,,,,
DL-00502,케이정보기술,IT/소프트웨어,정보보안,경기,2009,299,그로쓰 3호 PEF,Growth,2022,김도현,투자완료(Active),2022-07-11,85.9,96.2,308,19.4,6.3,43.7,128.1,6.6,0.42,3.9,73.0,0.85,-4.1,,,
DL-00503,누리파마,바이오/헬스케어,의료기기,해외(싱가포르),2006,393,벤처그로쓰 1호,Venture,2020,임수빈,투자완료(Active),2021-05-04,95.3,36.7,171,64.8,37.9,124.7,350.0,5.4,2.05,5.1,177.9,1.87,13.0,,,
DL-00504,대명소재,제조/소재,산업기계,인천,2005,187,그로쓰 2호 PEF,Growth,2019,임수빈,소싱(Sourcing),,,,196,14.5,7.4,27.7,156.6,10.8,0.8,,,,,,,
DL-00505,디에이치에셋,금융서비스,인슈어테크,울산,1992,3621,세컨더리 1호,Secondary,2023,서지원,회수완료(Exited),2024-11-27,615.9,30.3,1674,296.3,17.7,478.7,2340.8,7.9,1.4,1.5,,2.2,67.4,2026-06-10,1357.4,IPO
DL-00506,한라엔터,미디어/콘텐츠,교육,부산,2020,499,그로쓰 1호 PEF,Growth,2016,남기훈,투자완료(Active),2017-01-17,128.4,47.9,275,52.2,19.0,57.8,297.8,5.7,1.08,9.4,230.0,1.79,6.4,,,
DL-00507,우진정보기술,IT/소프트웨어,SaaS,서울,2010,506,스페셜시츄에이션 1호,Special Situation,2018,배준영,투자완료(Active),2021-02-14,450.1,56.4,274,109.3,39.9,380.1,1082.3,9.9,3.95,5.3,447.7,0.99,-0.1,,,
DL-00508,중앙스튜디오,미디어/콘텐츠,게임,충남,1986,221,세컨더리 1호,Secondary,2023,정우성,소싱(Sourcing),,,,152,12.0,7.9,13.9,68.4,5.7,0.45,,,,,,,
DL-00509,누리캐피탈,금융서비스,결제,대구,1990,3369,바이아웃 2호 PEF,Buyout,2021,박민재,회수완료(Exited),2023-09-14,2223.9,58.0,1173,454.0,38.7,360.6,3631.6,8.0,3.1,2.4,,3.63,71.1,2026-02-06,8064.1,구주매출
DL-00510,태광엔터,미디어/콘텐츠,게임,광주,2005,2119,그로쓰 3호 PEF,Growth,2022,강태호,투자완료(Active),2022-01-08,2593.8,99.1,1538,247.6,16.1,1076.4,3194.3,12.9,2.08,4.4,7952.6,3.07,28.9,,,
DL-00511,태광정보기술,IT/소프트웨어,SaaS,해외(싱가포르),1995,1427,스페셜시츄에이션 1호,Special Situation,2018,남기훈,투자완료(Active),2022-02-25,235.5,85.1,492,60.5,12.3,141.9,417.6,6.9,0.85,4.3,638.1,2.71,26.2,,,
DL-00512,글로벌시스템,IT/소프트웨어,데이터/AI,충북,2006,390,스페셜시츄에이션 1호,Special Situation,2018,한승우,보류/철회(Dropped),,,,196,39.2,20.0,79.3,266.6,6.8,1.36,,,,,,,
DL-00513,보광게임즈,미디어/콘텐츠,엔터테인먼트,부산,1991,2894,그로쓰 2호 PEF,Growth,2019,이서준,회수완료(Exited),2022-04-02,2126.8,88.1,1125,271.1,24.1,771.1,3063.7,11.3,2.72,4.2,,1.81,15.2,2026-06-10,3849.8,전략적매각(M&A)
DL-00514,케이페이,금융서비스,여신전문,서울,2003,321,벤처그로쓰 1호,Venture,2020,배준영,스크리닝(Screening),,,,141,22.3,15.8,141.8,311.9,14.0,2.21,,,,,,,
DL-00515,광림메탈,제조/소재,2차전지소재,충북,2021,3257,벤처그로쓰 1호,Venture,2020,강태호,스크리닝(Screening),,,,1481,488.7,33.0,340.1,5278.3,10.8,3.56,,,,,,,
DL-00516,현우메디컬,바이오/헬스케어,디지털헬스,경기,1993,564,스페셜시츄에이션 1호,Special Situation,2018,정우성,소싱(Sourcing),,,,411,133.2,32.4,559.7,1784.4,13.4,4.34,,,,,,,
DL-00517,코리아이엔지,B2B서비스,시설관리,서울,1994,315,그로쓰 1호 PEF,Growth,2016,윤지호,소싱(Sourcing),,,,199,19.1,9.6,57.3,181.5,9.5,0.91,,,,,,,
DL-00518,삼정코스메틱,소비재,화장품,인천,2009,3028,바이아웃 1호 PEF,Buyout,2017,남기훈,투자완료(Active),2023-07-02,1808.8,89.4,1374,200.6,14.6,899.9,2868.6,14.3,2.09,2.9,2033.3,1.12,4.1,,,
DL-00519,보광메디컬,바이오/헬스케어,제약,전남,1986,857,바이아웃 1호 PEF,Buyout,2017,윤지호,소싱(Sourcing),,,,311,83.7,26.9,124.7,594.0,7.1,1.91,,,,,,,
DL-00520,우진에셋,금융서비스,자산관리,서울,1987,133,그로쓰 3호 PEF,Growth,2022,서지원,투자완료(Active),2024-12-04,285.7,79.3,164,28.0,17.1,125.4,417.9,14.9,2.55,1.5,229.2,0.8,-13.5,,,
DL-00521,한국메디컬,바이오/헬스케어,의료기기,서울,1993,292,그로쓰 2호 PEF,Growth,2019,남기훈,투자완료(Active),2024-07-23,324.2,54.9,202,77.6,38.4,181.8,659.3,8.5,3.26,1.9,748.3,2.31,56.0,,,
DL-00522,아이엠푸드,소비재,패션/리빙,경기,2013,441,바이아웃 1호 PEF,Buyout,2017,남기훈,투자완료(Active),2023-05-13,391.3,48.2,253,85.0,33.6,289.1,952.1,11.2,3.76,3.1,913.7,2.33,31.7,,,
DL-00523,한라메탈,제조/소재,철강금속,경기,1996,1506,벤처그로쓰 1호,Venture,2020,윤지호,소싱(Sourcing),,,,931,107.1,11.5,86.4,803.0,7.5,0.86,,,,,,,
DL-00524,한국진단,바이오/헬스케어,체외진단,경기,1999,664,세컨더리 1호,Secondary,2023,오세훈,투자완료(Active),2024-09-14,1381.4,95.7,471,122.9,26.1,65.2,1266.2,10.3,2.69,1.7,2855.0,2.07,51.9,,,
DL-00525,코리아스튜디오,미디어/콘텐츠,교육,서울,1987,2450,그로쓰 1호 PEF,Growth,2016,배준영,투자완료(Active),2022-06-18,169.5,21.7,1492,138.8,9.3,151.9,929.7,6.7,0.62,4.0,420.4,2.48,25.6,,,
DL-00526,삼정정밀,제조/소재,2차전지소재,경북,2018,4414,스페셜시츄에이션 1호,Special Situation,2018,김도현,회수완료(Exited),2021-07-06,1916.5,59.5,2181,318.4,14.6,796.8,3980.3,12.5,1.82,3.2,,2.53,34.0,2024-09-06,4848.0,IPO
DL-00527,한국환경,에너지/환경,신재생에너지,서울,2005,7895,그로쓰 1호 PEF,Growth,2016,박민재,소싱(Sourcing),,,,3052,393.7,12.9,841.0,2322.9,5.9,0.76,,,,,,,
DL-00528,미래서비스,B2B서비스,인력아웃소싱,제주,2009,709,그로쓰 2호 PEF,Growth,2019,최예린,실사(DD),,,,263,25.8,9.8,15.6,247.4,9.6,0.94,,,,,,,
DL-00529,누리콘텐츠,미디어/콘텐츠,교육,서울,2002,142,세컨더리 1호,Secondary,2023,서지원,투자완료(Active),2024-07-25,111.5,86.8,145,18.7,12.9,21.1,142.2,7.6,0.98,1.9,352.3,3.16,84.7,,,
DL-00530,디에이치소프트,IT/소프트웨어,SaaS,서울,1997,583,바이아웃 1호 PEF,Buyout,2017,임수빈,회수완료(Exited),2020-07-01,1097.5,76.7,392,131.3,33.5,425.2,1654.6,12.6,4.22,5.9,,1.99,12.3,2026-06-10,2189.3,전략적매각(M&A)
DL-00531,에스그린텍,에너지/환경,수처리,경기,2012,520,스페셜시츄에이션 1호,Special Situation,2018,정우성,소싱(Sourcing),,,,191,67.6,35.4,57.3,777.6,11.5,4.07,,,,,,,
DL-00532,한라소프트,IT/소프트웨어,핀테크,전남,1994,276,그로쓰 2호 PEF,Growth,2019,강태호,투자완료(Active),2023-04-16,339.2,78.6,305,50.9,16.7,88.5,478.8,9.4,1.57,3.2,419.8,1.24,7.0,,,
DL-00533,누리커머스,물류/유통,도소매유통,서울,1992,329,그로쓰 1호 PEF,Growth,2016,서지원,스크리닝(Screening),,,,152,11.1,7.3,7.5,66.6,6.0,0.44,,,,,,,
DL-00534,서연스튜디오,미디어/콘텐츠,교육,경기,2003,1366,그로쓰 3호 PEF,Growth,2022,배준영,스크리닝(Screening),,,,630,32.1,5.1,100.6,221.7,6.9,0.35,,,,,,,
DL-00535,동성로지스틱스,물류/유통,이커머스,서울,1985,742,벤처그로쓰 1호,Venture,2020,임수빈,스크리닝(Screening),,,,632,36.0,5.7,233.3,529.6,14.7,0.84,,,,,,,
DL-00536,글로벌테크,제조/소재,철강금속,부산,1992,1495,세컨더리 1호,Secondary,2023,고은채,스크리닝(Screening),,,,597,77.6,13.0,293.0,776.1,10.0,1.3,,,,,,,
DL-00537,세진정보기술,IT/소프트웨어,정보보안,경기,2019,458,세컨더리 1호,Secondary,2023,남기훈,실사(DD),,,,194,34.5,17.8,31.1,176.1,5.1,0.91,,,,,,,
DL-00538,미래솔루션,B2B서비스,MRO,대전,1999,1579,그로쓰 1호 PEF,Growth,2016,박민재,보류/철회(Dropped),,,,537,120.3,22.4,329.8,890.1,7.4,1.66,,,,,,,
DL-00539,태광파워,에너지/환경,폐기물처리,부산,2013,347,바이아웃 2호 PEF,Buyout,2021,서지원,투자완료(Active),2024-04-01,609.9,61.6,285,73.0,25.6,146.1,1057.9,14.5,3.71,2.2,1095.9,1.8,30.7,,,
DL-00540,삼정파이낸셜,금융서비스,인슈어테크,해외(베트남),1994,399,세컨더리 1호,Secondary,2023,서지원,스크리닝(Screening),,,,424,103.9,24.5,166.9,685.6,6.6,1.62,,,,,,,
DL-00541,에스로지스틱스,물류/유통,3PL물류,서울,1985,418,그로쓰 2호 PEF,Growth,2019,김도현,투자완료(Active),2024-08-18,79.4,73.2,294,14.7,5.0,19.3,110.3,7.5,0.38,1.8,75.4,0.95,-2.8,,,
DL-00542,서연소프트,IT/소프트웨어,정보보안,경기,2009,399,벤처그로쓰 1호,Venture,2020,정우성,회수완료(Exited),2021-10-22,137.9,84.4,174,27.1,15.6,62.0,219.9,8.1,1.26,4.6,,1.46,8.6,2026-06-10,201.9,구주매출
DL-00543,삼정식품,소비재,패션/리빙,서울,2012,171,세컨더리 1호,Secondary,2023,한승우,스크리닝(Screening),,,,108,31.6,29.3,108.4,316.4,10.0,2.93,,,,,,,
DL-00544,에스파워,에너지/환경,수처리,해외(베트남),1986,1821,세컨더리 1호,Secondary,2023,김도현,회수완료(Exited),2024-06-08,2353.3,49.8,1366,430.3,31.5,728.6,4819.2,11.2,3.53,2.0,,2.06,43.3,2026-06-10,4842.7,Recap/배당
DL-00545,동성바이오,바이오/헬스케어,디지털헬스,경기,1988,243,세컨더리 1호,Secondary,2023,고은채,소싱(Sourcing),,,,90,30.4,33.8,112.4,325.5,10.7,3.62,,,,,,,
DL-00546,한솔정보기술,IT/소프트웨어,시스템통합,서울,2016,1340,바이아웃 1호 PEF,Buyout,2017,한승우,스크리닝(Screening),,,,521,140.7,27.0,803.6,1716.2,12.2,3.29,,,,,,,
DL-00547,동방식품,소비재,식음료,서울,1998,492,그로쓰 2호 PEF,Growth,2019,한승우,소싱(Sourcing),,,,409,153.0,37.4,296.0,1223.7,8.0,2.99,,,,,,,
DL-00548,광림푸드,소비재,패션/리빙,대전,1986,778,그로쓰 2호 PEF,Growth,2019,윤지호,스크리닝(Screening),,,,541,167.7,31.0,419.2,1761.0,10.5,3.26,,,,,,,
DL-00549,동성시스템,IT/소프트웨어,시스템통합,경기,2012,165,그로쓰 2호 PEF,Growth,2019,임수빈,투자심의(IC),,,,189,17.4,9.2,44.9,154.8,8.9,0.82,,,,,,,
DL-00550,중앙에셋,금융서비스,여신전문,해외(베트남),1985,3024,세컨더리 1호,Secondary,2023,남기훈,투자완료(Active),2024-02-04,2363.8,61.0,1285,449.7,35.0,784.4,4497.5,10.0,3.5,2.3,1849.7,0.78,-9.9,,,
DL-00551,유진환경,에너지/환경,수처리,서울,2015,704,바이아웃 2호 PEF,Buyout,2021,윤지호,소싱(Sourcing),,,,281,79.0,28.1,395.4,852.8,10.8,3.03,,,,,,,
DL-00552,아이엠매니지먼트,B2B서비스,엔지니어링,경기,1995,153,스페셜시츄에이션 1호,Special Situation,2018,이서준,소싱(Sourcing),,,,117,26.3,22.5,50.3,310.6,11.8,2.65,,,,,,,
DL-00553,현우코스메틱,소비재,식음료,광주,1989,266,스페셜시츄에이션 1호,Special Situation,2018,배준영,보류/철회(Dropped),,,,164,10.3,6.3,28.5,129.2,12.5,0.79,,,,,,,
DL-00554,성안메탈,제조/소재,산업기계,인천,2003,77,바이아웃 1호 PEF,Buyout,2017,최예린,투자완료(Active),2017-04-10,80.6,70.3,78,15.8,20.2,64.1,162.3,10.3,2.08,9.2,192.6,2.39,10.0,,,
DL-00555,코리아미디어,미디어/콘텐츠,게임,대전,2021,2848,세컨더리 1호,Secondary,2023,정우성,회수완료(Exited),2024-03-25,925.3,54.2,1111,194.4,17.5,1161.5,2721.9,14.0,2.45,1.9,,2.04,45.6,2026-02-15,1884.2,구주매출
DL-00556,제이익스프레스,물류/유통,3PL물류,경기,2001,612,바이아웃 1호 PEF,Buyout,2017,고은채,회수완료(Exited),2019-09-16,676.9,88.3,310,110.0,35.5,104.6,726.3,6.6,2.34,4.3,,1.31,6.5,2024-01-04,886.6,구주매출
DL-00557,성안소프트,IT/소프트웨어,시스템통합,서울,1988,322,스페셜시츄에이션 1호,Special Situation,2018,최예린,스크리닝(Screening),,,,118,36.2,30.7,170.6,514.4,14.2,4.36,,,,,,,
DL-00558,현우푸드,소비재,리테일,대전,2011,831,그로쓰 1호 PEF,Growth,2016,강태호,보류/철회(Dropped),,,,596,46.5,7.8,231.0,488.1,10.5,0.82,,,,,,,
DL-00559,대한테크,제조/소재,자동차부품,경기,1999,9179,벤처그로쓰 1호,Venture,2020,윤지호,투자완료(Active),2023-02-05,5171.5,58.6,3788,897.8,23.7,4163.1,12209.5,13.6,3.22,3.3,7365.9,1.42,11.2,,,
DL-00560,현우스튜디오,미디어/콘텐츠,광고/마케팅,경기,2000,376,벤처그로쓰 1호,Venture,2020,윤지호,회수완료(Exited),2023-03-09,37.7,23.7,148,19.1,12.9,106.0,238.6,12.5,1.61,3.3,,4.74,61.3,2026-06-10,178.8,IPO
DL-00561,에스정밀,제조/소재,산업기계,서울,2000,318,벤처그로쓰 1호,Venture,2020,강태호,투자완료(Active),2023-12-15,187.9,78.8,254,71.1,28.0,193.5,412.5,5.8,1.62,2.5,424.7,2.26,38.8,,,
DL-00562,대명익스프레스,물류/유통,콜드체인,서울,2005,1617,바이아웃 1호 PEF,Buyout,2017,한승우,회수완료(Exited),2020-02-20,150.6,26.3,746,51.5,6.9,254.2,720.6,14.0,0.97,6.2,,2.43,15.3,2026-05-09,365.6,재무적매각(Secondary)
DL-00563,서연진단,바이오/헬스케어,제약,경기,1987,455,세컨더리 1호,Secondary,2023,이서준,소싱(Sourcing),,,,170,26.4,15.5,11.6,387.3,14.7,2.28,,,,,,,
DL-00564,동성스튜디오,미디어/콘텐츠,교육,서울,2006,2283,벤처그로쓰 1호,Venture,2020,김도현,회수완료(Exited),2022-05-25,2050.9,82.6,1301,409.8,31.5,1427.3,3442.4,8.4,2.65,4.0,,1.41,8.8,2026-06-10,2881.6,재무적매각(Secondary)
DL-00565,케이매니지먼트,B2B서비스,MRO,대전,2014,370,바이아웃 2호 PEF,Buyout,2021,박민재,보류/철회(Dropped),,,,172,41.3,24.0,68.4,346.8,8.4,2.02,,,,,,,
DL-00566,삼정그린텍,에너지/환경,전력/전기,대구,2014,273,바이아웃 2호 PEF,Buyout,2021,고은채,스크리닝(Screening),,,,132,36.0,27.3,78.0,382.0,10.6,2.89,,,,,,,
DL-00567,현우랩스,IT/소프트웨어,정보보안,인천,2002,432,그로쓰 2호 PEF,Growth,2019,임수빈,스크리닝(Screening),,,,193,25.1,13.0,73.2,168.1,6.7,0.87,,,,,,,
DL-00568,성안식품,소비재,식음료,서울,2020,1322,세컨더리 1호,Secondary,2023,오세훈,실사(DD),,,,577,173.1,30.0,169.3,1315.6,7.6,2.28,,,,,,,
DL-00569,서연환경,에너지/환경,신재생에너지,경기,2011,202,벤처그로쓰 1호,Venture,2020,고은채,회수완료(Exited),2025-06-20,42.0,52.7,127,18.9,14.9,29.9,98.4,5.2,0.77,1.0,,3.11,221.1,2026-06-10,130.5,IPO
DL-00570,제이제약,바이오/헬스케어,체외진단,충남,1987,1562,벤처그로쓰 1호,Venture,2020,정우성,투자심의(IC),,,,537,170.2,31.7,934.9,1957.6,11.5,3.65,,,,,,,
DL-00571,세진식품,소비재,리테일,부산,2021,475,세컨더리 1호,Secondary,2023,강태호,실사(DD),,,,264,35.6,13.5,81.9,452.6,12.7,1.71,,,,,,,
DL-00572,현우솔루션,IT/소프트웨어,핀테크,경기,2008,1924,벤처그로쓰 1호,Venture,2020,한승우,투자완료(Active),2020-09-13,999.9,94.1,735,152.1,20.7,398.5,1399.7,9.2,1.9,5.7,2092.8,2.09,13.7,,,
DL-00573,동방커머스,물류/유통,콜드체인,경기,1997,155,그로쓰 3호 PEF,Growth,2022,오세훈,투자완료(Active),2024-06-02,177.4,21.9,178,66.9,37.6,52.4,829.9,12.4,4.66,2.0,152.1,0.86,-7.3,,,
DL-00574,글로벌이엔지,B2B서비스,MRO,경기,2006,921,바이아웃 1호 PEF,Buyout,2017,남기훈,실사(DD),,,,583,232.0,39.8,471.4,1276.2,5.5,2.19,,,,,,,
DL-00575,성안페이,금융서비스,결제,광주,1993,1687,스페셜시츄에이션 1호,Special Situation,2018,최예린,투자완료(Active),2018-02-01,2761.7,67.5,1487,380.7,25.6,1279.8,5024.9,13.2,3.38,8.4,5109.2,1.85,7.6,,,
DL-00576,한라파이낸셜,금융서비스,자산관리,서울,2018,2607,세컨더리 1호,Secondary,2023,강태호,소싱(Sourcing),,,,1737,599.3,34.5,899.5,5573.2,9.3,3.21,,,,,,,
DL-00577,대한진단,바이오/헬스케어,의료기기,경남,2021,1773,바이아웃 1호 PEF,Buyout,2017,윤지호,투자완료(Active),2019-07-06,910.4,90.8,948,163.1,17.2,157.2,1092.5,6.7,1.15,6.9,1630.9,1.79,8.8,,,
DL-00578,한국푸드,소비재,화장품,전북,1986,328,바이아웃 1호 PEF,Buyout,2017,김도현,투자완료(Active),2022-02-02,377.4,43.6,305,116.5,38.2,241.0,1083.5,9.3,3.55,4.4,1473.3,3.9,36.8,,,
DL-00579,동방캐피탈,금융서비스,결제,해외(싱가포르),1999,1311,그로쓰 2호 PEF,Growth,2019,강태호,회수완료(Exited),2019-10-31,680.3,76.5,680,154.4,22.7,379.6,1204.0,7.8,1.77,6.6,,2.67,16.0,2026-06-10,1814.0,전략적매각(M&A)
DL-00580,성안서비스,B2B서비스,인력아웃소싱,서울,1997,325,스페셜시츄에이션 1호,Special Situation,2018,고은채,회수완료(Exited),2018-12-30,1085.9,96.1,263,88.1,33.5,153.1,1083.7,12.3,4.12,5.7,,1.3,4.7,2024-09-10,1408.3,Recap/배당
DL-00581,대한파트너스,B2B서비스,시설관리,대전,2007,542,스페셜시츄에이션 1호,Special Situation,2018,서지원,투자완료(Active),2023-06-10,205.9,59.2,376,42.5,11.3,39.4,339.9,8.0,0.9,3.0,374.1,1.82,22.0,,,
DL-00582,코리아물류,물류/유통,3PL물류,대구,2005,1562,그로쓰 2호 PEF,Growth,2019,박민재,투자완료(Active),2024-06-26,313.3,68.1,590,111.5,18.9,309.9,702.5,6.3,1.19,2.0,316.0,1.01,0.4,,,
DL-00583,대한푸드,소비재,리테일,울산,2010,1185,바이아웃 2호 PEF,Buyout,2021,서지원,실사(DD),,,,925,130.4,14.1,174.1,717.3,5.5,0.78,,,,,,,
DL-00584,에스테크,제조/소재,정밀화학,서울,1992,206,그로쓰 3호 PEF,Growth,2022,한승우,스크리닝(Screening),,,,207,11.8,5.7,57.8,143.9,12.2,0.7,,,,,,,
DL-00585,동방에너지,에너지/환경,전력/전기,경기,1995,1552,벤처그로쓰 1호,Venture,2020,한승우,스크리닝(Screening),,,,957,288.1,30.1,183.6,2275.7,7.9,2.38,,,,,,,
DL-00586,가온미디어,미디어/콘텐츠,광고/마케팅,제주,2018,190,그로쓰 1호 PEF,Growth,2016,고은채,소싱(Sourcing),,,,146,32.1,22.0,32.0,212.0,6.6,1.45,,,,,,,
DL-00587,미래F&B,소비재,식음료,대구,2002,822,그로쓰 3호 PEF,Growth,2022,고은채,투자완료(Active),2022-11-07,130.8,27.6,413,126.4,30.6,244.0,657.2,5.2,1.59,3.6,131.7,1.01,0.2,,,
DL-00588,케이익스프레스,물류/유통,콜드체인,광주,1991,409,바이아웃 2호 PEF,Buyout,2021,최예린,투자완료(Active),2024-02-23,102.7,42.3,140,30.1,21.5,11.1,237.8,7.9,1.7,2.3,213.6,2.08,37.6,,,
DL-00589,디에이치게임즈,미디어/콘텐츠,게임,해외(미국),1986,502,그로쓰 2호 PEF,Growth,2019,임수빈,스크리닝(Screening),,,,328,58.7,17.9,200.0,622.3,10.6,1.9,,,,,,,
DL-00590,태광솔루션,IT/소프트웨어,SaaS,부산,2015,861,그로쓰 2호 PEF,Growth,2019,박민재,투자심의(IC),,,,505,159.6,31.6,220.5,893.6,5.6,1.77,,,,,,,
DL-00591,유진그린텍,에너지/환경,폐기물처리,부산,2020,2590,그로쓰 1호 PEF,Growth,2016,최예린,투자완료(Active),2021-10-08,1293.6,64.4,1098,175.7,16.0,325.1,2020.3,11.5,1.84,4.7,1919.7,1.48,8.8,,,
DL-00592,우진파마,바이오/헬스케어,제약,광주,1992,286,그로쓰 3호 PEF,Growth,2022,정우성,투자완료(Active),2025-01-25,67.9,53.5,117,12.9,11.0,40.8,167.3,13.0,1.43,1.4,84.4,1.24,17.2,,,
DL-00593,누리그린텍,에너지/환경,폐기물처리,서울,1993,119,세컨더리 1호,Secondary,2023,정우성,회수완료(Exited),2023-01-06,49.3,44.9,65,14.0,21.6,10.3,115.1,8.2,1.77,3.4,,1.07,2.1,2026-06-10,52.9,IPO
DL-00594,에스메탈,제조/소재,철강금속,서울,1999,334,벤처그로쓰 1호,Venture,2020,서지원,투자완료(Active),2024-04-19,252.3,52.3,208,76.8,36.9,260.3,713.8,9.3,3.43,2.1,429.7,1.7,28.2,,,
DL-00595,한솔테크,IT/소프트웨어,시스템통합,서울,2018,1012,바이아웃 2호 PEF,Buyout,2021,오세훈,소싱(Sourcing),,,,718,119.2,16.6,448.2,1513.7,12.7,2.11,,,,,,,
DL-00596,우진파이낸셜,금융서비스,자산관리,충남,1994,155,바이아웃 1호 PEF,Buyout,2017,이서준,회수완료(Exited),2021-12-06,12.7,54.0,141,7.1,5.0,19.8,40.9,5.8,0.29,3.2,,1.92,22.6,2025-02-14,24.4,구주매출
DL-00597,대명게임즈,미디어/콘텐츠,교육,대전,2005,1593,벤처그로쓰 1호,Venture,2020,최예린,회수완료(Exited),2023-12-27,559.7,31.4,605,208.7,34.5,1440.6,3047.4,14.6,5.04,2.5,,1.85,28.4,2026-06-10,1033.9,IPO
DL-00598,우진서비스,B2B서비스,MRO,경남,2012,176,세컨더리 1호,Secondary,2023,배준영,투자완료(Active),2025-02-04,718.5,99.6,148,59.1,39.9,162.6,850.3,14.4,5.75,1.3,1001.0,1.39,28.0,,,
DL-00599,미래유통,물류/유통,콜드체인,전남,2002,537,그로쓰 1호 PEF,Growth,2016,오세훈,실사(DD),,,,580,231.4,39.9,380.7,2777.0,12.0,4.79,,,,,,,
DL-00600,한솔케미칼,제조/소재,2차전지소재,울산,1994,630,그로쓰 2호 PEF,Growth,2019,김도현,투자심의(IC),,,,593,206.4,34.8,499.2,1196.9,5.8,2.02,,,,,,,
DL-00601,코리아파이낸셜,금융서비스,여신전문,경북,1986,546,바이아웃 2호 PEF,Buyout,2021,고은채,스크리닝(Screening),,,,184,67.2,36.5,79.6,940.2,14.0,5.11,,,,,,,
DL-00602,동성파워,에너지/환경,신재생에너지,경기,2017,444,그로쓰 1호 PEF,Growth,2016,이서준,스크리닝(Screening),,,,192,21.1,11.0,34.7,114.0,5.4,0.59,,,,,,,
DL-00603,삼정스튜디오,미디어/콘텐츠,광고/마케팅,인천,1990,589,그로쓰 2호 PEF,Growth,2019,강태호,투자완료(Active),2019-03-24,162.0,81.3,488,44.4,9.1,95.6,262.0,5.9,0.54,7.2,186.4,1.15,2.0,,,
DL-00604,대한솔루션,IT/소프트웨어,핀테크,대전,2005,246,그로쓰 3호 PEF,Growth,2022,최예린,스크리닝(Screening),,,,180,26.1,14.5,89.5,182.7,7.0,1.01,,,,,,,
DL-00605,글로벌금융,금융서비스,인슈어테크,경기,1995,710,세컨더리 1호,Secondary,2023,고은채,투자완료(Active),2025-03-26,158.2,43.1,275,34.1,12.4,71.0,409.2,12.0,1.49,1.2,311.8,1.97,75.4,,,
DL-00606,한라이엔지,B2B서비스,시설관리,경기,1996,1043,그로쓰 1호 PEF,Growth,2016,이서준,투자완료(Active),2019-08-13,382.8,76.1,375,61.1,16.3,213.3,647.9,10.6,1.73,6.8,553.6,1.45,5.6,,,
DL-00607,한라정보기술,IT/소프트웨어,핀테크,경기,2004,402,벤처그로쓰 1호,Venture,2020,임수빈,투자완료(Active),2021-09-07,981.6,90.9,345,86.9,25.2,77.7,947.6,10.9,2.75,4.8,1051.9,1.07,1.5,,,
DL-00608,한국케미칼,제조/소재,자동차부품,서울,1996,643,그로쓰 3호 PEF,Growth,2022,최예린,실사(DD),,,,242,19.8,8.2,50.3,146.8,7.4,0.61,,,,,,,
DL-00609,디에이치환경,에너지/환경,신재생에너지,경기,1998,5705,세컨더리 1호,Secondary,2023,한승우,투자완료(Active),2023-05-17,2304.7,52.0,2302,729.7,31.7,281.3,4378.4,6.0,1.9,3.1,2287.7,0.99,-0.2,,,
DL-00610,글로벌게임즈,미디어/콘텐츠,교육,대구,1996,1906,그로쓰 1호 PEF,Growth,2016,정우성,회수완료(Exited),2016-11-12,892.0,71.6,777,131.3,16.9,529.2,1733.3,13.2,2.23,2.5,,1.16,5.9,2019-06-01,1032.1,IPO
DL-00611,성안환경,에너지/환경,수처리,경기,2015,342,바이아웃 2호 PEF,Buyout,2021,최예린,투자심의(IC),,,,349,100.9,28.9,311.8,1341.5,13.3,3.84,,,,,,,
DL-00612,신성랩스,IT/소프트웨어,데이터/AI,경기,2010,914,세컨더리 1호,Secondary,2023,김도현,투자완료(Active),2024-04-06,593.8,60.2,355,70.6,19.9,50.8,876.0,12.4,2.47,2.2,2368.8,3.99,88.8,,,
DL-00613,세진환경,에너지/환경,신재생에너지,해외(싱가포르),1994,1090,스페셜시츄에이션 1호,Special Situation,2018,고은채,투자완료(Active),2023-03-19,391.5,42.5,621,142.8,23.0,691.4,1585.4,11.1,2.55,3.2,607.1,1.55,14.6,,,
DL-00614,대명에너지,에너지/환경,전력/전기,인천,1986,706,그로쓰 3호 PEF,Growth,2022,최예린,실사(DD),,,,359,22.3,6.2,49.7,135.8,6.1,0.38,,,,,,,
DL-00615,우진엔터,미디어/콘텐츠,광고/마케팅,인천,2016,910,그로쓰 3호 PEF,Growth,2022,남기훈,스크리닝(Screening),,,,348,135.7,39.0,197.1,1615.1,11.9,4.64,,,,,,,
DL-00616,제이서비스,B2B서비스,MRO,경기,2004,979,그로쓰 2호 PEF,Growth,2019,강태호,회수완료(Exited),2023-11-11,815.3,97.2,357,136.7,38.3,339.2,1039.2,7.6,2.91,2.6,,1.47,16.1,2026-06-10,1198.4,구주매출
DL-00617,유진서비스,B2B서비스,시설관리,경기,2012,221,세컨더리 1호,Secondary,2023,정우성,투자완료(Active),2023-07-05,117.7,74.3,132,15.2,11.5,3.5,151.8,10.0,1.15,2.9,173.0,1.47,14.0,,,
DL-00618,한라스튜디오,미디어/콘텐츠,광고/마케팅,경기,1986,1107,벤처그로쓰 1호,Venture,2020,이서준,스크리닝(Screening),,,,611,161.3,26.4,604.5,1984.0,12.3,3.25,,,,,,,
DL-00619,가온게임즈,미디어/콘텐츠,엔터테인먼트,경기,2007,852,그로쓰 1호 PEF,Growth,2016,강태호,실사(DD),,,,726,253.4,34.9,674.3,2533.7,10.0,3.49,,,,,,,
DL-00620,가온스튜디오,미디어/콘텐츠,엔터테인먼트,서울,2005,717,벤처그로쓰 1호,Venture,2020,최예린,실사(DD),,,,351,36.9,10.5,124.2,398.0,10.8,1.13,,,,,,,
DL-00621,대명스튜디오,미디어/콘텐츠,게임,인천,2019,283,세컨더리 1호,Secondary,2023,정우성,투자심의(IC),,,,95,33.0,34.7,21.6,197.8,6.0,2.08,,,,,,,
DL-00622,대명커머스,물류/유통,이커머스,인천,2002,643,벤처그로쓰 1호,Venture,2020,배준영,스크리닝(Screening),,,,260,22.6,8.7,149.9,312.2,13.8,1.2,,,,,,,
DL-00623,서연파워,에너지/환경,수처리,경기,2013,7180,세컨더리 1호,Secondary,2023,최예린,회수완료(Exited),2024-03-04,11726.3,97.9,3458,968.2,28.0,561.7,11425.2,11.8,3.3,2.3,,2.27,43.6,2026-06-10,26638.7,IPO
DL-00624,코리아콘텐츠,미디어/콘텐츠,게임,서울,2008,1517,세컨더리 1호,Secondary,2023,서지원,소싱(Sourcing),,,,840,192.4,22.9,606.0,1327.3,6.9,1.58,,,,,,,
DL-00625,디에이치유통,소비재,화장품,전남,1986,444,벤처그로쓰 1호,Venture,2020,박민재,실사(DD),,,,174,23.7,13.6,128.8,260.3,11.0,1.5,,,,,,,
DL-00626,광림에셋,금융서비스,여신전문,경남,1989,5405,그로쓰 3호 PEF,Growth,2022,정우성,투자완료(Active),2023-06-17,16908.8,90.7,3147,1252.5,39.8,599.3,17034.1,13.6,5.41,3.0,38652.3,2.29,32.0,,,
DL-00627,광림서비스,B2B서비스,인력아웃소싱,서울,1987,206,스페셜시츄에이션 1호,Special Situation,2018,고은채,회수완료(Exited),2019-08-21,414.9,87.8,192,44.0,22.9,108.4,505.6,11.5,2.63,4.7,,2.39,20.1,2024-05-20,990.7,전략적매각(M&A)
DL-00628,신성환경,에너지/환경,수처리,충남,1989,748,바이아웃 1호 PEF,Buyout,2017,최예린,소싱(Sourcing),,,,323,101.1,31.3,218.1,1273.8,12.6,3.94,,,,,,,
DL-00629,아이엠이엔지,에너지/환경,수처리,부산,1986,233,그로쓰 3호 PEF,Growth,2022,박민재,투자완료(Active),2023-09-17,96.4,58.0,203,35.9,17.7,134.1,283.9,7.9,1.4,2.7,87.3,0.91,-3.6,,,
DL-00630,제이메디컬,바이오/헬스케어,의료기기,경북,1998,1273,바이아웃 2호 PEF,Buyout,2021,서지원,스크리닝(Screening),,,,469,25.3,5.4,55.4,217.8,8.6,0.46,,,,,,,
DL-00631,현우이엔지,B2B서비스,MRO,해외(싱가포르),2005,794,그로쓰 3호 PEF,Growth,2022,오세훈,회수완료(Exited),2024-09-18,955.3,91.8,427,159.7,37.4,799.6,1836.5,11.5,4.3,1.7,,1.24,13.4,2026-06-10,1186.2,전략적매각(M&A)
DL-00632,한라푸드,소비재,화장품,울산,2016,494,그로쓰 2호 PEF,Growth,2019,서지원,스크리닝(Screening),,,,196,71.9,36.7,407.6,963.9,13.4,4.92,,,,,,,
DL-00633,글로벌서비스,B2B서비스,시설관리,경기,2002,444,그로쓰 2호 PEF,Growth,2019,강태호,투자완료(Active),2025-05-10,687.4,61.8,481,148.6,30.9,988.0,2036.2,13.7,4.23,1.1,1383.7,2.01,90.6,,,
DL-00634,유진유통,소비재,화장품,경기,2002,360,그로쓰 1호 PEF,Growth,2016,오세훈,실사(DD),,,,185,63.1,34.1,159.5,353.3,5.6,1.91,,,,,,,
DL-00635,서연정밀,제조/소재,산업기계,부산,1988,232,세컨더리 1호,Secondary,2023,임수빈,소싱(Sourcing),,,,188,22.4,11.9,5.8,138.7,6.2,0.74,,,,,,,
DL-00636,삼정매니지먼트,B2B서비스,시설관리,서울,2013,550,스페셜시츄에이션 1호,Special Situation,2018,고은채,회수완료(Exited),2022-07-26,1494.7,68.1,687,228.1,33.2,577.6,2531.7,11.1,3.69,2.5,,1.48,17.2,2025-01-19,2216.4,재무적매각(Secondary)
DL-00637,보광익스프레스,물류/유통,콜드체인,서울,2004,1388,바이아웃 2호 PEF,Buyout,2021,서지원,투자완료(Active),2023-11-10,642.5,57.6,502,158.1,31.5,3.5,1075.3,6.8,2.14,2.6,596.2,0.93,-2.9,,,
DL-00638,중앙커머스,물류/유통,3PL물류,경기,1999,242,그로쓰 3호 PEF,Growth,2022,정우성,투자완료(Active),2025-06-02,112.9,36.8,166,26.9,16.2,14.3,277.0,10.3,1.67,1.0,152.5,1.35,34.2,,,
DL-00639,보광미디어,미디어/콘텐츠,광고/마케팅,부산,2015,2277,그로쓰 3호 PEF,Growth,2022,강태호,보류/철회(Dropped),,,,1239,400.2,32.3,1437.3,3081.5,7.7,2.49,,,,,,,
DL-00640,신성유통,물류/유통,콜드체인,경기,2013,188,벤처그로쓰 1호,Venture,2020,고은채,투자완료(Active),2022-04-17,101.9,48.3,205,65.0,31.7,155.8,331.4,5.1,1.62,4.1,78.9,0.77,-6.0,,,
DL-00641,한국유통,물류/유통,콜드체인,경기,1997,1546,스페셜시츄에이션 1호,Special Situation,2018,강태호,투자완료(Active),2023-05-19,2219.2,95.3,1341,273.6,20.4,78.4,2106.4,7.7,1.57,3.1,4775.8,2.15,28.5,,,
DL-00642,한라금융,금융서비스,자산관리,부산,2006,570,그로쓰 1호 PEF,Growth,2016,이서준,소싱(Sourcing),,,,233,86.9,37.3,35.6,530.1,6.1,2.28,,,,,,,
DL-00643,보광환경,에너지/환경,수처리,부산,2000,519,바이아웃 1호 PEF,Buyout,2017,한승우,소싱(Sourcing),,,,224,62.9,28.1,272.7,667.2,10.6,2.98,,,,,,,
DL-00644,보광진단,바이오/헬스케어,제약,대전,2013,811,벤처그로쓰 1호,Venture,2020,고은채,투자심의(IC),,,,656,106.3,16.2,140.5,775.8,7.3,1.18,,,,,,,
DL-00645,성안커머스,물류/유통,콜드체인,경기,2018,390,세컨더리 1호,Secondary,2023,배준영,소싱(Sourcing),,,,257,102.3,39.8,651.9,1493.4,14.6,5.81,,,,,,,
DL-00646,아이엠서비스,B2B서비스,MRO,해외(싱가포르),2017,3756,그로쓰 2호 PEF,Growth,2019,한승우,스크리닝(Screening),,,,2149,855.3,39.8,4100.7,10691.3,12.5,4.97,,,,,,,
DL-00647,에스물류,물류/유통,도소매유통,대구,2006,491,그로쓰 2호 PEF,Growth,2019,박민재,투자완료(Active),2022-04-18,179.8,20.5,292,90.2,30.9,581.8,1308.3,14.5,4.48,4.1,263.5,1.47,9.7,,,
DL-00648,태광푸드,소비재,패션/리빙,전남,1998,313,그로쓰 3호 PEF,Growth,2022,정우성,투자완료(Active),2023-12-15,1011.8,96.4,290,68.7,23.7,19.5,989.7,14.4,3.41,2.5,1346.0,1.33,12.2,,,
DL-00649,케이리빙,소비재,화장품,서울,1993,2009,바이아웃 1호 PEF,Buyout,2017,배준영,실사(DD),,,,805,53.9,6.7,50.4,507.0,9.4,0.63,,,,,,,
DL-00650,우진랩스,IT/소프트웨어,SaaS,전남,1992,656,그로쓰 2호 PEF,Growth,2019,박민재,투자완료(Active),2024-02-15,50.3,21.3,342,28.0,8.2,67.7,283.2,10.1,0.83,2.3,18.9,0.38,-34.4,,,
DL-00651,광림소프트,IT/소프트웨어,정보보안,경기,1990,3297,바이아웃 2호 PEF,Buyout,2021,정우성,보류/철회(Dropped),,,,1371,489.4,35.7,1227.0,2545.1,5.2,1.86,,,,,,,
DL-00652,신성파워,에너지/환경,신재생에너지,울산,2003,842,그로쓰 1호 PEF,Growth,2016,오세훈,회수완료(Exited),2024-04-27,106.7,84.8,288,30.2,10.5,94.9,202.6,6.7,0.7,2.1,,1.14,6.4,2026-06-10,121.6,재무적매각(Secondary)
DL-00653,제이스튜디오,미디어/콘텐츠,엔터테인먼트,서울,2015,696,그로쓰 1호 PEF,Growth,2016,강태호,소싱(Sourcing),,,,251,58.7,23.4,2.9,387.6,6.6,1.54,,,,,,,
DL-00654,동방소프트,IT/소프트웨어,데이터/AI,해외(베트남),2019,589,세컨더리 1호,Secondary,2023,윤지호,회수완료(Exited),2023-09-21,94.9,30.3,212,70.6,33.3,84.1,353.0,5.0,1.67,2.7,,1.04,1.3,2026-06-10,98.3,구주매출
DL-00655,서연푸드,소비재,화장품,서울,1991,1549,그로쓰 3호 PEF,Growth,2022,정우성,투자완료(Active),2023-09-09,644.6,46.3,644,170.7,26.5,160.4,1280.0,7.5,1.99,2.8,1285.9,1.99,28.5,,,
DL-00656,코리아커머스,물류/유통,이커머스,경기,1987,2269,그로쓰 3호 PEF,Growth,2022,오세훈,투자완료(Active),2022-03-11,4476.5,86.8,2729,739.6,27.1,4672.5,9540.3,12.9,3.5,4.2,6534.9,1.46,9.3,,,
DL-00657,보광에셋,금융서비스,결제,서울,2014,1725,스페셜시츄에이션 1호,Special Situation,2018,임수빈,보류/철회(Dropped),,,,609,55.4,9.1,166.1,432.3,7.8,0.71,,,,,,,
DL-00658,세진파워,에너지/환경,폐기물처리,울산,2006,1396,세컨더리 1호,Secondary,2023,서지원,소싱(Sourcing),,,,700,226.8,32.4,26.8,2109.2,9.3,3.01,,,,,,,
DL-00659,에스소프트,IT/소프트웨어,핀테크,서울,2004,410,바이아웃 2호 PEF,Buyout,2021,박민재,회수완료(Exited),2023-11-13,422.0,35.6,342,129.6,37.9,925.7,1905.4,14.7,5.57,2.6,,2.5,42.7,2026-06-10,1054.5,재무적매각(Secondary)
DL-00660,세진매니지먼트,B2B서비스,시설관리,경기,2018,284,바이아웃 1호 PEF,Buyout,2017,남기훈,회수완료(Exited),2025-06-04,356.8,77.3,219,63.1,28.8,306.1,712.7,11.3,3.25,1.0,,3.48,241.5,2026-06-10,1242.2,재무적매각(Secondary)
DL-00661,에스소재,제조/소재,2차전지소재,서울,2020,1378,바이아웃 2호 PEF,Buyout,2021,김도현,소싱(Sourcing),,,,560,171.9,30.7,62.6,1873.9,10.9,3.35,,,,,,,
DL-00662,대명제약,바이오/헬스케어,의료기기,경기,1997,373,그로쓰 3호 PEF,Growth,2022,서지원,투자심의(IC),,,,222,28.6,12.9,29.2,415.3,14.5,1.87,,,,,,,
DL-00663,에스제약,바이오/헬스케어,의료기기,대구,2018,425,벤처그로쓰 1호,Venture,2020,김도현,투자완료(Active),2020-09-12,373.7,63.3,292,78.8,27.0,252.5,764.7,9.7,2.62,5.7,1092.8,2.92,20.6,,,
DL-00664,우진커머스,물류/유통,3PL물류,울산,2008,977,바이아웃 1호 PEF,Buyout,2017,한승우,소싱(Sourcing),,,,392,78.8,20.1,23.2,441.2,5.6,1.13,,,,,,,
DL-00665,한국로지스틱스,물류/유통,콜드체인,대전,1999,1248,세컨더리 1호,Secondary,2023,정우성,투자완료(Active),2025-05-07,327.7,65.2,614,52.8,8.6,239.4,675.9,12.8,1.1,1.1,1104.0,3.37,204.0,,,
DL-00666,광림케미칼,제조/소재,철강금속,해외(미국),2000,509,그로쓰 2호 PEF,Growth,2019,이서준,보류/철회(Dropped),,,,209,76.5,36.6,138.5,703.7,9.2,3.37,,,,,,,
DL-00667,광림파워,에너지/환경,수처리,대구,1986,983,그로쓰 1호 PEF,Growth,2016,정우성,투자완료(Active),2018-11-04,423.7,48.7,545,82.8,15.2,10.7,753.8,9.1,1.38,7.6,327.1,0.77,-3.3,,,
DL-00668,대명환경,에너지/환경,수처리,서울,2007,1351,벤처그로쓰 1호,Venture,2020,남기훈,투자심의(IC),,,,681,153.2,22.5,159.0,904.0,5.9,1.33,,,,,,,
DL-00669,제이F&B,소비재,패션/리빙,부산,2016,185,스페셜시츄에이션 1호,Special Situation,2018,정우성,실사(DD),,,,123,44.8,36.4,268.4,559.6,12.5,4.55,,,,,,,
DL-00670,아이엠시스템,IT/소프트웨어,핀테크,전북,1996,655,바이아웃 2호 PEF,Buyout,2021,배준영,투자완료(Active),2023-04-09,108.9,88.2,240,28.8,12.0,50.8,169.9,5.9,0.71,3.2,144.1,1.32,9.2,,,
DL-00671,미래진단,바이오/헬스케어,디지털헬스,충북,1990,847,바이아웃 2호 PEF,Buyout,2021,오세훈,투자완료(Active),2021-02-23,479.7,59.6,284,96.3,33.9,56.0,722.1,7.5,2.54,5.3,440.9,0.92,-1.6,,,
DL-00672,한국리빙,소비재,화장품,서울,2013,625,그로쓰 1호 PEF,Growth,2016,고은채,투자완료(Active),2023-01-13,317.8,66.0,301,74.9,24.9,289.2,682.0,9.1,2.27,3.4,448.8,1.41,10.7,,,
DL-00673,글로벌환경,에너지/환경,전력/전기,경기,1993,83,벤처그로쓰 1호,Venture,2020,이서준,보류/철회(Dropped),,,,82,24.3,29.6,91.3,315.5,13.0,3.85,,,,,,,
DL-00674,미래매니지먼트,B2B서비스,MRO,서울,2020,1347,벤처그로쓰 1호,Venture,2020,남기훈,투자완료(Active),2023-04-25,771.6,54.9,764,110.0,14.4,339.2,1474.2,13.4,1.93,3.1,724.8,0.94,-2.0,,,
DL-00675,디에이치이엔지,B2B서비스,인력아웃소싱,서울,2002,7329,벤처그로쓰 1호,Venture,2020,이서준,보류/철회(Dropped),,,,3120,951.6,30.5,2825.7,11514.4,12.1,3.69,,,,,,,
DL-00676,태광진단,바이오/헬스케어,디지털헬스,경기,2017,1157,바이아웃 2호 PEF,Buyout,2021,강태호,스크리닝(Screening),,,,489,78.2,16.0,121.6,399.0,5.1,0.82,,,,,,,
DL-00677,제이에너지,에너지/환경,신재생에너지,인천,1996,778,그로쓰 3호 PEF,Growth,2022,남기훈,스크리닝(Screening),,,,303,57.9,19.1,238.0,694.5,12.0,2.29,,,,,,,
DL-00678,디에이치엔터,미디어/콘텐츠,교육,서울,1990,441,스페셜시츄에이션 1호,Special Situation,2018,정우성,스크리닝(Screening),,,,149,34.7,23.3,54.7,180.5,5.2,1.21,,,,,,,
DL-00679,미래정밀,제조/소재,정밀화학,서울,2004,970,그로쓰 1호 PEF,Growth,2016,김도현,실사(DD),,,,809,310.7,38.4,665.4,2143.5,6.9,2.65,,,,,,,
DL-00680,중앙코스메틱,소비재,패션/리빙,부산,1996,1181,그로쓰 3호 PEF,Growth,2022,임수빈,투자완료(Active),2022-09-04,480.5,84.6,429,88.4,20.6,462.9,989.8,11.2,2.31,3.8,604.8,1.26,6.3,,,
DL-00681,현우바이오,바이오/헬스케어,CRO/CDMO,경기,2014,3522,그로쓰 3호 PEF,Growth,2022,오세훈,회수완료(Exited),2023-11-24,1192.9,39.7,1744,324.4,18.6,179.3,3081.6,9.5,1.77,2.5,,2.59,45.4,2026-06-10,3091.0,Recap/배당
DL-00682,유진메탈,제조/소재,정밀화학,서울,2018,794,그로쓰 2호 PEF,Growth,2019,서지원,투자완료(Active),2020-07-08,652.0,55.8,559,130.2,23.3,527.8,1641.1,12.6,2.94,5.9,1739.6,2.67,18.0,,,
DL-00683,제이게임즈,미디어/콘텐츠,교육,경기,1988,1173,바이아웃 2호 PEF,Buyout,2021,배준영,투자완료(Active),2024-01-17,336.3,33.9,422,160.8,38.1,382.5,1302.3,8.1,3.09,2.4,887.7,2.64,50.0,,,
DL-00684,한솔그린텍,에너지/환경,신재생에너지,인천,1987,479,그로쓰 3호 PEF,Growth,2022,한승우,투자심의(IC),,,,575,69.6,12.1,158.2,494.0,7.1,0.86,,,,,,,
DL-00685,현우엔터,미디어/콘텐츠,광고/마케팅,전남,2006,1207,그로쓰 1호 PEF,Growth,2016,정우성,투자완료(Active),2023-07-01,775.7,40.7,900,308.7,34.3,118.1,1667.0,5.4,1.85,2.9,1864.8,2.4,34.7,,,
DL-00686,광림물류,물류/유통,이커머스,충북,2010,162,세컨더리 1호,Secondary,2023,최예린,투자완료(Active),2023-03-10,10.1,34.7,64,4.8,7.5,2.3,29.3,6.1,0.46,3.3,23.9,2.36,30.2,,,
DL-00687,동방콘텐츠,미디어/콘텐츠,엔터테인먼트,경북,1987,946,바이아웃 1호 PEF,Buyout,2017,박민재,투자완료(Active),2017-10-04,271.9,39.3,382,49.7,13.0,60.9,660.5,13.3,1.73,8.7,405.8,1.49,4.7,,,
DL-00688,대명정밀,제조/소재,철강금속,울산,1994,1249,벤처그로쓰 1호,Venture,2020,김도현,투자완료(Active),2021-08-20,771.5,60.4,1099,131.9,12.0,294.2,1503.4,11.4,1.37,4.8,1380.0,1.79,12.9,,,
DL-00689,보광페이,금융서비스,여신전문,서울,2020,246,바이아웃 1호 PEF,Buyout,2017,오세훈,투자완료(Active),2017-03-13,87.4,69.5,127,20.4,16.1,4.1,124.7,6.1,0.98,9.2,219.7,2.51,10.5,,,
DL-00690,한국헬스케어,바이오/헬스케어,제약,서울,2021,420,그로쓰 1호 PEF,Growth,2016,고은채,투자심의(IC),,,,189,51.0,27.0,20.0,540.9,10.6,2.86,,,,,,,
DL-00691,삼정금융,금융서비스,결제,경기,2001,190,바이아웃 1호 PEF,Buyout,2017,서지원,투자완료(Active),2024-02-23,146.8,78.5,170,17.7,10.4,33.1,183.9,10.4,1.08,2.3,207.7,1.41,16.3,,,
DL-00692,케이메디컬,바이오/헬스케어,체외진단,서울,2019,155,세컨더리 1호,Secondary,2023,윤지호,투자완료(Active),2024-04-08,32.7,55.5,86,10.6,12.3,42.5,96.3,9.1,1.12,2.2,44.7,1.36,15.4,,,
DL-00693,한솔콘텐츠,미디어/콘텐츠,광고/마케팅,서울,1997,1306,바이아웃 1호 PEF,Buyout,2017,남기훈,스크리닝(Screening),,,,804,170.4,21.2,918.1,2318.1,13.6,2.88,,,,,,,
DL-00694,정밀물류,물류/유통,이커머스,경기,2011,321,세컨더리 1호,Secondary,2023,최예린,회수완료(Exited),2023-07-04,206.6,95.5,166,40.3,24.3,51.2,266.2,6.6,1.6,2.7,,1.47,15.6,2026-02-27,303.9,재무적매각(Secondary)
DL-00695,아이엠제약,바이오/헬스케어,디지털헬스,서울,1993,1939,벤처그로쓰 1호,Venture,2020,임수빈,스크리닝(Screening),,,,889,234.7,26.4,784.5,2957.2,12.6,3.33,,,,,,,
DL-00696,한국산업,제조/소재,자동차부품,경기,2007,658,그로쓰 2호 PEF,Growth,2019,강태호,회수완료(Exited),2024-01-04,219.7,58.0,235,29.4,12.5,71.4,393.6,13.4,1.68,2.4,,0.89,-4.8,2026-06-10,195.2,전략적매각(M&A)
DL-00697,케이제약,바이오/헬스케어,의료기기,인천,2000,246,세컨더리 1호,Secondary,2023,남기훈,보류/철회(Dropped),,,,151,47.4,31.4,57.8,303.4,6.4,2.01,,,,,,,
DL-00698,광림메디컬,바이오/헬스케어,제약,강원,2016,1885,그로쓰 3호 PEF,Growth,2022,임수빈,회수완료(Exited),2022-10-04,4838.1,69.9,1982,713.5,36.0,4712.3,10631.4,14.9,5.36,3.7,,3.78,43.4,2026-06-10,18264.3,재무적매각(Secondary)
DL-00699,글로벌익스프레스,물류/유통,3PL물류,해외(싱가포르),2011,3721,세컨더리 1호,Secondary,2023,김도현,투자완료(Active),2023-01-25,687.1,59.2,1334,184.1,13.8,913.0,1859.3,10.1,1.39,3.4,719.6,1.05,1.4,,,
DL-00700,에스커머스,물류/유통,콜드체인,경기,2014,480,바이아웃 2호 PEF,Buyout,2021,남기훈,보류/철회(Dropped),,,,583,35.6,6.1,225.7,487.2,13.7,0.84,,,,,,,
DL-00701,코리아소재,제조/소재,정밀화학,충남,1993,466,스페셜시츄에이션 1호,Special Situation,2018,윤지호,투자완료(Active),2025-06-21,583.4,93.1,473,67.6,14.3,438.1,953.7,14.1,2.02,1.0,738.4,1.27,27.5,,,
DL-00702,아이엠테크,IT/소프트웨어,핀테크,울산,2006,3259,그로쓰 2호 PEF,Growth,2019,김도현,투자완료(Active),2022-09-17,1023.9,82.9,1797,188.7,10.5,928.9,2132.1,11.3,1.19,3.7,668.2,0.65,-10.8,,,
DL-00703,우진식품,소비재,식음료,대전,1999,215,그로쓰 2호 PEF,Growth,2019,김도현,투자완료(Active),2024-07-21,112.2,68.4,83,15.4,18.5,16.7,173.5,11.3,2.09,1.9,112.3,1.0,0.0,,,
DL-00704,우진정밀,제조/소재,2차전지소재,서울,1989,1148,바이아웃 1호 PEF,Buyout,2017,남기훈,소싱(Sourcing),,,,673,126.5,18.8,251.5,1695.4,13.4,2.52,,,,,,,
DL-00705,광림유통,물류/유통,이커머스,광주,2001,251,그로쓰 1호 PEF,Growth,2016,서지원,회수완료(Exited),2024-06-22,92.0,85.4,270,19.4,7.2,86.9,192.5,9.9,0.71,2.0,,3.34,84.6,2026-06-10,307.0,IPO
DL-00706,동성에너지,에너지/환경,전력/전기,인천,2015,394,벤처그로쓰 1호,Venture,2020,임수빈,실사(DD),,,,303,67.0,22.1,261.9,703.1,10.5,2.32,,,,,,,
DL-00707,유진메디컬,바이오/헬스케어,제약,경기,2010,398,세컨더리 1호,Secondary,2023,강태호,회수완료(Exited),2023-01-26,206.7,89.9,231,48.0,20.8,115.4,307.5,6.4,1.33,3.4,,1.77,18.5,2026-06-10,366.0,전략적매각(M&A)
DL-00708,코리아제약,바이오/헬스케어,CRO/CDMO,서울,2020,705,스페셜시츄에이션 1호,Special Situation,2018,박민재,실사(DD),,,,264,69.2,26.2,150.5,691.7,10.0,2.62,,,,,,,
DL-00709,유진페이,금융서비스,여신전문,부산,2016,1970,그로쓰 3호 PEF,Growth,2022,정우성,투자완료(Active),2025-06-20,206.8,54.3,901,49.6,5.5,31.8,401.4,8.1,0.45,1.0,227.6,1.1,10.4,,,
DL-00710,글로벌그린텍,에너지/환경,폐기물처리,해외(싱가포르),2011,3413,그로쓰 2호 PEF,Growth,2019,김도현,투자완료(Active),2022-09-18,6318.7,75.9,2203,806.3,36.6,1108.3,7901.7,9.8,3.59,3.7,17342.6,2.74,31.1,,,
DL-00711,디에이치식품,소비재,화장품,경기,2005,156,그로쓰 2호 PEF,Growth,2019,윤지호,투자완료(Active),2024-01-16,114.6,51.2,113,29.5,26.1,196.4,410.0,13.9,3.63,2.4,341.9,2.98,57.7,,,
DL-00712,광림그린텍,에너지/환경,신재생에너지,경기,2005,473,그로쓰 3호 PEF,Growth,2022,배준영,실사(DD),,,,390,140.0,35.9,397.3,980.1,7.0,2.51,,,,,,,
DL-00713,한솔소프트,IT/소프트웨어,정보보안,광주,2003,269,바이아웃 1호 PEF,Buyout,2017,한승우,투자완료(Active),2020-04-27,187.3,22.0,216,63.7,29.5,128.2,860.2,13.5,3.98,6.1,357.1,1.91,11.1,,,
DL-00714,에스페이,금융서비스,자산관리,인천,2002,560,세컨더리 1호,Secondary,2023,배준영,실사(DD),,,,371,97.2,26.2,222.3,758.2,7.8,2.04,,,,,,,
DL-00715,정밀메탈,제조/소재,자동차부품,서울,1996,162,스페셜시츄에이션 1호,Special Situation,2018,서지원,실사(DD),,,,79,4.9,6.2,10.8,38.2,7.8,0.48,,,,,,,
DL-00716,디에이치서비스,B2B서비스,인력아웃소싱,전남,1995,1675,그로쓰 3호 PEF,Growth,2022,박민재,소싱(Sourcing),,,,981,308.0,31.4,765.6,4528.1,14.7,4.62,,,,,,,
DL-00717,세진솔루션,IT/소프트웨어,데이터/AI,대전,1995,658,그로쓰 2호 PEF,Growth,2019,고은채,스크리닝(Screening),,,,248,68.4,27.6,19.0,725.5,10.6,2.93,,,,,,,
DL-00718,대한식품,소비재,리테일,서울,1993,1003,바이아웃 1호 PEF,Buyout,2017,박민재,보류/철회(Dropped),,,,404,127.3,31.5,14.3,1488.9,11.7,3.69,,,,,,,
DL-00719,동성페이,금융서비스,여신전문,인천,1998,339,그로쓰 1호 PEF,Growth,2016,정우성,투자완료(Active),2025-04-18,34.4,33.1,177,30.4,17.2,77.8,176.6,5.8,1.0,1.1,72.4,2.1,91.4,,,
DL-00720,태광유통,물류/유통,콜드체인,전북,2013,1673,스페셜시츄에이션 1호,Special Situation,2018,이서준,투자완료(Active),2020-04-22,342.3,36.0,651,125.0,19.2,17.7,849.9,6.8,1.31,6.1,1482.3,4.33,27.0,,,
DL-00721,성안코스메틱,소비재,패션/리빙,인천,2004,2410,바이아웃 2호 PEF,Buyout,2021,정우성,투자완료(Active),2024-05-17,2277.6,80.3,813,309.8,38.1,451.2,2756.8,8.9,3.39,2.1,3453.4,1.52,22.3,,,
DL-00722,현우식품,소비재,식음료,경북,2002,960,그로쓰 1호 PEF,Growth,2016,고은채,소싱(Sourcing),,,,1047,191.6,18.3,163.5,2050.1,10.7,1.96,,,,,,,
DL-00723,동방리빙,소비재,화장품,경기,1992,333,그로쓰 1호 PEF,Growth,2016,최예린,투자완료(Active),2023-02-20,778.7,79.5,267,100.4,37.6,558.6,1395.4,13.9,5.23,3.3,1201.5,1.54,14.0,,,
DL-00724,한라시스템,IT/소프트웨어,핀테크,서울,1994,355,세컨더리 1호,Secondary,2023,이서준,투자완료(Active),2023-06-29,168.1,97.8,195,35.5,18.2,41.4,191.6,5.4,0.98,2.9,340.9,2.03,27.1,,,
DL-00725,서연커머스,물류/유통,도소매유통,충북,2012,783,그로쓰 1호 PEF,Growth,2016,고은채,투자완료(Active),2016-12-28,1038.2,67.8,548,179.2,32.7,811.7,2186.2,12.2,3.99,9.4,1591.9,1.53,4.6,,,
DL-00726,글로벌파워,에너지/환경,폐기물처리,해외(싱가포르),2016,703,바이아웃 2호 PEF,Buyout,2021,박민재,회수완료(Exited),2023-01-05,1011.0,71.6,638,246.3,38.6,183.9,1453.0,5.9,2.28,3.4,,2.68,33.3,2026-06-10,2705.2,IPO
DL-00727,제이이엔지,에너지/환경,폐기물처리,인천,1993,1849,그로쓰 3호 PEF,Growth,2022,고은채,투자완료(Active),2024-11-30,617.6,28.3,926,313.0,33.8,2139.1,4319.2,13.8,4.66,1.5,719.3,1.16,10.5,,,
DL-00728,가온파워,에너지/환경,수처리,인천,2011,292,스페셜시츄에이션 1호,Special Situation,2018,정우성,투자완료(Active),2023-08-29,89.6,84.0,123,12.8,10.4,57.3,152.2,11.9,1.24,2.8,81.6,0.91,-3.3,,,
DL-00729,가온로지스틱스,물류/유통,이커머스,해외(미국),2003,569,바이아웃 1호 PEF,Buyout,2017,김도현,소싱(Sourcing),,,,197,63.4,32.2,45.8,361.6,5.7,1.84,,,,,,,
DL-00730,동성게임즈,미디어/콘텐츠,엔터테인먼트,서울,1998,417,바이아웃 2호 PEF,Buyout,2021,강태호,투자심의(IC),,,,182,67.7,37.2,229.0,771.8,11.4,4.24,,,,,,,
DL-00731,한국소재,제조/소재,2차전지소재,대전,1991,902,스페셜시츄에이션 1호,Special Situation,2018,배준영,투자완료(Active),2022-04-06,267.2,23.1,302,108.1,35.8,536.8,1567.7,14.5,5.19,4.2,712.1,2.67,26.4,,,
DL-00732,동방이엔지,B2B서비스,인력아웃소싱,광주,2006,241,그로쓰 2호 PEF,Growth,2019,임수빈,투자심의(IC),,,,142,45.7,32.2,66.8,617.3,13.5,4.35,,,,,,,
DL-00733,아이엠케미칼,제조/소재,산업기계,충남,2014,245,세컨더리 1호,Secondary,2023,이서준,투자완료(Active),2023-05-01,337.7,75.9,181,59.7,33.0,225.0,621.2,10.4,3.43,3.1,782.6,2.32,31.0,,,
DL-00734,코리아헬스케어,바이오/헬스케어,제약,서울,2015,987,그로쓰 3호 PEF,Growth,2022,고은채,소싱(Sourcing),,,,395,127.2,32.2,754.3,1666.2,13.1,4.22,,,,,,,
DL-00735,서연케미칼,제조/소재,정밀화학,경기,1993,936,그로쓰 2호 PEF,Growth,2019,이서준,스크리닝(Screening),,,,479,85.3,17.8,10.5,1023.1,12.0,2.14,,,,,,,
DL-00736,케이파워,에너지/환경,신재생에너지,서울,1989,457,스페셜시츄에이션 1호,Special Situation,2018,한승우,투자완료(Active),2019-07-18,131.5,29.7,162,61.9,38.2,106.8,532.2,8.6,3.29,6.9,238.1,1.81,9.0,,,
DL-00737,가온에셋,금융서비스,인슈어테크,경기,2020,98,그로쓰 3호 PEF,Growth,2022,오세훈,투자심의(IC),,,,119,22.3,18.7,49.4,193.6,8.7,1.63,,,,,,,
DL-00738,세진이엔지,B2B서비스,엔지니어링,서울,1991,294,세컨더리 1호,Secondary,2023,임수빈,투자완료(Active),2025-05-28,339.0,60.8,130,35.0,26.9,16.9,475.6,13.6,3.66,1.0,289.1,0.85,-14.3,,,
DL-00739,광림시스템,IT/소프트웨어,시스템통합,경기,2010,1298,스페셜시츄에이션 1호,Special Situation,2018,김도현,회수완료(Exited),2024-11-23,2921.7,96.0,1202,314.9,26.2,1614.9,4314.5,13.7,3.59,1.5,,3.04,105.3,2026-06-10,8874.1,전략적매각(M&A)
DL-00740,케이푸드,소비재,패션/리빙,서울,1994,659,그로쓰 2호 PEF,Growth,2019,한승우,소싱(Sourcing),,,,250,69.5,27.8,176.8,1035.5,14.9,4.14,,,,,,,
DL-00741,누리파워,에너지/환경,전력/전기,경기,2016,1030,그로쓰 3호 PEF,Growth,2022,임수빈,실사(DD),,,,489,132.0,27.0,825.8,1888.0,14.3,3.86,,,,,,,
DL-00742,중앙리빙,소비재,패션/리빙,전북,1997,2574,바이아웃 1호 PEF,Buyout,2017,강태호,보류/철회(Dropped),,,,1144,221.9,19.4,357.5,1686.7,7.6,1.47,,,,,,,
DL-00743,유진파마,바이오/헬스케어,체외진단,인천,2018,164,바이아웃 1호 PEF,Buyout,2017,배준영,투자완료(Active),2020-10-13,95.4,34.6,65,23.2,35.7,27.2,264.5,11.4,4.07,5.7,149.2,1.56,8.2,,,
DL-00744,중앙금융,금융서비스,인슈어테크,경기,1989,839,벤처그로쓰 1호,Venture,2020,박민재,스크리닝(Screening),,,,482,120.0,24.9,21.4,840.1,7.0,1.74,,,,,,,
DL-00745,정밀에셋,금융서비스,여신전문,서울,1988,190,그로쓰 3호 PEF,Growth,2022,이서준,투자심의(IC),,,,110,10.4,9.5,23.3,62.7,6.0,0.57,,,,,,,
DL-00746,미래소재,제조/소재,철강금속,해외(싱가포르),1999,179,바이아웃 2호 PEF,Buyout,2021,최예린,투자완료(Active),2021-02-17,347.7,64.3,136,42.6,31.3,107.6,608.7,14.3,4.48,5.3,202.8,0.58,-9.7,,,
DL-00747,한국미디어,미디어/콘텐츠,광고/마케팅,서울,1991,586,바이아웃 2호 PEF,Buyout,2021,배준영,투자완료(Active),2022-07-27,52.3,28.6,208,28.1,13.5,139.0,311.7,11.1,1.5,3.9,60.0,1.15,3.6,,,
DL-00748,에스미디어,미디어/콘텐츠,교육,광주,2009,84,스페셜시츄에이션 1호,Special Situation,2018,고은채,투자완료(Active),2023-09-10,194.6,69.3,100,20.3,20.3,47.9,280.1,13.8,2.8,2.7,343.0,1.76,22.9,,,
DL-00749,우진솔루션,IT/소프트웨어,시스템통합,서울,2000,195,벤처그로쓰 1호,Venture,2020,강태호,투자심의(IC),,,,88,34.0,38.6,113.9,404.2,11.9,4.59,,,,,,,
DL-00750,유진소프트,IT/소프트웨어,데이터/AI,경기,2016,470,벤처그로쓰 1호,Venture,2020,강태호,투자심의(IC),,,,338,66.9,19.8,109.5,629.1,9.4,1.86,,,,,,,
DL-00751,세진물류,물류/유통,도소매유통,경북,1999,3845,스페셜시츄에이션 1호,Special Situation,2018,강태호,소싱(Sourcing),,,,1366,209.0,15.3,395.8,2842.4,13.6,2.08,,,,,,,
DL-00752,서연식품,소비재,리테일,부산,2012,849,그로쓰 3호 PEF,Growth,2022,최예린,투자완료(Active),2022-07-27,667.2,41.5,896,298.4,33.3,744.1,2088.6,7.0,2.33,3.9,1162.8,1.74,15.4,,,
DL-00753,신성매니지먼트,B2B서비스,엔지니어링,강원,1995,1029,바이아웃 1호 PEF,Buyout,2017,배준영,소싱(Sourcing),,,,939,53.5,5.7,15.2,535.2,10.0,0.57,,,,,,,
DL-00754,신성정밀,제조/소재,2차전지소재,서울,2014,617,벤처그로쓰 1호,Venture,2020,오세훈,투자완료(Active),2020-05-17,114.8,98.6,251,22.1,8.8,53.0,165.7,7.5,0.66,6.1,132.1,1.15,2.3,,,
DL-00755,가온금융,금융서비스,결제,광주,2007,3287,세컨더리 1호,Secondary,2023,서지원,회수완료(Exited),2023-06-20,2126.9,60.3,1149,394.1,34.3,450.9,3586.4,9.1,3.12,3.0,,1.68,19.1,2026-06-10,3579.6,IPO
DL-00756,태광에너지,에너지/환경,수처리,서울,1993,990,그로쓰 3호 PEF,Growth,2022,임수빈,회수완료(Exited),2024-09-23,215.1,51.9,561,76.3,13.6,45.0,396.7,5.2,0.71,1.7,,3.32,101.6,2026-06-10,714.0,Recap/배당
DL-00757,신성케미칼,제조/소재,산업기계,전남,2014,181,바이아웃 2호 PEF,Buyout,2021,강태호,소싱(Sourcing),,,,68,16.5,24.3,43.8,89.2,5.4,1.31,,,,,,,
DL-00758,코리아테크,IT/소프트웨어,정보보안,경기,1994,1542,그로쓰 3호 PEF,Growth,2022,김도현,보류/철회(Dropped),,,,954,67.7,7.1,215.7,684.1,10.1,0.72,,,,,,,
DL-00759,코리아금융,금융서비스,결제,경기,2018,2843,벤처그로쓰 1호,Venture,2020,최예린,투자심의(IC),,,,1255,395.3,31.5,944.8,3676.5,9.3,2.93,,,,,,,
DL-00760,동방매니지먼트,B2B서비스,인력아웃소싱,경기,2004,707,스페셜시츄에이션 1호,Special Situation,2018,정우성,소싱(Sourcing),,,,345,113.9,33.0,335.4,1571.1,13.8,4.55,,,,,,,
DL-00761,동방코스메틱,소비재,식음료,경북,1989,128,바이아웃 2호 PEF,Buyout,2021,남기훈,투자완료(Active),2025-01-30,62.0,98.4,83,7.5,9.0,35.5,87.4,11.7,1.05,1.4,148.1,2.39,90.0,,,
DL-00762,서연서비스,B2B서비스,엔지니어링,경기,2004,1082,바이아웃 2호 PEF,Buyout,2021,강태호,회수완료(Exited),2021-08-07,928.0,85.9,401,77.0,19.2,167.6,1116.4,14.5,2.78,4.8,,1.93,14.6,2026-06-10,1791.4,Recap/배당
DL-00763,서연미디어,미디어/콘텐츠,엔터테인먼트,부산,1988,675,그로쓰 2호 PEF,Growth,2019,배준영,실사(DD),,,,236,24.5,10.4,3.6,238.1,9.7,1.01,,,,,,,
DL-00764,중앙솔루션,IT/소프트웨어,정보보안,부산,2003,141,스페셜시츄에이션 1호,Special Situation,2018,윤지호,회수완료(Exited),2019-02-17,22.0,26.6,53,8.9,16.8,29.1,97.9,11.0,1.85,1.5,,1.19,12.2,2020-09-03,26.2,IPO
DL-00765,우진바이오,바이오/헬스케어,제약,서울,2007,1597,벤처그로쓰 1호,Venture,2020,서지원,투자완료(Active),2020-06-17,507.3,99.1,534,57.7,10.8,23.4,467.1,8.1,0.87,6.0,1045.5,2.06,12.9,,,
DL-00766,미래메디컬,바이오/헬스케어,디지털헬스,부산,1993,73,그로쓰 2호 PEF,Growth,2019,고은채,투자완료(Active),2021-07-05,57.7,75.1,73,10.3,14.1,41.1,117.3,11.4,1.61,4.9,186.3,3.23,26.8,,,
DL-00767,삼정에셋,금융서비스,결제,대구,2000,518,스페셜시츄에이션 1호,Special Situation,2018,윤지호,회수완료(Exited),2019-04-28,551.1,31.8,558,117.7,21.1,26.0,1412.9,12.0,2.53,2.2,,3.74,81.9,2021-07-11,2059.6,구주매출
DL-00768,케이F&B,소비재,리테일,서울,2015,1563,바이아웃 2호 PEF,Buyout,2021,남기훈,스크리닝(Screening),,,,590,110.3,18.7,22.9,937.8,8.5,1.59,,,,,,,
DL-00769,세진유통,물류/유통,도소매유통,경기,2012,180,벤처그로쓰 1호,Venture,2020,남기훈,보류/철회(Dropped),,,,202,16.8,8.3,38.7,231.4,13.8,1.15,,,,,,,
DL-00770,디에이치메디컬,바이오/헬스케어,의료기기,전북,1985,1517,그로쓰 3호 PEF,Growth,2022,윤지호,소싱(Sourcing),,,,815,268.9,33.0,3.2,2339.9,8.7,2.87,,,,,,,
DL-00771,한라매니지먼트,B2B서비스,시설관리,경기,1987,282,바이아웃 1호 PEF,Buyout,2017,윤지호,투자완료(Active),2020-09-24,120.6,21.4,315,75.9,24.1,298.3,789.5,10.4,2.51,5.7,278.8,2.31,15.8,,,
DL-00772,서연페이,금융서비스,자산관리,서울,2001,213,그로쓰 1호 PEF,Growth,2016,고은채,스크리닝(Screening),,,,236,79.8,33.8,0.7,590.3,7.4,2.5,,,,,,,
DL-00773,케이소프트,IT/소프트웨어,정보보안,경기,1988,1067,바이아웃 2호 PEF,Buyout,2021,배준영,투자완료(Active),2023-03-08,424.4,64.9,398,94.3,23.7,386.1,990.4,10.5,2.49,3.3,691.9,1.63,16.2,,,
DL-00774,우진스튜디오,미디어/콘텐츠,게임,대구,1998,1629,스페셜시츄에이션 1호,Special Situation,2018,박민재,회수완료(Exited),2025-03-02,280.7,25.5,702,223.2,31.8,879.9,1763.6,7.9,2.51,1.3,,4.54,228.5,2026-06-10,1275.7,재무적매각(Secondary)
DL-00775,대명헬스케어,바이오/헬스케어,제약,경기,2002,1599,세컨더리 1호,Secondary,2023,한승우,소싱(Sourcing),,,,800,65.6,8.2,179.9,446.1,6.8,0.56,,,,,,,
DL-00776,중앙익스프레스,물류/유통,3PL물류,충남,2006,1196,그로쓰 2호 PEF,Growth,2019,이서준,스크리닝(Screening),,,,447,167.2,37.4,28.1,1889.1,11.3,4.23,,,,,,,
DL-00777,세진콘텐츠,미디어/콘텐츠,게임,울산,2015,4829,스페셜시츄에이션 1호,Special Situation,2018,정우성,스크리닝(Screening),,,,2151,157.0,7.3,265.3,2339.6,14.9,1.09,,,,,,,
DL-00778,성안에셋,금융서비스,결제,서울,1985,1104,그로쓰 1호 PEF,Growth,2016,김도현,투자완료(Active),2016-01-31,1094.2,97.6,451,127.6,28.3,188.1,1110.4,8.7,2.46,10.4,1990.0,1.82,5.9,,,
DL-00779,가온정보기술,IT/소프트웨어,시스템통합,울산,2005,495,그로쓰 2호 PEF,Growth,2019,오세훈,회수완료(Exited),2020-07-14,160.4,75.7,173,34.4,19.9,9.9,185.9,5.4,1.07,2.4,,0.62,-18.3,2022-11-21,99.6,IPO
DL-00780,동방파트너스,B2B서비스,엔지니어링,경기,2003,427,바이아웃 2호 PEF,Buyout,2021,윤지호,소싱(Sourcing),,,,160,56.6,35.4,244.2,810.0,14.3,5.06,,,,,,,
DL-00781,코리아에너지,에너지/환경,신재생에너지,서울,1999,143,바이아웃 1호 PEF,Buyout,2017,오세훈,회수완료(Exited),2024-12-29,230.8,63.9,147,46.5,31.6,265.1,580.6,12.5,3.95,1.4,,2.8,103.9,2026-06-10,646.1,재무적매각(Secondary)
DL-00782,삼정솔루션,IT/소프트웨어,데이터/AI,서울,1993,936,벤처그로쓰 1호,Venture,2020,최예린,투자완료(Active),2021-06-25,327.4,32.7,470,102.0,21.7,178.6,989.3,9.7,2.1,5.0,736.1,2.25,17.8,,,
DL-00783,한솔환경,에너지/환경,폐기물처리,서울,2018,2097,바이아웃 1호 PEF,Buyout,2017,윤지호,소싱(Sourcing),,,,1585,483.4,30.5,1595.7,6477.9,13.4,4.09,,,,,,,
DL-00784,아이엠게임즈,미디어/콘텐츠,광고/마케팅,전남,1992,1299,바이아웃 2호 PEF,Buyout,2021,최예린,스크리닝(Screening),,,,619,162.2,26.2,46.5,810.9,5.0,1.31,,,,,,,
DL-00785,아이엠물류,물류/유통,이커머스,충북,1987,678,그로쓰 2호 PEF,Growth,2019,서지원,스크리닝(Screening),,,,232,15.3,6.6,17.2,87.3,5.7,0.38,,,,,,,
DL-00786,아이엠로지스틱스,물류/유통,3PL물류,대구,2011,509,그로쓰 2호 PEF,Growth,2019,고은채,투자완료(Active),2022-08-24,151.2,98.2,188,19.0,10.1,91.0,231.7,12.2,1.23,3.8,241.4,1.6,13.1,,,
DL-00787,태광F&B,소비재,화장품,경기,2002,935,바이아웃 1호 PEF,Buyout,2017,임수빈,투자완료(Active),2025-05-24,175.3,56.7,355,71.7,20.2,184.9,473.3,6.6,1.33,1.0,166.7,0.95,-4.7,,,
DL-00788,한라제약,바이오/헬스케어,체외진단,경기,2018,318,그로쓰 1호 PEF,Growth,2016,임수빈,투자완료(Active),2025-05-31,76.0,58.1,118,18.4,15.6,13.3,132.5,7.2,1.12,1.0,88.4,1.16,15.9,,,
DL-00789,성안헬스케어,바이오/헬스케어,제약,경기,2008,1098,그로쓰 3호 PEF,Growth,2022,이서준,실사(DD),,,,450,65.2,14.5,302.6,756.9,11.6,1.68,,,,,,,
DL-00790,아이엠산업,제조/소재,자동차부품,서울,2020,4328,바이아웃 2호 PEF,Buyout,2021,최예린,회수완료(Exited),2021-01-07,1713.9,31.9,1467,548.7,37.4,2444.5,7790.9,14.2,5.31,5.4,,2.66,19.8,2026-06-10,4558.1,구주매출
DL-00791,한솔파워,에너지/환경,신재생에너지,서울,2010,714,바이아웃 2호 PEF,Buyout,2021,오세훈,스크리닝(Screening),,,,472,86.4,18.3,430.6,967.4,11.2,2.05,,,,,,,
DL-00792,가온이엔지,에너지/환경,전력/전기,경기,1989,548,스페셜시츄에이션 1호,Special Situation,2018,한승우,소싱(Sourcing),,,,186,74.2,39.9,144.0,423.0,5.7,2.27,,,,,,,
DL-00793,케이파이낸셜,금융서비스,자산관리,해외(싱가포르),2000,1397,세컨더리 1호,Secondary,2023,정우성,소싱(Sourcing),,,,488,67.3,13.8,276.5,740.8,11.0,1.52,,,,,,,
DL-00794,대명유통,소비재,식음료,광주,2011,1159,세컨더리 1호,Secondary,2023,고은채,보류/철회(Dropped),,,,406,101.9,25.1,177.4,509.5,5.0,1.26,,,,,,,
DL-00795,한국파이낸셜,금융서비스,자산관리,해외(싱가포르),1996,954,그로쓰 1호 PEF,Growth,2016,서지원,실사(DD),,,,773,51.0,6.6,143.5,346.9,6.8,0.45,,,,,,,
DL-00796,미래물류,물류/유통,도소매유통,경기,1994,2023,바이아웃 2호 PEF,Buyout,2021,고은채,투자완료(Active),2021-12-25,1800.3,74.8,2307,244.5,10.6,184.4,2152.0,8.8,0.93,4.5,2235.0,1.24,5.0,,,
DL-00797,누리정보기술,IT/소프트웨어,데이터/AI,인천,2019,983,벤처그로쓰 1호,Venture,2020,임수빈,스크리닝(Screening),,,,553,114.5,20.7,320.9,767.0,6.7,1.39,,,,,,,
DL-00798,중앙에너지,에너지/환경,전력/전기,서울,2014,167,바이아웃 2호 PEF,Buyout,2021,윤지호,투자완료(Active),2021-08-20,71.5,64.8,58,21.2,36.5,54.1,154.5,7.3,2.66,4.8,160.3,2.24,18.3,,,
DL-00799,가온제약,바이오/헬스케어,제약,충남,2019,1209,바이아웃 1호 PEF,Buyout,2017,김도현,투자완료(Active),2020-09-22,1015.4,63.9,882,214.3,24.3,483.9,1800.3,8.4,2.04,5.7,861.7,0.85,-2.8,,,
DL-00800,세진코스메틱,소비재,화장품,대전,2013,1414,그로쓰 2호 PEF,Growth,2019,한승우,스크리닝(Screening),,,,531,86.6,16.3,78.9,571.2,6.6,1.08,,,,,,,
DL-00801,대명산업,제조/소재,자동차부품,충남,1986,2906,그로쓰 1호 PEF,Growth,2016,고은채,회수완료(Exited),2020-12-03,747.7,82.7,1130,88.1,7.8,252.1,1048.9,11.9,0.93,3.6,,1.26,6.7,2024-07-02,942.8,Recap/배당
DL-00802,한라테크,IT/소프트웨어,시스템통합,서울,2019,932,그로쓰 3호 PEF,Growth,2022,오세훈,투자완료(Active),2024-10-23,517.0,69.7,376,138.7,36.9,70.7,804.7,5.8,2.14,1.6,743.9,1.44,25.0,,,
DL-00803,한국스튜디오,미디어/콘텐츠,교육,경남,1990,341,스페셜시츄에이션 1호,Special Situation,2018,강태호,투자완료(Active),2019-09-04,377.7,83.8,259,61.1,23.6,156.6,556.2,9.1,2.15,6.8,1010.6,2.68,15.7,,,
DL-00804,세진메탈,제조/소재,정밀화학,경기,2015,128,그로쓰 1호 PEF,Growth,2016,한승우,투자완료(Active),2023-01-01,261.3,82.3,154,37.7,24.5,166.2,422.6,11.2,2.74,3.4,686.1,2.63,32.4,,,
DL-00805,세진바이오,바이오/헬스케어,제약,전남,1992,1330,스페셜시츄에이션 1호,Special Situation,2018,최예린,회수완료(Exited),2023-04-25,1490.2,59.9,664,203.8,30.7,958.0,2976.2,14.6,4.48,3.1,,0.83,-5.9,2026-06-10,1234.1,전략적매각(M&A)
DL-00806,동성서비스,B2B서비스,인력아웃소싱,서울,1995,374,스페셜시츄에이션 1호,Special Situation,2018,오세훈,투자완료(Active),2022-09-16,718.5,80.5,443,125.4,28.3,151.1,1015.5,8.1,2.29,3.7,3015.2,4.2,46.9,,,
DL-00807,삼정게임즈,미디어/콘텐츠,광고/마케팅,서울,1987,1873,벤처그로쓰 1호,Venture,2020,배준영,실사(DD),,,,693,166.3,24.0,110.0,1147.6,6.9,1.66,,,,,,,
DL-00808,보광소재,제조/소재,자동차부품,경기,1991,390,그로쓰 1호 PEF,Growth,2016,배준영,스크리닝(Screening),,,,255,57.4,22.5,191.6,390.1,6.8,1.53,,,,,,,
DL-00809,제이진단,바이오/헬스케어,디지털헬스,서울,1988,440,벤처그로쓰 1호,Venture,2020,김도현,실사(DD),,,,225,87.5,38.9,112.3,1155.3,13.2,5.13,,,,,,,
DL-00810,정밀환경,에너지/환경,신재생에너지,충남,2014,576,그로쓰 2호 PEF,Growth,2019,이서준,소싱(Sourcing),,,,466,151.9,32.6,479.1,1579.9,10.4,3.39,,,,,,,
DL-00811,동방랩스,IT/소프트웨어,핀테크,울산,2009,708,세컨더리 1호,Secondary,2023,배준영,보류/철회(Dropped),,,,825,43.7,5.3,64.3,616.5,14.1,0.75,,,,,,,
DL-00812,신성메탈,제조/소재,철강금속,인천,2006,371,그로쓰 1호 PEF,Growth,2016,정우성,투자완료(Active),2024-02-16,224.6,92.6,349,49.6,14.2,189.2,386.6,7.8,1.11,2.3,799.9,3.56,73.2,,,
DL-00813,신성엔터,미디어/콘텐츠,엔터테인먼트,서울,2018,1315,그로쓰 2호 PEF,Growth,2019,배준영,소싱(Sourcing),,,,669,58.9,8.8,53.8,465.1,7.9,0.7,,,,,,,
DL-00814,아이엠환경,에너지/환경,신재생에너지,울산,1995,3508,스페셜시츄에이션 1호,Special Situation,2018,정우성,스크리닝(Screening),,,,2282,518.0,22.7,666.3,2952.7,5.7,1.29,,,,,,,
DL-00815,동방스튜디오,미디어/콘텐츠,게임,강원,2011,569,바이아웃 2호 PEF,Buyout,2021,박민재,투자완료(Active),2025-06-08,378.3,79.5,327,106.9,32.7,370.2,791.3,7.4,2.42,1.0,427.1,1.13,12.8,,,
DL-00816,보광산업,제조/소재,산업기계,인천,1990,9176,바이아웃 1호 PEF,Buyout,2017,강태호,투자심의(IC),,,,3199,591.8,18.5,253.8,6983.4,11.8,2.18,,,,,,,
DL-00817,한라리빙,소비재,식음료,경기,2012,1395,스페셜시츄에이션 1호,Special Situation,2018,한승우,투자완료(Active),2024-12-19,480.2,36.9,501,173.8,34.7,448.9,1599.4,9.2,3.19,1.5,394.1,0.82,-12.5,,,
DL-00818,서연소재,제조/소재,자동차부품,전북,2013,1885,그로쓰 1호 PEF,Growth,2016,배준영,투자완료(Active),2021-12-05,239.4,30.9,779,103.6,13.3,643.0,1409.1,13.6,1.81,4.5,280.4,1.17,3.6,,,
DL-00819,미래정보기술,IT/소프트웨어,SaaS,경기,2017,303,그로쓰 1호 PEF,Growth,2016,오세훈,회수완료(Exited),2016-03-05,722.0,77.2,253,75.4,29.8,140.0,980.1,13.0,3.87,2.9,,2.07,28.2,2019-02-07,1493.3,구주매출
DL-00820,광림콘텐츠,미디어/콘텐츠,교육,대구,2003,817,세컨더리 1호,Secondary,2023,이서준,회수완료(Exited),2025-03-01,424.0,60.0,565,140.7,24.9,258.5,914.5,6.5,1.62,1.3,,2.6,111.4,2026-06-10,1102.1,전략적매각(M&A)
DL-00821,에스게임즈,미디어/콘텐츠,교육,해외(싱가포르),1998,1324,그로쓰 1호 PEF,Growth,2016,서지원,투자완료(Active),2018-09-26,895.0,91.9,830,105.4,12.7,371.5,1233.3,11.7,1.49,7.7,1795.0,2.01,9.5,,,
DL-00822,현우소재,제조/소재,정밀화학,해외(베트남),2021,1095,그로쓰 2호 PEF,Growth,2019,박민재,회수완료(Exited),2023-01-09,1041.6,63.6,522,126.3,24.2,125.6,1705.4,13.5,3.27,3.4,,0.83,-5.3,2026-06-10,866.0,Recap/배당
DL-00823,케이엔터,미디어/콘텐츠,엔터테인먼트,전남,2012,2137,바이아웃 1호 PEF,Buyout,2017,김도현,투자완료(Active),2019-12-30,971.7,51.9,805,135.2,16.8,115.4,1920.4,14.2,2.39,6.4,1986.3,2.04,11.7,,,
DL-00824,보광서비스,B2B서비스,엔지니어링,경북,1985,900,그로쓰 3호 PEF,Growth,2022,임수빈,투자완료(Active),2024-03-03,411.9,60.3,342,123.1,36.0,19.0,689.5,5.6,2.02,2.3,1203.2,2.92,60.4,,,
DL-00825,대한에너지,에너지/환경,신재생에너지,경기,1990,447,그로쓰 1호 PEF,Growth,2016,오세훈,투자완료(Active),2023-01-22,298.6,61.7,179,62.6,35.0,116.4,513.7,8.2,2.87,3.4,513.3,1.72,17.4,,,
DL-00826,현우파워,에너지/환경,폐기물처리,경기,2013,2055,바이아웃 2호 PEF,Buyout,2021,윤지호,스크리닝(Screening),,,,804,77.2,9.6,4.8,494.0,6.4,0.61,,,,,,,
DL-00827,중앙페이,금융서비스,결제,전남,1989,671,그로쓰 3호 PEF,Growth,2022,오세훈,투자완료(Active),2023-02-04,400.6,35.9,709,134.0,18.9,364.6,1366.8,10.2,1.93,3.3,996.2,2.49,31.3,,,
DL-00828,글로벌헬스케어,바이오/헬스케어,의료기기,서울,1995,940,그로쓰 2호 PEF,Growth,2019,임수빈,소싱(Sourcing),,,,544,58.2,10.7,56.1,512.2,8.8,0.94,,,,,,,
DL-00829,정밀서비스,B2B서비스,엔지니어링,서울,2019,397,세컨더리 1호,Secondary,2023,이서준,회수완료(Exited),2023-05-25,139.7,89.1,263,17.6,6.7,111.2,257.3,14.6,0.98,1.7,,1.48,25.4,2025-02-18,207.2,재무적매각(Secondary)
DL-00830,미래테크,IT/소프트웨어,데이터/AI,전북,1996,2410,세컨더리 1호,Secondary,2023,서지원,투자완료(Active),2023-07-18,2749.8,40.9,2351,853.4,36.3,3848.0,9302.2,10.9,3.96,2.9,3792.0,1.38,11.7,,,
DL-00831,코리아환경,에너지/환경,수처리,인천,2019,1706,세컨더리 1호,Secondary,2023,남기훈,소싱(Sourcing),,,,729,210.0,28.8,709.5,3128.3,14.9,4.29,,,,,,,
DL-00832,서연게임즈,미디어/콘텐츠,교육,경기,2008,1003,그로쓰 3호 PEF,Growth,2022,고은채,투자완료(Active),2023-12-17,395.5,46.2,776,77.6,10.0,76.9,900.2,11.6,1.16,2.5,574.4,1.45,16.2,,,
DL-00833,대명정보기술,IT/소프트웨어,시스템통합,서울,2003,1409,스페셜시츄에이션 1호,Special Situation,2018,오세훈,투자완료(Active),2020-10-24,792.3,60.6,593,204.6,34.5,684.2,1902.6,9.3,3.21,5.6,815.7,1.03,0.5,,,
DL-00834,에스매니지먼트,B2B서비스,인력아웃소싱,경기,1990,379,그로쓰 1호 PEF,Growth,2016,남기훈,투자완료(Active),2024-08-16,828.9,97.8,308,111.8,36.3,196.5,1006.2,9.0,3.27,1.8,2238.3,2.7,72.8,,,
DL-00835,한솔게임즈,미디어/콘텐츠,게임,경기,2021,2221,세컨더리 1호,Secondary,2023,윤지호,투자완료(Active),2024-08-13,750.9,35.7,1477,444.6,30.1,1205.2,2889.8,6.5,1.96,1.8,906.0,1.21,10.8,,,
DL-00836,동성미디어,미디어/콘텐츠,광고/마케팅,경기,2008,680,바이아웃 2호 PEF,Buyout,2021,김도현,투자완료(Active),2024-10-10,482.8,30.0,770,234.8,30.5,445.0,1949.3,8.3,2.53,1.7,861.7,1.78,41.6,,,
DL-00837,정밀파워,에너지/환경,전력/전기,부산,2003,564,바이아웃 1호 PEF,Buyout,2017,박민재,실사(DD),,,,212,81.2,38.3,354.2,958.1,11.8,4.52,,,,,,,
DL-00838,코리아게임즈,미디어/콘텐츠,광고/마케팅,서울,2005,152,그로쓰 2호 PEF,Growth,2019,서지원,투자완료(Active),2023-05-13,79.9,33.4,53,16.1,30.3,20.4,229.6,14.3,4.33,3.1,106.7,1.34,9.8,,,
DL-00839,글로벌식품,소비재,패션/리빙,서울,2008,845,그로쓰 2호 PEF,Growth,2019,한승우,투자완료(Active),2024-06-20,724.6,81.8,395,73.1,18.5,160.0,986.5,13.5,2.5,2.0,799.1,1.1,5.1,,,
DL-00840,중앙파트너스,B2B서비스,인력아웃소싱,부산,2006,708,그로쓰 3호 PEF,Growth,2022,김도현,스크리닝(Screening),,,,480,30.2,6.3,42.6,405.2,13.4,0.84,,,,,,,
DL-00841,태광환경,에너지/환경,전력/전기,경기,2018,404,바이아웃 1호 PEF,Buyout,2017,고은채,투자심의(IC),,,,358,20.0,5.6,107.0,224.5,11.2,0.63,,,,,,,
DL-00842,대한시스템,IT/소프트웨어,정보보안,서울,1992,1879,스페셜시츄에이션 1호,Special Situation,2018,오세훈,투자완료(Active),2018-01-28,524.0,41.7,762,188.2,24.7,872.1,2089.2,11.1,2.74,8.4,1354.6,2.59,12.0,,,
DL-00843,우진환경,에너지/환경,수처리,강원,2005,2201,스페셜시츄에이션 1호,Special Situation,2018,윤지호,소싱(Sourcing),,,,1556,303.4,19.5,1022.0,3792.8,12.5,2.44,,,,,,,
DL-00844,디에이치진단,바이오/헬스케어,의료기기,경기,2002,665,벤처그로쓰 1호,Venture,2020,남기훈,회수완료(Exited),2023-12-30,934.5,87.3,444,113.7,25.6,661.0,1659.5,14.6,3.74,2.4,,2.92,55.0,2026-06-10,2729.1,재무적매각(Secondary)
DL-00845,현우산업,제조/소재,산업기계,서울,1999,179,바이아웃 2호 PEF,Buyout,2021,강태호,투자완료(Active),2022-10-30,285.6,89.5,170,46.8,27.5,308.2,621.8,13.3,3.66,3.6,267.8,0.94,-1.8,,,
DL-00846,우진케미칼,제조/소재,철강금속,서울,2018,1579,바이아웃 2호 PEF,Buyout,2021,최예린,회수완료(Exited),2024-11-14,1712.3,99.2,541,144.4,26.7,126.9,1762.3,12.2,3.26,1.6,,2.43,76.3,2026-06-10,4167.2,Recap/배당
DL-00847,보광파마,바이오/헬스케어,제약,해외(싱가포르),1989,1198,그로쓰 3호 PEF,Growth,2022,강태호,실사(DD),,,,495,54.9,11.1,233.2,571.4,10.4,1.15,,,,,,,
DL-00848,제이코스메틱,소비재,식음료,경남,1990,2808,그로쓰 1호 PEF,Growth,2016,서지원,실사(DD),,,,1393,271.6,19.5,274.2,2689.2,9.9,1.93,,,,,,,
DL-00849,정밀그린텍,에너지/환경,신재생에너지,대전,2007,719,세컨더리 1호,Secondary,2023,박민재,투자완료(Active),2024-01-24,262.3,32.4,386,120.0,31.1,324.0,1032.4,8.6,2.67,2.4,325.0,1.24,9.4,,,
DL-00850,가온코스메틱,소비재,식음료,대전,1989,757,그로쓰 2호 PEF,Growth,2019,서지원,투자완료(Active),2021-02-01,982.9,96.5,371,76.1,20.5,100.8,927.9,12.2,2.5,5.4,1334.2,1.36,5.9,,,
DL-00851,동성푸드,소비재,리테일,서울,1994,513,바이아웃 2호 PEF,Buyout,2021,정우성,투자완료(Active),2024-01-12,301.3,36.3,248,69.2,27.9,101.5,830.3,12.0,3.35,2.4,376.9,1.25,9.7,,,
DL-00852,한솔페이,금융서비스,결제,서울,1986,1003,스페셜시츄에이션 1호,Special Situation,2018,최예린,스크리닝(Screening),,,,468,65.1,13.9,330.2,852.2,13.1,1.82,,,,,,,
DL-00853,동방테크,IT/소프트웨어,핀테크,서울,2014,1793,바이아웃 1호 PEF,Buyout,2017,서지원,회수완료(Exited),2022-10-27,927.8,39.4,620,184.8,29.8,168.6,2438.8,13.2,3.93,3.6,,1.23,5.9,2026-06-10,1140.5,IPO
DL-00854,현우서비스,B2B서비스,시설관리,서울,2014,1039,세컨더리 1호,Secondary,2023,오세훈,회수완료(Exited),2024-12-22,854.0,90.3,428,106.6,24.9,95.4,905.9,8.5,2.12,1.5,,0.98,-1.5,2026-06-10,835.9,Recap/배당
DL-00855,태광산업,제조/소재,자동차부품,서울,1990,579,바이아웃 2호 PEF,Buyout,2021,정우성,회수완료(Exited),2025-01-30,333.3,65.6,459,33.5,7.3,36.6,449.0,13.4,0.98,1.4,,2.51,96.9,2026-06-10,836.3,구주매출
DL-00856,디에이치에너지,에너지/환경,신재생에너지,서울,1992,500,세컨더리 1호,Secondary,2023,이서준,투자완료(Active),2024-04-16,67.2,52.8,214,26.3,12.3,56.0,163.2,6.2,0.76,2.1,79.7,1.19,8.3,,,
DL-00857,정밀소프트,IT/소프트웨어,SaaS,서울,1987,852,그로쓰 3호 PEF,Growth,2022,김도현,소싱(Sourcing),,,,299,84.3,28.2,458.2,1205.7,14.3,4.03,,,,,,,
DL-00858,대한리빙,소비재,화장품,인천,2019,2041,스페셜시츄에이션 1호,Special Situation,2018,윤지호,실사(DD),,,,808,126.0,15.6,96.2,1285.7,10.2,1.59,,,,,,,
DL-00859,동방메디컬,바이오/헬스케어,제약,서울,2006,2436,스페셜시츄에이션 1호,Special Situation,2018,서지원,투자완료(Active),2018-03-12,1087.3,87.2,1498,245.7,16.4,461.5,1547.7,6.3,1.03,8.2,2119.2,1.95,8.4,,,
DL-00860,광림에너지,에너지/환경,수처리,충북,2021,484,그로쓰 1호 PEF,Growth,2016,배준영,회수완료(Exited),2021-02-01,437.8,29.5,478,140.1,29.3,12.0,1400.5,10.0,2.93,3.9,,4.04,43.4,2024-12-17,1768.5,구주매출
DL-00861,현우환경,에너지/환경,수처리,서울,2008,1224,세컨더리 1호,Secondary,2023,김도현,투자완료(Active),2024-03-29,953.8,77.5,566,138.7,24.5,90.0,1081.6,7.8,1.91,2.2,1062.6,1.11,5.0,,,
DL-00862,신성소재,제조/소재,2차전지소재,인천,1995,2864,그로쓰 2호 PEF,Growth,2019,강태호,실사(DD),,,,2006,551.7,27.5,1410.7,3971.9,7.2,1.98,,,,,,,
DL-00863,제이리빙,소비재,식음료,전북,2013,139,스페셜시츄에이션 1호,Special Situation,2018,임수빈,투자완료(Active),2021-11-26,23.2,49.8,61,9.6,15.8,11.9,54.0,5.6,0.88,4.5,26.9,1.16,3.4,,,
DL-00864,신성에셋,금융서비스,여신전문,경기,1988,8788,그로쓰 1호 PEF,Growth,2016,이서준,소싱(Sourcing),,,,3133,720.6,23.0,51.8,3891.2,5.4,1.24,,,,,,,
DL-00865,대한콘텐츠,미디어/콘텐츠,광고/마케팅,서울,2008,862,그로쓰 2호 PEF,Growth,2019,배준영,투자완료(Active),2024-03-13,42.3,26.8,367,22.4,6.1,133.0,273.1,12.2,0.74,2.2,61.9,1.46,18.5,,,
DL-00866,유진정밀,제조/소재,2차전지소재,경기,2008,332,그로쓰 1호 PEF,Growth,2016,고은채,회수완료(Exited),2020-11-17,162.2,34.5,397,75.4,19.0,45.2,460.1,6.1,1.16,4.5,,2.45,22.3,2025-05-03,397.3,Recap/배당
DL-00867,한국물류,물류/유통,도소매유통,서울,1997,1298,그로쓰 1호 PEF,Growth,2016,강태호,스크리닝(Screening),,,,491,163.5,33.3,1085.4,2354.4,14.4,4.8,,,,,,,
DL-00868,아이엠엔터,미디어/콘텐츠,교육,인천,1986,765,그로쓰 3호 PEF,Growth,2022,남기훈,회수완료(Exited),2022-08-27,79.7,24.0,311,49.4,15.9,120.9,410.4,8.3,1.32,3.8,,1.43,9.9,2026-06-10,113.9,IPO
DL-00869,동방케미칼,제조/소재,정밀화학,인천,2000,2092,바이아웃 2호 PEF,Buyout,2021,오세훈,소싱(Sourcing),,,,978,157.5,16.1,134.8,1055.0,6.7,1.08,,,,,,,
DL-00870,삼정케미칼,제조/소재,철강금속,경북,2018,881,세컨더리 1호,Secondary,2023,윤지호,투자완료(Active),2024-07-23,799.2,80.0,537,138.0,25.7,668.1,1642.3,11.9,3.06,1.9,784.6,0.98,-1.0,,,
DL-00871,디에이치메탈,제조/소재,2차전지소재,서울,2005,512,바이아웃 1호 PEF,Buyout,2017,고은채,스크리닝(Screening),,,,357,103.9,29.1,313.1,1059.6,10.2,2.97,,,,,,,
DL-00872,동방정보기술,IT/소프트웨어,시스템통합,충북,1993,120,바이아웃 2호 PEF,Buyout,2021,박민재,회수완료(Exited),2021-07-02,144.7,52.9,102,23.5,23.0,83.7,309.7,13.2,3.04,4.9,,2.18,17.1,2026-06-10,316.0,재무적매각(Secondary)
DL-00873,서연시스템,IT/소프트웨어,시스템통합,대전,1990,1672,세컨더리 1호,Secondary,2023,박민재,회수완료(Exited),2025-04-14,1599.3,85.6,872,234.6,26.9,1588.7,3424.7,14.6,3.93,1.2,,1.61,50.8,2026-06-10,2570.5,IPO
DL-00874,한솔캐피탈,금융서비스,인슈어테크,인천,1985,646,세컨더리 1호,Secondary,2023,한승우,투자심의(IC),,,,430,25.4,5.9,55.2,263.8,10.4,0.61,,,,,,,
DL-00875,제이솔루션,IT/소프트웨어,핀테크,서울,2016,2169,그로쓰 2호 PEF,Growth,2019,박민재,투자완료(Active),2020-09-08,1496.4,57.1,778,254.4,32.7,592.5,2798.5,11.0,3.6,5.8,4127.6,2.76,19.3,,,
DL-00876,대한메탈,제조/소재,정밀화학,경기,1990,1940,그로쓰 2호 PEF,Growth,2019,최예린,회수완료(Exited),2020-12-26,312.6,59.0,877,152.6,17.4,370.6,824.0,5.4,0.94,5.5,,2.67,19.8,2026-06-10,835.9,재무적매각(Secondary)
DL-00877,현우콘텐츠,미디어/콘텐츠,엔터테인먼트,전남,2009,1005,바이아웃 2호 PEF,Buyout,2021,고은채,투자완료(Active),2021-11-07,401.1,25.2,522,196.8,37.7,243.1,1830.2,9.3,3.51,4.6,659.0,1.64,11.4,,,
DL-00878,신성바이오,바이오/헬스케어,의료기기,경기,2019,998,바이아웃 1호 PEF,Buyout,2017,최예린,투자완료(Active),2018-09-12,215.2,99.2,598,38.3,6.4,177.2,359.8,9.4,0.6,7.7,308.9,1.44,4.8,,,
DL-00879,동방미디어,미디어/콘텐츠,게임,해외(싱가포르),2000,446,그로쓰 2호 PEF,Growth,2019,오세훈,회수완료(Exited),2023-07-27,84.3,28.6,164,42.6,26.0,278.9,558.6,13.1,3.41,2.9,,1.39,12.1,2026-06-10,117.0,재무적매각(Secondary)
DL-00880,중앙환경,에너지/환경,신재생에너지,경기,1994,361,바이아웃 2호 PEF,Buyout,2021,배준영,실사(DD),,,,155,31.0,20.0,155.6,356.5,11.5,2.3,,,,,,,
DL-00881,세진익스프레스,물류/유통,3PL물류,경기,2015,202,그로쓰 2호 PEF,Growth,2019,임수빈,투자완료(Active),2019-06-21,182.9,63.7,101,29.8,29.5,93.1,324.8,10.9,3.22,7.0,270.5,1.48,5.8,,,
DL-00882,누리소프트,IT/소프트웨어,정보보안,충남,2010,1428,벤처그로쓰 1호,Venture,2020,오세훈,스크리닝(Screening),,,,485,115.4,23.8,186.8,1500.6,13.0,3.09,,,,,,,
DL-00883,정밀콘텐츠,미디어/콘텐츠,교육,경기,2001,295,그로쓰 2호 PEF,Growth,2019,강태호,실사(DD),,,,99,11.2,11.3,58.5,149.9,13.4,1.51,,,,,,,
DL-00884,코리아코스메틱,소비재,리테일,경기,2001,466,그로쓰 3호 PEF,Growth,2022,이서준,투자완료(Active),2025-03-18,87.4,44.1,208,38.1,18.3,2.4,194.1,5.1,0.93,1.2,144.1,1.65,50.1,,,
DL-00885,세진진단,바이오/헬스케어,제약,경남,1988,374,스페셜시츄에이션 1호,Special Situation,2018,윤지호,투자완료(Active),2022-01-31,124.6,59.2,251,26.9,10.7,165.1,354.5,13.2,1.41,4.4,200.6,1.61,11.6,,,
DL-00886,대명에셋,금융서비스,인슈어테크,해외(베트남),1986,567,바이아웃 1호 PEF,Buyout,2017,배준영,투자완료(Active),2018-06-20,627.8,88.3,346,112.1,32.4,172.3,852.0,7.6,2.46,8.0,817.3,1.3,3.4,,,
DL-00887,코리아메탈,제조/소재,자동차부품,부산,2012,541,바이아웃 1호 PEF,Buyout,2017,김도현,소싱(Sourcing),,,,212,23.5,11.1,89.5,185.9,7.9,0.88,,,,,,,
DL-00888,유진게임즈,미디어/콘텐츠,교육,경기,1989,540,그로쓰 3호 PEF,Growth,2022,배준영,실사(DD),,,,334,37.4,11.2,22.6,452.6,12.1,1.36,,,,,,,
DL-00889,가온매니지먼트,B2B서비스,엔지니어링,부산,2019,289,그로쓰 1호 PEF,Growth,2016,김도현,투자완료(Active),2017-06-07,47.3,35.7,97,22.4,23.1,71.7,201.7,9.0,2.08,9.0,116.9,2.47,10.6,,,
DL-00890,중앙이엔지,에너지/환경,수처리,경기,1995,730,스페셜시츄에이션 1호,Special Situation,2018,배준영,실사(DD),,,,585,59.7,10.2,30.0,364.0,6.1,0.62,,,,,,,
DL-00891,한솔커머스,물류/유통,이커머스,경기,2009,1583,스페셜시츄에이션 1호,Special Situation,2018,강태호,투자완료(Active),2020-12-20,1431.7,95.8,1352,285.3,21.1,993.0,2424.8,8.5,1.79,5.5,1031.5,0.72,-5.8,,,
DL-00892,동성F&B,소비재,패션/리빙,서울,2006,400,벤처그로쓰 1호,Venture,2020,최예린,투자완료(Active),2024-04-16,948.6,78.9,202,76.2,37.7,160.9,1127.1,14.8,5.58,2.1,2068.6,2.18,43.7,,,
DL-00893,성안정보기술,IT/소프트웨어,데이터/AI,광주,2020,403,세컨더리 1호,Secondary,2023,박민재,소싱(Sourcing),,,,488,164.5,33.7,407.1,2302.4,14.0,4.72,,,,,,,
DL-00894,한국서비스,B2B서비스,인력아웃소싱,경북,2010,996,그로쓰 2호 PEF,Growth,2019,한승우,소싱(Sourcing),,,,335,77.0,23.0,93.3,439.2,5.7,1.31,,,,,,,
DL-00895,광림익스프레스,물류/유통,콜드체인,서울,1998,793,벤처그로쓰 1호,Venture,2020,남기훈,소싱(Sourcing),,,,283,24.9,8.8,92.4,283.9,11.4,1.0,,,,,,,
DL-00896,성안그린텍,에너지/환경,폐기물처리,서울,2001,1363,세컨더리 1호,Secondary,2023,한승우,투자완료(Active),2025-06-27,1795.2,81.1,1195,237.8,19.9,666.8,2592.1,10.9,2.17,1.0,2695.9,1.5,53.2,,,
DL-00897,동성캐피탈,금융서비스,여신전문,서울,2019,1969,바이아웃 1호 PEF,Buyout,2017,김도현,회수완료(Exited),2024-04-11,184.8,38.1,749,103.4,13.8,360.0,795.9,7.7,1.06,2.2,,1.19,8.5,2026-06-10,220.6,IPO
DL-00898,태광제약,바이오/헬스케어,제약,경기,1998,620,그로쓰 1호 PEF,Growth,2016,남기훈,투자완료(Active),2016-03-07,96.4,25.0,225,75.6,33.6,44.3,385.6,5.1,1.71,10.3,144.9,1.5,4.0,,,
DL-00899,누리케미칼,제조/소재,자동차부품,부산,1985,566,세컨더리 1호,Secondary,2023,남기훈,투자심의(IC),,,,605,70.2,11.6,28.7,617.6,8.8,1.02,,,,,,,
DL-00900,대명식품,소비재,패션/리빙,충남,2020,1391,바이아웃 2호 PEF,Buyout,2021,윤지호,투자완료(Active),2025-06-07,224.8,27.8,529,83.6,15.8,337.1,1145.1,13.7,2.16,1.0,313.2,1.39,38.9,,,
DL-00901,글로벌메디컬,바이오/헬스케어,제약,제주,2006,1782,스페셜시츄에이션 1호,Special Situation,2018,임수빈,회수완료(Exited),2021-05-10,188.4,89.4,633,51.9,8.2,85.7,264.7,5.1,0.42,5.1,,1.42,7.2,2026-06-10,268.5,Recap/배당
DL-00902,제이매니지먼트,B2B서비스,엔지니어링,서울,1985,510,세컨더리 1호,Secondary,2023,김도현,투자완료(Active),2024-01-22,176.8,62.7,253,29.9,11.8,27.8,274.7,9.2,1.09,2.4,306.2,1.73,25.9,,,
DL-00903,누리페이,금융서비스,여신전문,충남,2012,381,그로쓰 2호 PEF,Growth,2019,강태호,소싱(Sourcing),,,,164,12.6,7.7,22.6,120.0,9.5,0.73,,,,,,,
DL-00904,한국식품,소비재,화장품,서울,2018,1650,벤처그로쓰 1호,Venture,2020,임수빈,회수완료(Exited),2020-01-12,247.0,80.9,818,94.1,11.5,234.5,479.8,5.1,0.59,4.7,,1.7,12.0,2024-09-24,420.5,IPO
DL-00905,정밀금융,금융서비스,인슈어테크,서울,2020,1486,그로쓰 2호 PEF,Growth,2019,이서준,투자완료(Active),2024-05-09,259.5,46.7,699,68.5,9.8,42.9,527.5,7.7,0.75,2.1,338.5,1.3,13.6,,,
DL-00906,한라물류,물류/유통,콜드체인,서울,2016,892,벤처그로쓰 1호,Venture,2020,서지원,실사(DD),,,,329,16.8,5.1,11.4,181.2,10.8,0.55,,,,,,,
DL-00907,유진금융,금융서비스,여신전문,서울,1999,79,그로쓰 1호 PEF,Growth,2016,이서준,투자완료(Active),2021-04-09,46.9,99.4,30,6.3,21.1,3.1,44.9,7.1,1.5,5.2,154.1,3.29,25.9,,,
DL-00908,신성커머스,물류/유통,3PL물류,서울,1988,783,벤처그로쓰 1호,Venture,2020,김도현,투자완료(Active),2020-12-30,374.2,87.5,977,69.4,7.1,80.0,430.1,6.2,0.44,5.4,414.1,1.11,1.9,,,
DL-00909,동성소프트,IT/소프트웨어,SaaS,서울,1990,2056,세컨더리 1호,Secondary,2023,최예린,회수완료(Exited),2024-10-23,708.0,31.3,1583,251.7,15.9,1064.6,3045.5,12.1,1.92,1.6,,1.65,35.9,2026-06-10,1166.5,전략적매각(M&A)
DL-00910,중앙미디어,미디어/콘텐츠,엔터테인먼트,해외(싱가포르),2019,1194,바이아웃 1호 PEF,Buyout,2017,배준영,실사(DD),,,,587,82.2,14.0,79.5,452.0,5.5,0.77,,,,,,,
DL-00911,태광스튜디오,미디어/콘텐츠,광고/마케팅,경기,1994,863,바이아웃 1호 PEF,Buyout,2017,강태호,회수완료(Exited),2022-01-09,582.3,35.5,354,124.6,35.2,401.5,1844.2,14.8,5.21,4.4,,3.74,34.8,2026-06-10,2179.6,구주매출
DL-00912,코리아유통,물류/유통,이커머스,서울,2010,286,세컨더리 1호,Secondary,2023,최예린,투자완료(Active),2023-07-07,214.3,78.3,229,39.6,17.3,67.6,340.7,8.6,1.49,2.9,505.9,2.36,34.1,,,
DL-00913,제이산업,제조/소재,2차전지소재,경남,2014,123,그로쓰 2호 PEF,Growth,2019,이서준,보류/철회(Dropped),,,,134,20.5,15.3,100.7,295.2,14.4,2.2,,,,,,,
DL-00914,코리아메디컬,바이오/헬스케어,의료기기,대전,1985,6931,그로쓰 2호 PEF,Growth,2019,서지원,스크리닝(Screening),,,,2493,284.2,11.4,1561.6,3978.8,14.0,1.6,,,,,,,
DL-00915,한라파워,에너지/환경,신재생에너지,부산,1987,2937,벤처그로쓰 1호,Venture,2020,김도현,투자완료(Active),2023-02-01,929.5,24.0,1614,513.3,31.8,2600.7,6159.0,12.0,3.82,3.4,2432.4,2.62,33.2,,,
DL-00916,동성산업,제조/소재,산업기계,서울,1998,1055,스페셜시츄에이션 1호,Special Situation,2018,최예린,보류/철회(Dropped),,,,1121,254.5,22.7,1160.9,3053.6,12.0,2.72,,,,,,,
DL-00917,성안매니지먼트,B2B서비스,엔지니어링,전북,1996,2502,바이아웃 1호 PEF,Buyout,2017,서지원,실사(DD),,,,1222,386.2,31.6,534.1,2857.5,7.4,2.34,,,,,,,
DL-00918,대한헬스케어,바이오/헬스케어,제약,해외(베트남),2021,266,그로쓰 1호 PEF,Growth,2016,서지원,소싱(Sourcing),,,,112,37.9,33.8,58.0,212.0,5.6,1.89,,,,,,,
DL-00919,대한캐피탈,금융서비스,인슈어테크,해외(싱가포르),1998,1174,바이아웃 2호 PEF,Buyout,2021,남기훈,투자완료(Active),2022-04-06,145.0,21.6,723,109.2,15.1,567.8,1179.1,10.8,1.63,4.2,202.1,1.39,8.3,,,
DL-00920,성안메디컬,바이오/헬스케어,체외진단,충북,2009,394,그로쓰 2호 PEF,Growth,2019,임수빈,스크리닝(Screening),,,,290,54.2,18.7,98.4,428.4,7.9,1.48,,,,,,,
DL-00921,동성메탈,제조/소재,산업기계,대전,2004,668,그로쓰 3호 PEF,Growth,2022,정우성,투자완료(Active),2024-05-13,134.9,87.1,302,16.6,5.5,61.2,214.3,12.9,0.71,2.1,130.4,0.97,-1.6,,,
DL-00922,정밀파트너스,B2B서비스,MRO,서울,2003,2760,그로쓰 3호 PEF,Growth,2022,오세훈,회수완료(Exited),2025-02-26,3733.4,64.5,1012,395.7,39.1,932.0,5579.3,14.1,5.51,1.3,,1.4,29.9,2026-06-10,5224.0,전략적매각(M&A)
DL-00923,누리테크,IT/소프트웨어,핀테크,서울,1993,184,세컨더리 1호,Secondary,2023,임수빈,회수완료(Exited),2024-03-17,114.4,76.0,154,16.5,10.7,54.9,199.4,12.1,1.29,2.2,,4.4,94.2,2026-06-10,502.9,전략적매각(M&A)
DL-00924,누리랩스,IT/소프트웨어,정보보안,전북,1991,516,그로쓰 1호 PEF,Growth,2016,서지원,투자심의(IC),,,,257,58.1,22.6,76.6,412.4,7.1,1.6,,,,,,,
DL-00925,현우시스템,IT/소프트웨어,시스템통합,인천,1995,1703,세컨더리 1호,Secondary,2023,남기훈,보류/철회(Dropped),,,,571,139.9,24.5,19.0,755.4,5.4,1.32,,,,,,,
DL-00926,디에이치그린텍,에너지/환경,폐기물처리,울산,2009,944,바이아웃 1호 PEF,Buyout,2017,이서준,투자완료(Active),2020-09-20,1693.3,96.9,492,181.1,36.8,152.9,1774.3,9.8,3.61,5.7,2686.3,1.59,8.4,,,
DL-00927,우진금융,금융서비스,자산관리,서울,1999,928,바이아웃 2호 PEF,Buyout,2021,한승우,소싱(Sourcing),,,,982,367.3,37.4,1867.5,4994.8,13.6,5.09,,,,,,,
DL-00928,동성환경,에너지/환경,폐기물처리,광주,1998,1218,그로쓰 1호 PEF,Growth,2016,박민재,소싱(Sourcing),,,,1121,336.3,30.0,931.6,2186.0,6.5,1.95,,,,,,,
DL-00929,글로벌캐피탈,금융서비스,결제,대전,1997,807,그로쓰 2호 PEF,Growth,2019,정우성,투자심의(IC),,,,309,43.0,13.9,102.6,300.7,7.0,0.97,,,,,,,
DL-00930,현우그린텍,에너지/환경,폐기물처리,서울,1986,328,바이아웃 1호 PEF,Buyout,2017,박민재,투자완료(Active),2022-12-15,73.6,37.5,158,55.8,35.3,142.3,301.2,5.4,1.91,3.5,231.7,3.15,38.9,,,
DL-00931,제이커머스,물류/유통,3PL물류,경기,1997,3562,그로쓰 3호 PEF,Growth,2022,오세훈,소싱(Sourcing),,,,1297,71.3,5.5,81.1,399.5,5.6,0.31,,,,,,,
DL-00932,에스엔터,미디어/콘텐츠,교육,경기,2017,2124,스페셜시츄에이션 1호,Special Situation,2018,박민재,소싱(Sourcing),,,,842,59.8,7.1,251.4,645.6,10.8,0.77,,,,,,,
DL-00933,제이물류,물류/유통,3PL물류,대전,2009,563,스페셜시츄에이션 1호,Special Situation,2018,강태호,소싱(Sourcing),,,,214,74.0,34.6,142.9,659.0,8.9,3.08,,,,,,,
DL-00934,동성테크,IT/소프트웨어,정보보안,전남,2005,765,벤처그로쓰 1호,Venture,2020,서지원,투자완료(Active),2022-12-29,682.4,78.8,264,76.0,28.8,326.5,1026.4,13.5,3.89,3.4,1315.7,1.93,21.0,,,
DL-00935,신성정보기술,IT/소프트웨어,시스템통합,서울,2021,648,바이아웃 2호 PEF,Buyout,2021,고은채,투자완료(Active),2022-07-31,625.8,95.8,592,71.0,12.0,71.4,596.7,8.4,1.01,3.9,699.3,1.12,2.9,,,
DL-00936,서연산업,제조/소재,정밀화학,서울,2016,768,벤처그로쓰 1호,Venture,2020,고은채,투자완료(Active),2025-02-19,566.5,75.2,320,96.6,30.2,196.3,840.8,8.7,2.63,1.3,886.5,1.57,41.0,,,
DL-00937,한솔스튜디오,미디어/콘텐츠,엔터테인먼트,제주,2021,569,벤처그로쓰 1호,Venture,2020,정우성,투자완료(Active),2025-05-24,529.3,84.6,299,56.2,18.8,239.0,803.8,14.3,2.69,1.0,608.8,1.15,14.3,,,
DL-00938,아이엠소재,제조/소재,철강금속,전남,2006,294,바이아웃 2호 PEF,Buyout,2021,한승우,소싱(Sourcing),,,,180,18.0,10.0,43.1,232.2,12.9,1.29,,,,,,,
DL-00939,한국커머스,물류/유통,도소매유통,경남,1992,649,바이아웃 2호 PEF,Buyout,2021,박민재,스크리닝(Screening),,,,224,84.4,37.7,332.8,667.1,7.9,2.98,,,,,,,
DL-00940,태광서비스,B2B서비스,시설관리,경기,2014,1346,스페셜시츄에이션 1호,Special Situation,2018,정우성,투자완료(Active),2019-08-05,363.0,94.6,477,44.4,9.3,262.5,638.8,14.4,1.34,6.8,757.1,2.09,11.3,,,
DL-00941,광림솔루션,B2B서비스,엔지니어링,광주,2017,680,그로쓰 3호 PEF,Growth,2022,윤지호,회수완료(Exited),2024-10-15,866.2,35.5,750,258.8,34.5,1009.8,2975.6,11.5,3.97,1.7,,3.56,115.9,2026-06-10,3087.3,IPO
DL-00942,서연파트너스,B2B서비스,MRO,경기,2005,883,그로쓰 3호 PEF,Growth,2022,오세훈,투자완료(Active),2024-01-02,133.2,85.2,337,17.2,5.1,4.2,134.1,7.8,0.4,2.4,332.2,2.49,45.5,,,
DL-00943,삼정이엔지,B2B서비스,인력아웃소싱,해외(베트남),2010,562,그로쓰 2호 PEF,Growth,2019,배준영,회수완료(Exited),2021-03-22,161.4,50.2,455,36.4,8.0,246.3,542.4,14.9,1.19,5.2,,0.78,-4.6,2026-06-10,126.2,구주매출
DL-00944,보광헬스케어,바이오/헬스케어,CRO/CDMO,충남,2007,459,벤처그로쓰 1호,Venture,2020,박민재,투자완료(Active),2025-01-04,516.0,61.8,213,62.4,29.3,92.7,817.6,13.1,3.84,1.4,472.7,0.92,-5.9,,,
DL-00945,세진에셋,금융서비스,자산관리,서울,2017,573,바이아웃 1호 PEF,Buyout,2017,윤지호,투자완료(Active),2022-09-26,246.7,35.0,317,59.9,18.9,232.8,844.8,14.1,2.66,3.7,484.4,1.96,20.0,,,
DL-00946,서연매니지먼트,B2B서비스,시설관리,대구,2016,5497,그로쓰 3호 PEF,Growth,2022,남기훈,소싱(Sourcing),,,,2043,412.7,20.2,654.5,4993.5,12.1,2.44,,,,,,,
DL-00947,중앙콘텐츠,미디어/콘텐츠,교육,서울,2001,690,그로쓰 2호 PEF,Growth,2019,배준영,투자완료(Active),2022-12-19,637.2,52.4,579,163.9,28.3,838.7,1949.9,11.9,3.37,3.5,1778.7,2.79,34.4,,,
DL-00948,서연그린텍,에너지/환경,폐기물처리,제주,1994,452,그로쓰 2호 PEF,Growth,2019,서지원,투자완료(Active),2021-07-27,100.3,65.7,200,38.0,19.0,83.5,212.8,5.6,1.06,4.9,187.4,1.87,13.7,,,
DL-00949,세진에너지,에너지/환경,전력/전기,충북,1995,1199,그로쓰 1호 PEF,Growth,2016,최예린,스크리닝(Screening),,,,532,187.8,35.3,127.7,1878.0,10.0,3.53,,,,,,,
DL-00950,동방제약,바이오/헬스케어,체외진단,인천,2019,469,스페셜시츄에이션 1호,Special Situation,2018,오세훈,투자심의(IC),,,,487,30.7,6.3,105.6,444.9,14.5,0.91,,,,,,,
DL-00951,서연엔터,미디어/콘텐츠,교육,충남,2009,1053,그로쓰 3호 PEF,Growth,2022,박민재,투자완료(Active),2024-08-31,1016.3,71.9,533,205.7,38.6,1189.8,2468.9,12.0,4.63,1.8,969.4,0.95,-2.6,,,
DL-00952,성안F&B,소비재,패션/리빙,경기,2006,610,바이아웃 1호 PEF,Buyout,2017,김도현,보류/철회(Dropped),,,,230,15.2,6.6,3.3,94.1,6.2,0.41,,,,,,,
DL-00953,케이그린텍,에너지/환경,수처리,경기,2012,1148,바이아웃 2호 PEF,Buyout,2021,최예린,투자완료(Active),2023-05-10,621.8,85.3,400,82.8,20.7,121.7,786.6,9.5,1.97,3.1,695.4,1.12,3.7,,,
DL-00954,케이정밀,제조/소재,정밀화학,경기,2009,848,바이아웃 1호 PEF,Buyout,2017,임수빈,스크리닝(Screening),,,,364,99.0,27.2,78.2,1138.6,11.5,3.13,,,,,,,
DL-00955,아이엠F&B,소비재,패션/리빙,대전,1995,426,그로쓰 3호 PEF,Growth,2022,강태호,실사(DD),,,,439,125.6,28.6,137.1,1167.7,9.3,2.66,,,,,,,
DL-00956,중앙그린텍,에너지/환경,전력/전기,부산,2003,887,벤처그로쓰 1호,Venture,2020,오세훈,투자심의(IC),,,,319,49.1,15.4,53.4,407.7,8.3,1.28,,,,,,,
DL-00957,정밀익스프레스,물류/유통,이커머스,전남,2001,296,바이아웃 1호 PEF,Buyout,2017,배준영,투자완료(Active),2022-11-24,209.7,80.7,215,27.7,12.9,167.8,382.7,13.8,1.78,3.5,388.0,1.85,19.0,,,
DL-00958,아이엠리빙,소비재,식음료,경기,1998,679,그로쓰 3호 PEF,Growth,2022,오세훈,투자완료(Active),2022-08-01,1681.5,97.4,504,117.4,23.3,215.3,1597.1,13.6,3.17,3.9,3639.4,2.16,22.2,,,
DL-00959,디에이치소재,제조/소재,산업기계,경기,2011,369,벤처그로쓰 1호,Venture,2020,정우성,실사(DD),,,,276,70.4,25.5,60.1,957.2,13.6,3.47,,,,,,,
DL-00960,정밀산업,제조/소재,정밀화학,서울,1986,838,바이아웃 1호 PEF,Buyout,2017,오세훈,소싱(Sourcing),,,,312,28.1,9.0,79.7,345.4,12.3,1.11,,,,,,,
DL-00961,동방환경,에너지/환경,수처리,강원,2003,741,벤처그로쓰 1호,Venture,2020,김도현,회수완료(Exited),2021-05-24,585.2,35.6,849,163.9,19.3,868.0,2343.2,14.3,2.76,2.5,,1.52,18.2,2023-12-02,891.7,IPO
DL-00962,유진케미칼,제조/소재,정밀화학,충남,1986,1202,스페셜시츄에이션 1호,Special Situation,2018,배준영,회수완료(Exited),2019-01-03,1766.0,71.7,468,147.0,31.4,164.1,2145.5,14.6,4.58,4.0,,0.73,-7.6,2022-12-17,1290.4,IPO
DL-00963,가온메디컬,바이오/헬스케어,의료기기,제주,2002,950,그로쓰 3호 PEF,Growth,2022,박민재,회수완료(Exited),2022-11-23,122.2,35.9,336,69.6,20.7,254.8,584.2,8.4,1.74,2.4,,2.17,39.0,2025-04-01,265.2,전략적매각(M&A)
DL-00964,태광정밀,제조/소재,산업기계,경남,2001,789,바이아웃 1호 PEF,Buyout,2017,김도현,스크리닝(Screening),,,,313,96.1,30.7,268.4,595.8,6.2,1.9,,,,,,,
DL-00965,제이그린텍,에너지/환경,신재생에너지,경기,1988,277,벤처그로쓰 1호,Venture,2020,정우성,회수완료(Exited),2024-02-13,31.0,66.5,99,12.3,12.4,32.2,71.2,5.8,0.72,2.3,,1.89,31.6,2026-06-10,58.6,전략적매각(M&A)
DL-00966,대한물류,물류/유통,이커머스,인천,1986,642,세컨더리 1호,Secondary,2023,이서준,회수완료(Exited),2024-07-13,369.3,57.0,285,102.0,35.8,385.9,928.5,9.1,3.26,1.9,,3.12,81.6,2026-06-10,1153.4,Recap/배당
DL-00967,보광에너지,에너지/환경,전력/전기,서울,2006,470,벤처그로쓰 1호,Venture,2020,오세훈,소싱(Sourcing),,,,194,28.9,14.9,55.0,216.8,7.5,1.12,,,,,,,
DL-00968,아이엠식품,소비재,리테일,충남,1988,314,그로쓰 2호 PEF,Growth,2019,박민재,소싱(Sourcing),,,,136,31.3,23.0,40.1,231.5,7.4,1.7,,,,,,,
DL-00969,세진미디어,미디어/콘텐츠,게임,부산,2001,1096,벤처그로쓰 1호,Venture,2020,이서준,투자완료(Active),2020-12-19,334.9,34.0,581,93.5,16.1,496.9,1300.2,13.9,2.24,5.5,356.3,1.06,1.1,,,
DL-00970,신성제약,바이오/헬스케어,의료기기,서울,2001,1451,그로쓰 3호 PEF,Growth,2022,윤지호,투자완료(Active),2025-01-10,1161.7,85.3,600,208.2,34.7,140.3,1436.6,6.9,2.39,1.4,1481.9,1.28,18.8,,,
DL-00971,누리메탈,제조/소재,정밀화학,경기,1986,544,벤처그로쓰 1호,Venture,2020,김도현,실사(DD),,,,219,69.6,31.8,29.3,821.8,11.8,3.75,,,,,,,
DL-00972,우진이엔지,에너지/환경,폐기물처리,인천,2010,644,그로쓰 1호 PEF,Growth,2016,윤지호,소싱(Sourcing),,,,313,104.2,33.3,214.8,656.6,6.3,2.1,,,,,,,
DL-00973,아이엠메디컬,바이오/헬스케어,의료기기,서울,2011,407,벤처그로쓰 1호,Venture,2020,고은채,보류/철회(Dropped),,,,242,39.0,16.1,172.1,490.9,12.6,2.03,,,,,,,
DL-00974,우진콘텐츠,미디어/콘텐츠,광고/마케팅,광주,1989,289,그로쓰 3호 PEF,Growth,2022,김도현,투자완료(Active),2023-02-24,450.7,77.9,286,65.8,23.0,208.5,756.5,11.5,2.65,3.3,843.5,1.87,21.0,,,
DL-00975,보광정밀,제조/소재,정밀화학,대전,1990,548,그로쓰 3호 PEF,Growth,2022,이서준,회수완료(Exited),2024-11-13,491.5,73.0,224,85.6,38.2,21.9,573.3,6.7,2.56,1.6,,1.71,40.4,2026-06-10,838.0,Recap/배당
DL-00976,가온파트너스,B2B서비스,MRO,해외(싱가포르),1992,1053,바이아웃 2호 PEF,Buyout,2021,김도현,소싱(Sourcing),,,,430,102.3,23.8,450.3,910.8,8.9,2.12,,,,,,,
DL-00977,중앙메탈,제조/소재,자동차부품,전남,2015,382,세컨더리 1호,Secondary,2023,임수빈,투자완료(Active),2025-06-10,209.4,51.9,227,37.5,16.5,90.0,464.4,12.4,2.05,1.0,498.1,2.38,138.0,,,
DL-00978,삼정진단,바이오/헬스케어,의료기기,서울,1994,252,그로쓰 3호 PEF,Growth,2022,남기훈,회수완료(Exited),2023-06-03,106.6,62.6,218,12.2,5.6,3.3,145.3,11.9,0.67,2.1,,1.38,16.3,2025-07-19,147.0,구주매출
DL-00979,유진정보기술,IT/소프트웨어,SaaS,서울,1997,748,그로쓰 1호 PEF,Growth,2016,김도현,소싱(Sourcing),,,,926,109.3,11.8,429.2,983.4,9.0,1.06,,,,,,,
DL-00980,세진정밀,제조/소재,정밀화학,서울,2007,1118,바이아웃 1호 PEF,Buyout,2017,한승우,투자완료(Active),2023-11-10,290.7,25.0,445,87.2,19.6,97.6,1142.6,13.1,2.57,2.6,475.0,1.63,20.9,,,
DL-00981,중앙캐피탈,금융서비스,결제,경북,1998,1644,그로쓰 3호 PEF,Growth,2022,고은채,투자완료(Active),2024-09-17,1950.5,52.6,1317,478.1,36.3,2468.8,5593.4,11.7,4.25,1.7,3091.6,1.59,30.6,,,
DL-00982,에스서비스,B2B서비스,MRO,서울,1989,207,바이아웃 2호 PEF,Buyout,2021,배준영,소싱(Sourcing),,,,97,31.7,32.7,25.0,222.0,7.0,2.29,,,,,,,
DL-00983,보광랩스,IT/소프트웨어,시스템통합,광주,2014,3853,바이아웃 1호 PEF,Buyout,2017,강태호,회수완료(Exited),2024-11-08,189.3,21.6,1553,111.8,7.2,388.0,1095.8,9.8,0.71,1.6,,1.9,50.1,2026-06-10,360.4,IPO
DL-00984,성안콘텐츠,미디어/콘텐츠,엔터테인먼트,인천,1993,383,바이아웃 2호 PEF,Buyout,2021,정우성,투자완료(Active),2024-04-30,331.2,53.5,368,71.0,19.3,171.5,681.8,9.6,1.85,2.1,643.6,1.94,37.0,,,
DL-00985,동성커머스,물류/유통,콜드체인,서울,1994,1649,그로쓰 1호 PEF,Growth,2016,남기훈,회수완료(Exited),2022-11-10,1938.7,89.6,665,195.5,29.4,688.9,2580.7,13.2,3.88,2.0,,1.15,7.4,2024-11-18,2239.0,재무적매각(Secondary)
DL-00986,한라파트너스,B2B서비스,시설관리,부산,2004,1857,그로쓰 1호 PEF,Growth,2016,배준영,투자완료(Active),2022-12-03,1738.5,53.0,1667,438.4,26.3,1306.6,4165.0,9.5,2.5,3.5,2438.1,1.4,10.1,,,
DL-00987,누리에셋,금융서비스,여신전문,서울,2019,280,그로쓰 2호 PEF,Growth,2019,윤지호,실사(DD),,,,145,7.7,5.3,28.0,84.5,11.0,0.58,,,,,,,
DL-00988,글로벌콘텐츠,미디어/콘텐츠,게임,서울,2019,1051,바이아웃 1호 PEF,Buyout,2017,김도현,투자완료(Active),2023-01-25,398.2,64.1,464,131.3,28.3,171.1,709.1,5.4,1.53,3.4,778.4,1.95,22.0,,,
DL-00989,글로벌솔루션,IT/소프트웨어,시스템통합,해외(싱가포르),2013,2948,바이아웃 1호 PEF,Buyout,2017,김도현,스크리닝(Screening),,,,1087,343.5,31.6,915.3,3091.4,9.0,2.84,,,,,,,
DL-00990,미래그린텍,에너지/환경,폐기물처리,서울,2019,11895,바이아웃 1호 PEF,Buyout,2017,고은채,투자완료(Active),2025-02-01,7363.9,93.0,4807,735.5,15.3,180.9,6987.0,9.5,1.45,1.4,11844.1,1.61,42.1,,,
DL-00991,미래케미칼,제조/소재,자동차부품,울산,1992,329,스페셜시츄에이션 1호,Special Situation,2018,강태호,회수완료(Exited),2018-06-27,165.4,51.5,155,23.7,15.3,43.3,343.9,14.5,2.22,3.4,,4.24,52.6,2021-11-27,701.7,Recap/배당
DL-00992,삼정파워,에너지/환경,폐기물처리,전북,2005,813,바이아웃 2호 PEF,Buyout,2021,한승우,실사(DD),,,,313,63.5,20.3,180.5,425.7,6.7,1.36,,,,,,,
DL-00993,우진매니지먼트,B2B서비스,시설관리,서울,1996,264,바이아웃 1호 PEF,Buyout,2017,윤지호,소싱(Sourcing),,,,231,63.3,27.4,165.7,715.2,11.3,3.1,,,,,,,
DL-00994,아이엠유통,물류/유통,이커머스,서울,2005,1143,벤처그로쓰 1호,Venture,2020,박민재,투자완료(Active),2022-12-19,886.2,88.1,406,107.6,26.5,28.0,1022.1,9.5,2.52,3.5,1202.4,1.36,9.2,,,
DL-00995,디에이치캐피탈,금융서비스,결제,울산,2004,837,바이아웃 1호 PEF,Buyout,2017,강태호,투자완료(Active),2022-03-05,401.2,29.5,330,102.3,31.0,70.5,1258.3,12.3,3.81,4.3,606.1,1.51,10.2,,,
DL-00996,가온식품,소비재,식음료,서울,1990,838,그로쓰 2호 PEF,Growth,2019,한승우,스크리닝(Screening),,,,438,49.9,11.4,184.4,719.0,14.4,1.64,,,,,,,
DL-00997,세진제약,바이오/헬스케어,CRO/CDMO,경기,2020,512,세컨더리 1호,Secondary,2023,정우성,소싱(Sourcing),,,,348,25.1,7.2,37.9,170.4,6.8,0.49,,,,,,,
DL-00998,신성그린텍,에너지/환경,폐기물처리,부산,2012,68,바이아웃 2호 PEF,Buyout,2021,윤지호,투자완료(Active),2024-05-04,72.6,64.3,76,19.4,25.5,1.9,102.7,5.3,1.35,2.1,127.5,1.76,30.8,,,
DL-00999,유진식품,소비재,패션/리빙,인천,2003,285,스페셜시츄에이션 1호,Special Situation,2018,서지원,투자완료(Active),2024-11-24,226.5,77.9,196,28.8,14.7,161.1,414.9,14.4,2.12,1.5,322.5,1.42,25.7,,,
DL-01000,대한환경,에너지/환경,수처리,서울,2019,3033,세컨더리 1호,Secondary,2023,남기훈,투자완료(Active),2024-07-07,2294.3,35.0,2080,719.7,34.6,3953.9,9643.7,13.4,4.64,1.9,2529.7,1.1,5.2,,,
DL-01001,누리파트너스,B2B서비스,엔지니어링,해외(싱가포르),1998,555,그로쓰 2호 PEF,Growth,2019,이서준,스크리닝(Screening),,,,529,119.6,22.6,634.3,1494.4,12.5,2.82,,,,,,,
DL-01002,아이엠소프트,IT/소프트웨어,시스템통합,경남,2021,768,그로쓰 1호 PEF,Growth,2016,남기훈,투자완료(Active),2022-04-13,463.6,88.9,514,44.7,8.7,10.2,433.8,9.7,0.84,4.2,783.7,1.69,13.5,,,
DL-01003,대한그린텍,에너지/환경,신재생에너지,서울,1991,4099,벤처그로쓰 1호,Venture,2020,고은채,투자완료(Active),2024-01-03,531.9,56.9,2811,182.7,6.5,666.8,1516.5,8.3,0.54,2.4,1284.6,2.41,43.7,,,
DL-01004,대명F&B,소비재,리테일,서울,2007,905,세컨더리 1호,Secondary,2023,이서준,스크리닝(Screening),,,,419,104.3,24.9,89.6,740.8,7.1,1.77,,,,,,,
DL-01005,가온소재,제조/소재,정밀화학,해외(싱가포르),2003,482,스페셜시츄에이션 1호,Special Situation,2018,이서준,투자심의(IC),,,,364,101.2,27.8,564.5,1376.2,13.6,3.78,,,,,,,
DL-01006,세진파이낸셜,금융서비스,자산관리,서울,1987,1603,바이아웃 2호 PEF,Buyout,2021,정우성,투자심의(IC),,,,1860,686.3,36.9,604.9,6657.5,9.7,3.58,,,,,,,
DL-01007,제이헬스케어,바이오/헬스케어,CRO/CDMO,해외(싱가포르),2000,488,스페셜시츄에이션 1호,Special Situation,2018,윤지호,소싱(Sourcing),,,,208,37.9,18.2,9.8,283.9,7.5,1.36,,,,,,,
DL-01008,대한엔터,미디어/콘텐츠,게임,부산,1998,49,세컨더리 1호,Secondary,2023,강태호,투자완료(Active),2024-01-18,68.7,97.1,55,15.0,27.2,49.6,119.7,8.0,2.18,2.4,139.3,2.03,34.3,,,
DL-01009,태광바이오,바이오/헬스케어,디지털헬스,서울,1993,2836,세컨더리 1호,Secondary,2023,윤지호,스크리닝(Screening),,,,1578,135.7,8.6,518.7,1533.5,11.3,0.97,,,,,,,
DL-01010,아이엠파트너스,B2B서비스,시설관리,인천,2001,9888,그로쓰 1호 PEF,Growth,2016,윤지호,투자완료(Active),2022-05-22,2158.1,33.9,3502,984.1,28.1,5271.4,10923.1,11.1,3.12,4.1,4348.3,2.01,18.9,,,
DL-01011,보광솔루션,B2B서비스,MRO,울산,2000,1911,벤처그로쓰 1호,Venture,2020,이서준,회수완료(Exited),2020-02-13,410.6,71.3,694,68.0,9.8,152.7,673.3,9.9,0.97,4.6,,4.81,40.7,2024-09-18,1973.3,재무적매각(Secondary)
DL-01012,대명메탈,제조/소재,산업기계,전북,2013,829,세컨더리 1호,Secondary,2023,정우성,투자완료(Active),2024-05-01,989.5,56.0,582,133.3,22.9,175.8,1639.3,12.3,2.82,2.1,1878.6,1.9,35.5,,,
DL-01013,태광랩스,IT/소프트웨어,정보보안,충북,1993,298,스페셜시츄에이션 1호,Special Situation,2018,김도현,스크리닝(Screening),,,,315,102.7,32.6,697.3,1509.5,14.7,4.79,,,,,,,
DL-01014,제이바이오,바이오/헬스케어,의료기기,광주,1985,516,벤처그로쓰 1호,Venture,2020,임수빈,투자완료(Active),2023-12-13,60.9,41.8,246,14.0,5.7,42.0,169.7,12.1,0.69,2.5,65.9,1.08,3.2,,,
DL-01015,신성리빙,소비재,식음료,인천,2020,432,세컨더리 1호,Secondary,2023,김도현,투자완료(Active),2023-07-01,829.1,49.9,346,136.3,39.4,536.3,1867.6,13.7,5.4,2.9,2739.2,3.3,50.1,,,
DL-01016,케이식품,소비재,화장품,서울,2009,844,그로쓰 1호 PEF,Growth,2016,김도현,스크리닝(Screening),,,,422,77.6,18.4,2.6,427.1,5.5,1.01,,,,,,,
DL-01017,대명파이낸셜,금융서비스,자산관리,서울,2010,3307,벤처그로쓰 1호,Venture,2020,배준영,투자완료(Active),2023-04-09,259.7,22.5,1137,110.3,9.7,116.0,1180.1,10.7,1.04,3.2,397.6,1.53,14.4,,,
DL-01018,한솔메탈,제조/소재,자동차부품,경기,1994,2131,그로쓰 2호 PEF,Growth,2019,서지원,투자심의(IC),,,,838,312.6,37.3,1475.7,3969.7,12.7,4.74,,,,,,,
DL-01019,아이엠캐피탈,금융서비스,여신전문,인천,2014,605,그로쓰 2호 PEF,Growth,2019,임수빈,회수완료(Exited),2022-04-15,160.3,88.5,245,16.9,6.9,103.2,250.2,14.8,1.02,2.2,,1.44,17.7,2024-07-09,230.9,Recap/배당
DL-01020,코리아정밀,제조/소재,산업기계,서울,1986,580,바이아웃 2호 PEF,Buyout,2021,배준영,소싱(Sourcing),,,,485,163.9,33.8,505.6,2131.1,13.0,4.39,,,,,,,
DL-01021,동성정밀,제조/소재,산업기계,경기,1993,327,벤처그로쓰 1호,Venture,2020,강태호,소싱(Sourcing),,,,384,81.8,21.3,388.8,1079.7,13.2,2.81,,,,,,,
DL-01022,글로벌진단,바이오/헬스케어,체외진단,경기,1993,271,벤처그로쓰 1호,Venture,2020,이서준,투자심의(IC),,,,96,8.5,8.9,33.5,124.7,14.6,1.3,,,,,,,
DL-01023,대명랩스,IT/소프트웨어,핀테크,강원,1993,3255,바이아웃 1호 PEF,Buyout,2017,윤지호,투자완료(Active),2022-08-28,406.9,32.6,1126,162.1,14.4,342.2,1524.2,9.4,1.35,3.8,1096.8,2.7,30.0,,,
DL-01024,동성물류,물류/유통,도소매유통,경남,1998,339,벤처그로쓰 1호,Venture,2020,강태호,소싱(Sourcing),,,,161,49.9,31.0,168.6,743.7,14.9,4.62,,,,,,,
DL-01025,한국메탈,제조/소재,자동차부품,해외(미국),1994,1491,그로쓰 2호 PEF,Growth,2019,윤지호,투자완료(Active),2024-12-18,1573.1,95.6,717,159.9,22.3,848.5,2286.4,14.3,3.19,1.5,2238.6,1.42,27.0,,,
DL-01026,누리소재,제조/소재,2차전지소재,대전,1991,627,바이아웃 1호 PEF,Buyout,2017,윤지호,소싱(Sourcing),,,,636,131.0,20.6,490.3,1873.5,14.3,2.95,,,,,,,
DL-01027,세진시스템,IT/소프트웨어,시스템통합,서울,1985,311,그로쓰 1호 PEF,Growth,2016,정우성,투자완료(Active),2020-03-16,378.1,95.5,175,55.5,31.7,88.9,432.7,7.8,2.47,6.2,393.6,1.04,0.6,,,
DL-01028,유진익스프레스,물류/유통,도소매유통,전남,2017,232,그로쓰 3호 PEF,Growth,2022,박민재,투자완료(Active),2022-03-10,38.6,62.5,140,21.1,15.1,50.8,105.7,5.0,0.76,4.3,40.6,1.05,1.2,,,
DL-01029,미래파워,에너지/환경,폐기물처리,강원,2005,5106,그로쓰 3호 PEF,Growth,2022,배준영,투자완료(Active),2022-04-24,719.3,41.2,4326,389.3,9.0,479.4,2063.5,5.3,0.48,4.1,917.7,1.28,6.1,,,
DL-01030,중앙테크,IT/소프트웨어,SaaS,서울,2012,1023,그로쓰 3호 PEF,Growth,2022,오세훈,투자완료(Active),2023-06-14,574.2,45.0,348,134.0,38.5,621.5,1701.5,12.7,4.89,3.0,1433.6,2.5,35.8,,,
DL-01031,에스헬스케어,바이오/헬스케어,의료기기,해외(싱가포르),1986,619,바이아웃 2호 PEF,Buyout,2021,윤지호,회수완료(Exited),2022-09-26,260.3,59.3,212,64.0,30.2,409.1,832.3,13.0,3.93,2.8,,1.98,27.4,2025-07-20,514.9,재무적매각(Secondary)
DL-01032,중앙정보기술,IT/소프트웨어,핀테크,충남,1989,1968,그로쓰 3호 PEF,Growth,2022,고은채,소싱(Sourcing),,,,1069,374.1,35.0,898.2,2881.0,7.7,2.69,,,,,,,
DL-01033,글로벌소프트,IT/소프트웨어,핀테크,서울,2017,740,그로쓰 2호 PEF,Growth,2019,배준영,투자완료(Active),2023-03-30,92.2,63.8,271,33.3,12.3,66.6,183.3,5.5,0.68,3.2,100.7,1.09,2.8,,,
DL-01034,한라콘텐츠,미디어/콘텐츠,엔터테인먼트,충남,2002,3182,그로쓰 1호 PEF,Growth,2016,윤지호,투자완료(Active),2024-09-05,200.4,35.6,1482,120.0,8.1,249.5,744.3,6.2,0.5,1.8,327.0,1.63,32.1,,,
DL-01035,한솔산업,제조/소재,2차전지소재,인천,2019,118,바이아웃 2호 PEF,Buyout,2021,오세훈,회수완료(Exited),2021-07-26,179.9,99.4,117,16.5,14.1,36.4,209.5,12.7,1.79,2.4,,2.82,54.1,2023-12-19,507.4,전략적매각(M&A)
DL-01036,디에이치물류,물류/유통,3PL물류,서울,1997,375,스페셜시츄에이션 1호,Special Situation,2018,김도현,보류/철회(Dropped),,,,129,31.3,24.3,103.3,341.7,10.9,2.65,,,,,,,
DL-01037,디에이치정보기술,IT/소프트웨어,SaaS,서울,2011,2402,세컨더리 1호,Secondary,2023,배준영,투자완료(Active),2023-02-22,1455.9,77.7,814,322.3,39.6,979.9,2739.9,8.5,3.37,3.3,2469.8,1.7,17.4,,,
DL-01038,성안파이낸셜,금융서비스,인슈어테크,서울,2018,606,세컨더리 1호,Secondary,2023,강태호,스크리닝(Screening),,,,224,48.2,21.5,85.3,322.7,6.7,1.44,,,,,,,
DL-01039,제이파이낸셜,금융서비스,여신전문,대전,1991,825,세컨더리 1호,Secondary,2023,이서준,회수완료(Exited),2023-05-13,750.9,91.5,313,71.7,22.9,215.6,917.5,12.8,2.93,3.1,,3.3,47.4,2026-06-10,2478.5,Recap/배당
DL-01040,디에이치로지스틱스,물류/유통,도소매유통,인천,1987,897,세컨더리 1호,Secondary,2023,강태호,회수완료(Exited),2024-07-14,431.5,21.2,351,123.6,35.2,6.0,1729.7,14.0,4.93,1.9,,1.63,29.4,2026-06-10,704.8,구주매출
DL-01041,한라케미칼,제조/소재,자동차부품,경남,1998,682,바이아웃 1호 PEF,Buyout,2017,배준영,투자완료(Active),2022-02-11,436.8,40.8,339,134.9,39.8,566.5,1484.1,11.0,4.38,4.3,831.9,1.9,16.1,,,
DL-01042,서연콘텐츠,미디어/콘텐츠,게임,경북,1994,274,벤처그로쓰 1호,Venture,2020,남기훈,투자완료(Active),2020-01-20,58.3,37.4,148,22.8,15.4,5.4,148.1,6.5,1.0,6.4,141.5,2.43,14.9,,,
DL-01043,유진진단,바이오/헬스케어,체외진단,대전,2019,2953,바이아웃 1호 PEF,Buyout,2017,오세훈,소싱(Sourcing),,,,1218,154.7,12.7,360.1,788.9,5.1,0.65,,,,,,,
DL-01044,중앙소프트,IT/소프트웨어,SaaS,경기,2020,300,벤처그로쓰 1호,Venture,2020,배준영,회수완료(Exited),2021-09-26,160.4,64.0,197,25.8,13.1,108.6,353.6,13.7,1.79,3.3,,1.47,12.3,2025-01-22,235.8,전략적매각(M&A)
DL-01045,코리아페이,금융서비스,결제,서울,1992,576,벤처그로쓰 1호,Venture,2020,강태호,투자완료(Active),2021-11-30,126.4,49.0,301,39.7,13.2,97.3,345.7,8.7,1.15,4.5,389.0,3.08,28.2,,,
DL-01046,한국캐피탈,금융서비스,자산관리,서울,2008,1479,바이아웃 2호 PEF,Buyout,2021,윤지호,투자완료(Active),2021-02-25,537.3,56.9,835,177.0,21.2,202.9,1132.9,6.4,1.36,5.3,842.7,1.57,8.9,,,
DL-01047,디에이치스튜디오,미디어/콘텐츠,엔터테인먼트,경기,1996,2227,바이아웃 1호 PEF,Buyout,2017,한승우,소싱(Sourcing),,,,947,72.0,7.6,243.7,575.8,8.0,0.61,,,,,,,
DL-01048,대한제약,바이오/헬스케어,디지털헬스,인천,2010,1715,벤처그로쓰 1호,Venture,2020,최예린,투자완료(Active),2020-04-03,282.1,55.9,651,66.4,10.2,175.1,630.8,9.5,0.97,6.2,282.0,1.0,-0.0,,,
DL-01049,중앙게임즈,미디어/콘텐츠,광고/마케팅,경기,1998,3250,그로쓰 3호 PEF,Growth,2022,강태호,투자완료(Active),2022-03-03,2394.4,83.8,1173,265.1,22.6,67.7,2598.0,9.8,2.21,4.3,4075.2,1.7,13.3,,,
DL-01050,글로벌산업,제조/소재,정밀화학,대전,2011,79,그로쓰 3호 PEF,Growth,2022,임수빈,스크리닝(Screening),,,,65,13.0,20.0,0.4,98.8,7.6,1.52,,,,,,,
DL-01051,우진파워,에너지/환경,수처리,경북,2018,40,그로쓰 1호 PEF,Growth,2016,정우성,회수완료(Exited),2024-03-03,25.3,36.5,37,8.0,21.7,40.9,109.2,13.6,2.95,2.3,,0.95,-2.3,2026-06-10,24.0,Recap/배당
DL-01052,케이랩스,IT/소프트웨어,SaaS,서울,1988,1777,세컨더리 1호,Secondary,2023,이서준,투자완료(Active),2024-02-18,1259.7,66.2,673,241.6,35.9,303.7,2102.0,8.7,3.12,2.3,2559.0,2.03,35.9,,,
DL-01053,아이엠파마,바이오/헬스케어,디지털헬스,서울,2002,728,바이아웃 2호 PEF,Buyout,2021,박민재,투자완료(Active),2025-04-05,91.7,21.5,400,79.2,19.8,15.0,419.8,5.3,1.05,1.2,254.2,2.77,137.2,,,
DL-01054,동성식품,소비재,리테일,제주,1996,842,바이아웃 2호 PEF,Buyout,2021,오세훈,스크리닝(Screening),,,,315,43.8,13.9,98.6,341.5,7.8,1.08,,,,,,,
DL-01055,아이엠에셋,금융서비스,자산관리,충남,1985,2394,스페셜시츄에이션 1호,Special Situation,2018,정우성,회수완료(Exited),2019-10-03,535.4,90.5,1745,106.4,6.1,445.3,958.0,9.0,0.55,4.9,,3.3,27.4,2024-09-07,1768.7,IPO
DL-01056,신성F&B,소비재,화장품,대전,1990,171,세컨더리 1호,Secondary,2023,박민재,투자완료(Active),2025-03-01,139.5,65.1,118,39.9,33.8,93.6,287.2,7.2,2.43,1.3,139.3,1.0,-0.1,,,
DL-01057,글로벌미디어,미디어/콘텐츠,교육,부산,2008,1227,바이아웃 2호 PEF,Buyout,2021,오세훈,투자완료(Active),2025-03-24,128.7,53.0,411,63.7,15.5,119.2,318.5,5.0,0.77,1.2,122.5,0.95,-4.0,,,
DL-01058,제이소프트,IT/소프트웨어,시스템통합,서울,2004,766,그로쓰 2호 PEF,Growth,2019,강태호,투자완료(Active),2021-07-11,102.0,33.9,875,53.4,6.1,116.1,405.6,7.6,0.46,4.9,242.7,2.38,19.3,,,
DL-01059,글로벌바이오,바이오/헬스케어,제약,서울,2007,1823,벤처그로쓰 1호,Venture,2020,서지원,회수완료(Exited),2020-03-09,617.8,38.1,792,313.6,39.6,973.9,2446.3,7.8,3.09,4.3,,0.89,-2.7,2024-07-05,549.7,구주매출
DL-01060,태광코스메틱,소비재,화장품,서울,2012,290,바이아웃 1호 PEF,Buyout,2017,윤지호,회수완료(Exited),2023-07-03,190.7,24.6,251,97.4,38.8,101.3,749.9,7.7,2.99,2.9,,2.14,29.6,2026-06-10,407.9,구주매출
DL-01061,서연헬스케어,바이오/헬스케어,제약,경기,2008,387,그로쓰 2호 PEF,Growth,2019,임수빈,투자완료(Active),2020-01-16,51.1,65.3,279,15.3,5.5,40.4,104.3,6.8,0.37,6.4,74.2,1.45,6.0,,,
DL-01062,정밀코스메틱,소비재,식음료,제주,2017,481,바이아웃 2호 PEF,Buyout,2021,임수빈,실사(DD),,,,563,103.6,18.4,102.9,1450.3,14.0,2.58,,,,,,,
DL-01063,유진엔터,미디어/콘텐츠,게임,서울,1985,282,바이아웃 1호 PEF,Buyout,2017,고은채,실사(DD),,,,274,82.7,30.2,154.1,529.6,6.4,1.93,,,,,,,
DL-01064,아이엠코스메틱,소비재,식음료,광주,2015,497,그로쓰 1호 PEF,Growth,2016,최예린,투자완료(Active),2018-08-18,1190.3,80.6,395,107.4,27.2,141.7,1429.0,13.3,3.62,7.8,3351.9,2.82,14.2,,,
DL-01065,코리아정보기술,IT/소프트웨어,정보보안,경기,1997,3116,벤처그로쓰 1호,Venture,2020,남기훈,투자완료(Active),2020-10-03,1671.6,52.4,1224,477.4,39.0,855.8,3914.4,8.2,3.2,5.7,3280.1,1.96,12.6,,,
DL-01066,한솔에셋,금융서비스,자산관리,서울,1996,484,스페셜시츄에이션 1호,Special Situation,2018,박민재,투자완료(Active),2025-02-16,316.0,52.5,190,59.7,31.4,108.4,614.5,10.3,3.23,1.3,909.3,2.88,123.9,,,
DL-01067,태광매니지먼트,B2B서비스,MRO,울산,1995,1548,그로쓰 3호 PEF,Growth,2022,서지원,소싱(Sourcing),,,,735,107.3,14.6,243.0,847.7,7.9,1.15,,,,,,,
DL-01068,한라소재,제조/소재,철강금속,충북,1997,342,그로쓰 1호 PEF,Growth,2016,오세훈,투자심의(IC),,,,159,23.8,15.0,46.2,128.8,5.4,0.81,,,,,,,
DL-01069,우진소재,제조/소재,자동차부품,경북,1999,963,그로쓰 2호 PEF,Growth,2019,이서준,회수완료(Exited),2019-08-13,232.9,57.9,394,74.9,19.0,311.1,673.7,9.0,1.71,2.2,,1.72,27.6,2021-11-02,400.5,구주매출
DL-01070,미래환경,에너지/환경,신재생에너지,경기,2009,1161,세컨더리 1호,Secondary,2023,임수빈,투자완료(Active),2023-08-02,1139.1,83.2,432,85.1,19.7,19.1,1208.5,14.2,2.8,2.9,2671.5,2.35,34.8,,,
DL-01071,동방파워,에너지/환경,신재생에너지,부산,1996,558,바이아웃 1호 PEF,Buyout,2017,박민재,실사(DD),,,,477,68.2,14.3,201.8,525.2,7.7,1.1,,,,,,,
DL-01072,대명로지스틱스,물류/유통,콜드체인,서울,1999,336,바이아웃 2호 PEF,Buyout,2021,배준영,투자완료(Active),2022-02-10,240.6,61.3,184,36.1,19.6,54.2,385.9,10.7,2.1,4.3,237.7,0.99,-0.3,,,
DL-01073,성안소재,제조/소재,철강금속,경기,2002,156,바이아웃 2호 PEF,Buyout,2021,박민재,소싱(Sourcing),,,,62,16.2,26.1,3.5,216.8,13.4,3.5,,,,,,,
DL-01074,대한에셋,금융서비스,여신전문,경기,1999,140,스페셜시츄에이션 1호,Special Situation,2018,남기훈,소싱(Sourcing),,,,84,19.6,23.3,34.9,152.7,7.8,1.82,,,,,,,
DL-01075,한라게임즈,미디어/콘텐츠,게임,경북,1999,82,그로쓰 3호 PEF,Growth,2022,서지원,회수완료(Exited),2022-06-28,161.2,61.6,57,20.8,36.5,49.0,266.3,12.8,4.67,4.0,,2.09,20.5,2026-06-10,336.9,IPO
DL-01076,광림바이오,바이오/헬스케어,디지털헬스,서울,2014,2861,바이아웃 2호 PEF,Buyout,2021,강태호,소싱(Sourcing),,,,1677,310.2,18.5,289.4,2450.9,7.9,1.46,,,,,,,
DL-01077,성안스튜디오,미디어/콘텐츠,게임,울산,2017,1549,그로쓰 1호 PEF,Growth,2016,배준영,투자완료(Active),2016-07-10,382.6,51.0,601,75.7,12.6,322.6,954.1,12.6,1.59,9.9,638.8,1.67,5.3,,,
DL-01078,정밀바이오,바이오/헬스케어,CRO/CDMO,광주,2005,908,벤처그로쓰 1호,Venture,2020,배준영,보류/철회(Dropped),,,,660,65.3,9.9,92.2,405.1,6.2,0.61,,,,,,,
DL-01079,대명서비스,B2B서비스,MRO,인천,1986,390,스페셜시츄에이션 1호,Special Situation,2018,서지원,투자완료(Active),2018-03-02,836.5,58.0,337,115.9,34.4,293.8,1460.7,12.6,4.33,8.3,1402.6,1.68,6.4,,,
DL-01080,글로벌매니지먼트,B2B서비스,인력아웃소싱,부산,2009,764,스페셜시츄에이션 1호,Special Situation,2018,임수빈,소싱(Sourcing),,,,475,80.3,16.9,79.2,834.9,10.4,1.76,,,,,,,
DL-01081,누리매니지먼트,B2B서비스,시설관리,서울,1994,654,그로쓰 2호 PEF,Growth,2019,임수빈,스크리닝(Screening),,,,451,87.9,19.5,256.4,589.2,6.7,1.31,,,,,,,
DL-01082,동성익스프레스,물류/유통,콜드체인,해외(베트남),2002,321,그로쓰 3호 PEF,Growth,2022,서지원,투자완료(Active),2024-02-28,60.3,88.7,135,6.9,5.1,34.0,99.1,14.4,0.73,2.3,91.6,1.52,20.2,,,
DL-01083,태광소재,제조/소재,철강금속,충남,2001,281,스페셜시츄에이션 1호,Special Situation,2018,서지원,투자완료(Active),2021-04-24,812.3,84.8,236,79.5,33.7,2.3,779.4,9.8,3.3,5.1,950.6,1.17,3.1,,,
DL-01084,정밀에너지,에너지/환경,폐기물처리,서울,1985,354,스페셜시츄에이션 1호,Special Situation,2018,서지원,투자완료(Active),2020-06-29,768.5,75.9,225,77.8,34.6,166.8,1082.1,13.9,4.81,5.9,1206.4,1.57,7.9,,,
DL-01085,보광매니지먼트,B2B서비스,MRO,경기,2002,2174,세컨더리 1호,Secondary,2023,정우성,투자완료(Active),2024-01-26,492.1,52.3,1249,128.6,10.3,57.3,900.5,7.0,0.72,2.4,662.6,1.35,13.4,,,
DL-01086,중앙진단,바이오/헬스케어,체외진단,전북,2001,158,그로쓰 3호 PEF,Growth,2022,남기훈,소싱(Sourcing),,,,146,16.8,11.5,69.1,245.1,14.6,1.68,,,,,,,
DL-01087,누리스튜디오,미디어/콘텐츠,교육,전북,2018,458,바이아웃 1호 PEF,Buyout,2017,이서준,실사(DD),,,,484,45.5,9.4,0.5,232.0,5.1,0.48,,,,,,,
DL-01088,한솔로지스틱스,물류/유통,3PL물류,해외(미국),1999,2365,바이아웃 2호 PEF,Buyout,2021,남기훈,투자완료(Active),2023-10-13,359.4,45.7,915,115.3,12.6,73.0,714.8,6.2,0.78,2.7,879.5,2.45,40.0,,,
DL-01089,제이메탈,제조/소재,철강금속,경기,2004,1242,벤처그로쓰 1호,Venture,2020,고은채,투자완료(Active),2021-11-20,3920.0,86.5,1034,402.2,38.9,128.6,4625.6,11.5,4.47,4.6,2610.3,0.67,-8.5,,,
DL-01090,미래랩스,IT/소프트웨어,시스템통합,경기,2003,487,벤처그로쓰 1호,Venture,2020,임수빈,스크리닝(Screening),,,,397,42.5,10.7,11.2,310.1,7.3,0.78,,,,,,,
DL-01091,디에이치파워,에너지/환경,수처리,서울,2007,113,그로쓰 3호 PEF,Growth,2022,이서준,투자완료(Active),2023-11-15,468.1,86.7,126,39.7,31.5,44.8,500.1,12.6,3.97,2.6,903.1,1.93,29.2,,,
DL-01092,에스식품,소비재,리테일,서울,2004,375,그로쓰 3호 PEF,Growth,2022,배준영,실사(DD),,,,215,52.0,24.2,35.2,260.1,5.0,1.21,,,,,,,
DL-01093,보광캐피탈,금융서비스,결제,울산,1985,1786,벤처그로쓰 1호,Venture,2020,이서준,회수완료(Exited),2023-07-13,284.4,22.7,706,114.4,16.2,445.3,1464.0,12.8,2.07,2.9,,2.0,27.0,2026-06-10,569.9,재무적매각(Secondary)
DL-01094,현우에너지,에너지/환경,수처리,대전,2002,1242,벤처그로쓰 1호,Venture,2020,최예린,소싱(Sourcing),,,,593,46.8,7.9,165.9,487.2,10.4,0.82,,,,,,,
DL-01095,유진콘텐츠,미디어/콘텐츠,광고/마케팅,서울,2011,127,바이아웃 1호 PEF,Buyout,2017,남기훈,스크리닝(Screening),,,,51,11.5,22.6,3.1,116.4,10.1,2.28,,,,,,,
DL-01096,세진게임즈,미디어/콘텐츠,교육,경기,2020,330,그로쓰 2호 PEF,Growth,2019,강태호,투자완료(Active),2023-07-10,76.6,22.6,311,33.3,10.7,27.9,299.5,9.0,0.96,2.9,224.6,2.93,44.6,,,
DL-01097,서연파마,바이오/헬스케어,의료기기,전북,2002,812,그로쓰 1호 PEF,Growth,2016,임수빈,투자완료(Active),2023-08-12,519.0,91.3,301,65.6,21.8,311.0,787.4,12.0,2.62,2.8,460.7,0.89,-4.1,,,
DL-01098,정밀에너지8,에너지/환경,폐기물처리,부산,2014,294,스페셜시츄에이션 1호,Special Situation,2018,김도현,소싱(Sourcing),,,,114,25.4,22.3,32.7,203.4,8.0,1.78,,,,,,,
DL-01099,한솔파마,바이오/헬스케어,제약,해외(베트남),2006,507,바이아웃 2호 PEF,Buyout,2021,남기훈,실사(DD),,,,253,62.0,24.5,42.3,700.4,11.3,2.77,,,,,,,
DL-01100,누리미디어,미디어/콘텐츠,엔터테인먼트,서울,2010,459,바이아웃 2호 PEF,Buyout,2021,배준영,실사(DD),,,,213,69.9,32.8,37.5,607.8,8.7,2.85,,,,,,,
DL-01101,삼정메탈,제조/소재,정밀화학,경기,1994,546,세컨더리 1호,Secondary,2023,김도현,실사(DD),,,,341,59.3,17.4,161.8,884.1,14.9,2.59,,,,,,,
DL-01102,한국소프트,IT/소프트웨어,정보보안,경기,1991,357,그로쓰 2호 PEF,Growth,2019,윤지호,투자완료(Active),2022-05-22,168.0,26.0,299,70.0,23.4,139.8,748.6,10.7,2.5,4.1,212.8,1.27,6.0,,,
DL-01103,태광로지스틱스,물류/유통,3PL물류,대전,2014,1204,벤처그로쓰 1호,Venture,2020,남기훈,회수완료(Exited),2025-03-24,494.1,62.0,488,103.0,21.1,405.1,1101.8,10.7,2.26,1.2,,1.57,45.3,2026-06-10,777.6,재무적매각(Secondary)
DL-01104,케이스튜디오,미디어/콘텐츠,광고/마케팅,경기,2005,2248,그로쓰 2호 PEF,Growth,2019,한승우,스크리닝(Screening),,,,775,209.2,27.0,439.2,2218.0,10.6,2.86,,,,,,,
DL-01105,유진파워,에너지/환경,수처리,서울,2010,711,그로쓰 3호 PEF,Growth,2022,정우성,투자완료(Active),2024-03-19,1404.3,94.8,287,101.6,35.4,232.4,1442.7,14.2,5.03,2.2,2050.7,1.46,18.5,,,
DL-01106,우진헬스케어,바이오/헬스케어,체외진단,경기,1995,371,바이아웃 1호 PEF,Buyout,2017,오세훈,회수완료(Exited),2017-03-30,113.1,66.0,161,27.0,16.8,11.8,173.1,6.4,1.08,1.5,,0.8,-14.0,2018-09-28,90.3,전략적매각(M&A)
DL-01107,제이파마,바이오/헬스케어,CRO/CDMO,인천,2006,797,그로쓰 1호 PEF,Growth,2016,배준영,투자완료(Active),2019-08-18,418.1,54.9,281,47.8,17.0,19.3,668.8,14.0,2.38,6.8,728.4,1.74,8.5,,,
DL-01108,유진F&B,소비재,식음료,충남,1996,1599,바이아웃 1호 PEF,Buyout,2017,정우성,투자완료(Active),2022-03-30,956.2,57.3,849,228.4,26.9,1335.4,2923.3,12.8,3.44,4.2,1669.3,1.75,14.2,,,
DL-01109,한솔엔터,미디어/콘텐츠,교육,서울,2012,549,세컨더리 1호,Secondary,2023,최예린,소싱(Sourcing),,,,340,77.2,22.7,150.8,717.8,9.3,2.11,,,,,,,
DL-01110,동방소재,제조/소재,2차전지소재,인천,1998,1493,바이아웃 2호 PEF,Buyout,2021,강태호,투자완료(Active),2025-06-06,337.9,26.2,499,125.2,25.1,180.9,1302.6,10.4,2.61,1.0,678.3,2.01,99.3,,,
DL-01111,동성그린텍,에너지/환경,전력/전기,해외(싱가포르),1988,737,바이아웃 2호 PEF,Buyout,2021,이서준,투자심의(IC),,,,333,101.9,30.6,156.2,1222.8,12.0,3.67,,,,,,,
DL-01112,누리게임즈,미디어/콘텐츠,엔터테인먼트,대전,2009,259,바이아웃 2호 PEF,Buyout,2021,오세훈,투자완료(Active),2021-11-12,18.6,36.1,92,12.4,13.5,19.3,62.1,5.0,0.68,4.6,14.8,0.8,-4.8,,,
DL-01113,정밀제약,바이오/헬스케어,디지털헬스,서울,2005,3571,스페셜시츄에이션 1호,Special Situation,2018,강태호,실사(DD),,,,1258,241.5,19.2,470.3,1884.0,7.8,1.5,,,,,,,
DL-01114,글로벌스튜디오,미디어/콘텐츠,엔터테인먼트,경기,2004,90,그로쓰 3호 PEF,Growth,2022,박민재,회수완료(Exited),2023-02-18,68.1,36.1,81,20.7,25.6,29.8,201.1,9.7,2.48,3.3,,2.65,34.3,2026-06-10,180.6,전략적매각(M&A)
DL-01115,디에이치콘텐츠,미디어/콘텐츠,광고/마케팅,경기,2006,441,세컨더리 1호,Secondary,2023,박민재,회수완료(Exited),2024-04-20,156.5,36.4,157,41.3,26.3,63.5,425.3,10.3,2.71,2.1,,2.81,62.1,2026-06-10,439.5,구주매출
DL-01116,제이정밀,제조/소재,철강금속,경기,1986,523,바이아웃 2호 PEF,Buyout,2021,오세훈,회수완료(Exited),2023-07-31,105.5,57.7,296,30.8,10.4,63.3,224.7,7.3,0.76,2.9,,1.62,18.4,2026-06-10,171.0,IPO
DL-01117,한솔유통,물류/유통,3PL물류,해외(싱가포르),2018,1060,그로쓰 3호 PEF,Growth,2022,정우성,소싱(Sourcing),,,,634,166.1,26.2,557.1,2142.8,12.9,3.38,,,,,,,
DL-01118,정밀매니지먼트,B2B서비스,엔지니어링,울산,2015,167,그로쓰 3호 PEF,Growth,2022,임수빈,투자심의(IC),,,,208,17.7,8.5,25.2,261.7,14.8,1.26,,,,,,,
DL-01119,아이엠스튜디오,미디어/콘텐츠,광고/마케팅,경기,2000,523,그로쓰 1호 PEF,Growth,2016,윤지호,회수완료(Exited),2017-12-02,116.9,38.2,177,36.8,20.8,106.6,368.2,10.0,2.08,4.7,,1.58,10.1,2022-08-18,184.2,구주매출
DL-01120,코리아에셋,금융서비스,여신전문,서울,2005,332,세컨더리 1호,Secondary,2023,윤지호,투자완료(Active),2023-02-10,631.3,87.4,153,60.6,39.6,227.7,836.1,13.8,5.46,3.3,963.4,1.53,13.5,,,
DL-01121,제이정보기술,IT/소프트웨어,정보보안,부산,1998,469,그로쓰 3호 PEF,Growth,2022,윤지호,회수완료(Exited),2022-02-04,486.4,74.8,411,84.3,20.5,6.8,598.2,7.1,1.46,2.3,,1.37,14.3,2024-06-09,665.3,IPO
DL-01122,성안파마,바이오/헬스케어,제약,인천,1991,1156,스페셜시츄에이션 1호,Special Situation,2018,고은채,투자완료(Active),2022-05-09,1113.4,77.2,411,136.9,33.3,384.4,1573.9,11.5,3.83,4.1,2934.1,2.64,26.8,,,
DL-01123,현우케미칼,제조/소재,2차전지소재,경기,2014,1831,스페셜시츄에이션 1호,Special Situation,2018,서지원,실사(DD),,,,952,153.3,16.1,231.2,1410.1,9.2,1.48,,,,,,,
DL-01124,대명미디어,미디어/콘텐츠,광고/마케팅,경북,2006,1213,바이아웃 1호 PEF,Buyout,2017,이서준,실사(DD),,,,765,244.0,31.9,1038.1,2293.9,9.4,3.0,,,,,,,
DL-01125,삼정시스템,IT/소프트웨어,시스템통합,해외(싱가포르),2004,3791,바이아웃 1호 PEF,Buyout,2017,이서준,보류/철회(Dropped),,,,1419,536.4,37.8,3148.7,7938.5,14.8,5.59,,,,,,,
DL-01126,미래리빙,소비재,리테일,부산,2019,1608,스페셜시츄에이션 1호,Special Situation,2018,고은채,회수완료(Exited),2024-01-12,297.4,24.3,745,189.2,25.4,776.2,1778.8,9.4,2.39,2.4,,2.23,39.6,2026-06-10,664.2,재무적매각(Secondary)
DL-01127,한라그린텍16,에너지/환경,수처리,경기,1995,1706,세컨더리 1호,Secondary,2023,김도현,실사(DD),,,,618,150.2,24.3,814.1,1727.0,11.5,2.79,,,,,,,
DL-01128,현우소프트,IT/소프트웨어,핀테크,대전,2016,2128,바이아웃 2호 PEF,Buyout,2021,고은채,투자완료(Active),2024-01-03,557.9,52.4,791,243.6,30.8,621.9,1534.9,6.3,1.94,2.4,1308.2,2.35,41.9,,,
DL-01129,현우미디어,미디어/콘텐츠,광고/마케팅,경기,2009,3580,세컨더리 1호,Secondary,2023,임수빈,소싱(Sourcing),,,,1466,561.5,38.3,1400.0,2807.4,5.0,1.92,,,,,,,
DL-01130,유진코스메틱,소비재,패션/리빙,서울,1998,1592,그로쓰 1호 PEF,Growth,2016,이서준,회수완료(Exited),2021-01-26,1585.8,69.1,864,190.9,22.1,17.3,2138.6,11.2,2.48,5.1,,0.85,-3.2,2026-02-17,1347.5,IPO
DL-01131,한국익스프레스,물류/유통,콜드체인,서울,1989,704,바이아웃 1호 PEF,Buyout,2017,배준영,회수완료(Exited),2021-03-24,658.6,85.1,260,95.7,36.8,136.7,889.8,9.3,3.42,3.6,,0.87,-3.7,2024-11-15,573.5,Recap/배당
DL-01132,정밀푸드,소비재,식음료,부산,1996,829,벤처그로쓰 1호,Venture,2020,오세훈,투자완료(Active),2020-02-23,443.4,37.3,388,135.0,34.8,47.6,1026.2,7.6,2.64,6.3,893.3,2.01,11.8,,,
DL-01133,한국시스템,IT/소프트웨어,핀테크,경기,2008,230,바이아웃 1호 PEF,Buyout,2017,정우성,소싱(Sourcing),,,,111,32.6,29.4,68.5,283.9,8.7,2.56,,,,,,,
DL-01134,유진푸드,소비재,화장품,경기,1998,344,세컨더리 1호,Secondary,2023,오세훈,회수완료(Exited),2024-12-16,382.3,62.3,281,62.7,22.3,27.9,589.0,9.4,2.1,1.5,,4.23,164.9,2026-06-10,1617.9,IPO
DL-01135,케이물류,물류/유통,이커머스,부산,1989,759,그로쓰 1호 PEF,Growth,2016,임수빈,투자완료(Active),2017-06-11,404.4,46.5,439,116.3,26.5,277.6,1058.6,9.1,2.41,9.0,731.1,1.81,6.8,,,
DL-01136,태광소프트,IT/소프트웨어,정보보안,경기,1996,3933,그로쓰 1호 PEF,Growth,2016,박민재,스크리닝(Screening),,,,1404,234.5,16.7,1270.5,2696.4,11.5,1.92,,,,,,,
DL-01137,한국테크,제조/소재,정밀화학,경기,2001,355,그로쓰 1호 PEF,Growth,2016,이서준,실사(DD),,,,205,20.5,10.0,52.9,123.0,6.0,0.6,,,,,,,
DL-01138,누리코스메틱,소비재,화장품,서울,2005,74,그로쓰 3호 PEF,Growth,2022,최예린,소싱(Sourcing),,,,74,5.0,6.7,14.3,43.6,8.8,0.59,,,,,,,
DL-01139,정밀소재,제조/소재,자동차부품,울산,1985,110,바이아웃 2호 PEF,Buyout,2021,오세훈,투자완료(Active),2024-04-09,155.1,96.1,120,24.1,20.1,14.5,166.4,6.9,1.39,2.2,390.2,2.52,53.0,,,
DL-01140,광림파이낸셜,금융서비스,자산관리,경기,2010,495,그로쓰 3호 PEF,Growth,2022,윤지호,보류/철회(Dropped),,,,299,103.5,34.6,304.3,796.6,7.7,2.66,,,,,,,
DL-01141,누리바이오,바이오/헬스케어,체외진단,부산,2002,345,스페셜시츄에이션 1호,Special Situation,2018,윤지호,실사(DD),,,,195,49.5,25.4,62.2,430.9,8.7,2.21,,,,,,,
DL-01142,한솔물류,물류/유통,도소매유통,서울,2009,870,바이아웃 1호 PEF,Buyout,2017,남기훈,투자완료(Active),2024-03-26,409.3,75.8,394,60.7,15.4,20.8,509.7,8.4,1.29,2.2,368.2,0.9,-4.7,,,
DL-01143,동성리빙,소비재,패션/리빙,경기,2000,764,벤처그로쓰 1호,Venture,2020,한승우,투자완료(Active),2022-08-21,792.8,67.2,527,171.3,32.5,410.4,1524.3,8.9,2.89,3.8,2436.7,3.07,34.3,,,
DL-01144,동방서비스,B2B서비스,인력아웃소싱,경기,1986,426,바이아웃 1호 PEF,Buyout,2017,남기훈,투자완료(Active),2017-01-17,141.1,95.4,184,22.6,12.3,4.2,142.6,6.3,0.77,9.4,336.7,2.39,9.7,,,
DL-01145,세진파트너스,B2B서비스,인력아웃소싱,경기,1994,1589,벤처그로쓰 1호,Venture,2020,서지원,실사(DD),,,,564,166.9,29.6,284.3,1402.3,8.4,2.49,,,,,,,
DL-01146,에스코스메틱,소비재,식음료,광주,2021,63,바이아웃 2호 PEF,Buyout,2021,김도현,스크리닝(Screening),,,,37,2.9,7.8,3.1,33.8,11.7,0.91,,,,,,,
DL-01147,제이엔터33,미디어/콘텐츠,엔터테인먼트,서울,2001,1220,그로쓰 2호 PEF,Growth,2019,고은채,투자완료(Active),2021-05-08,182.1,45.5,408,67.3,16.5,313.9,706.9,10.5,1.73,5.1,160.5,0.88,-2.5,,,
DL-01148,정밀시스템,IT/소프트웨어,데이터/AI,경남,2020,684,바이아웃 1호 PEF,Buyout,2017,오세훈,소싱(Sourcing),,,,655,243.0,37.1,746.8,2430.1,10.0,3.71,,,,,,,
DL-01149,동방스튜디오85,미디어/콘텐츠,게임,전남,2009,1303,그로쓰 2호 PEF,Growth,2019,고은채,스크리닝(Screening),,,,557,109.7,19.7,15.1,746.2,6.8,1.34,,,,,,,
DL-01150,현우파이낸셜,금융서비스,여신전문,서울,1988,796,스페셜시츄에이션 1호,Special Situation,2018,윤지호,투자완료(Active),2023-08-17,257.9,77.6,680,66.0,9.7,99.6,422.1,6.4,0.62,2.8,853.2,3.31,53.0,,,
DL-01151,신성파마,바이오/헬스케어,의료기기,서울,1985,955,그로쓰 3호 PEF,Growth,2022,한승우,스크리닝(Screening),,,,448,158.1,35.3,291.5,1628.9,10.3,3.64,,,,,,,
DL-01152,한솔익스프레스,물류/유통,3PL물류,서울,1991,925,그로쓰 2호 PEF,Growth,2019,정우성,투자심의(IC),,,,316,110.3,34.9,136.0,1400.6,12.7,4.43,,,,,,,
DL-01153,대한금융,금융서비스,자산관리,울산,2019,52,바이아웃 1호 PEF,Buyout,2017,김도현,소싱(Sourcing),,,,34,12.9,38.0,3.7,95.6,7.4,2.81,,,,,,,
DL-01154,디에이치파마,바이오/헬스케어,CRO/CDMO,경기,1993,573,세컨더리 1호,Secondary,2023,최예린,투자완료(Active),2024-01-30,314.8,37.8,444,122.1,27.5,661.7,1428.6,11.7,3.22,2.4,527.5,1.68,24.4,,,
DL-01155,현우진단,바이오/헬스케어,제약,경기,2021,4069,바이아웃 1호 PEF,Buyout,2017,고은채,투자완료(Active),2017-03-27,6262.7,63.6,2762,1021.9,37.0,3874.3,13080.8,12.8,4.74,9.2,11969.5,1.91,7.3,,,
DL-01156,코리아스튜디오60,미디어/콘텐츠,교육,서울,2016,625,그로쓰 1호 PEF,Growth,2016,윤지호,스크리닝(Screening),,,,472,50.5,10.7,75.4,333.3,6.6,0.71,,,,,,,
DL-01157,보광식품,소비재,화장품,경기,1987,150,그로쓰 3호 PEF,Growth,2022,한승우,투자심의(IC),,,,151,17.2,11.4,73.3,237.6,13.8,1.57,,,,,,,
DL-01158,정밀파마,바이오/헬스케어,제약,서울,1993,3362,그로쓰 1호 PEF,Growth,2016,윤지호,스크리닝(Screening),,,,2936,1145.0,39.0,818.6,7099.2,6.2,2.42,,,,,,,
DL-01159,케이산업,제조/소재,정밀화학,대구,2000,100,그로쓰 1호 PEF,Growth,2016,이서준,투자완료(Active),2023-03-31,48.8,21.7,125,27.6,22.1,82.6,273.5,9.9,2.19,3.2,91.4,1.87,21.7,,,
DL-01160,한국게임즈82,미디어/콘텐츠,광고/마케팅,충북,1993,197,스페셜시츄에이션 1호,Special Situation,2018,정우성,실사(DD),,,,73,6.8,9.3,4.5,58.4,8.6,0.8,,,,,,,
DL-01161,아이엠미디어,미디어/콘텐츠,엔터테인먼트,경남,2012,215,그로쓰 2호 PEF,Growth,2019,정우성,스크리닝(Screening),,,,200,45.2,22.6,121.8,397.8,8.8,1.99,,,,,,,
DL-01162,태광페이,금융서비스,인슈어테크,경기,2018,3445,그로쓰 2호 PEF,Growth,2019,강태호,회수완료(Exited),2023-05-29,316.4,43.4,1472,89.8,6.1,141.1,799.1,8.9,0.54,3.0,,2.56,36.3,2026-06-10,810.0,재무적매각(Secondary)
DL-01163,누리시스템,IT/소프트웨어,핀테크,부산,2021,358,그로쓰 3호 PEF,Growth,2022,박민재,실사(DD),,,,240,22.1,9.2,55.9,178.8,8.1,0.75,,,,,,,
DL-01164,한국게임즈27,미디어/콘텐츠,광고/마케팅,경기,2018,408,바이아웃 1호 PEF,Buyout,2017,서지원,스크리닝(Screening),,,,360,26.6,7.4,67.7,170.5,6.4,0.47,,,,,,,
DL-01165,중앙소재,제조/소재,철강금속,서울,2019,1450,바이아웃 2호 PEF,Buyout,2021,배준영,보류/철회(Dropped),,,,625,238.1,38.1,1128.6,2405.1,10.1,3.85,,,,,,,
DL-01166,성안엔터15,미디어/콘텐츠,교육,전남,1992,773,벤처그로쓰 1호,Venture,2020,윤지호,실사(DD),,,,362,87.6,24.2,227.6,473.1,5.4,1.31,,,,,,,
DL-01167,누리진단,바이오/헬스케어,디지털헬스,인천,2012,442,바이아웃 1호 PEF,Buyout,2017,임수빈,투자완료(Active),2018-04-08,95.2,26.8,150,56.2,37.5,206.7,517.5,9.2,3.45,8.2,215.0,2.26,10.5,,,
DL-01168,에스환경2,에너지/환경,폐기물처리,인천,1985,2910,세컨더리 1호,Secondary,2023,박민재,회수완료(Exited),2025-03-23,659.1,58.0,1007,128.9,12.8,745.7,1765.9,13.7,1.75,1.2,,3.44,176.5,2026-06-10,2269.4,전략적매각(M&A)
DL-01169,케이에너지99,에너지/환경,폐기물처리,서울,1992,238,세컨더리 1호,Secondary,2023,배준영,투자완료(Active),2023-05-18,163.4,52.1,125,42.5,34.0,1.2,276.2,6.5,2.21,3.1,402.6,2.46,34.2,,,
DL-01170,서연에셋,금융서비스,인슈어테크,서울,1990,650,바이아웃 1호 PEF,Buyout,2017,강태호,투자완료(Active),2019-09-21,1276.9,97.6,480,120.0,25.0,53.1,1164.0,9.7,2.42,6.7,1797.7,1.41,5.2,,,
DL-01171,한국코스메틱,소비재,화장품,서울,2011,484,세컨더리 1호,Secondary,2023,남기훈,소싱(Sourcing),,,,351,81.1,23.1,176.9,656.8,8.1,1.87,,,,,,,
DL-01172,대한바이오,바이오/헬스케어,디지털헬스,대전,1988,471,그로쓰 3호 PEF,Growth,2022,김도현,투자완료(Active),2022-10-21,52.4,59.6,333,26.6,8.0,53.0,138.5,5.2,0.42,3.6,66.4,1.27,6.7,,,
DL-01173,보광푸드,소비재,리테일,해외(베트남),1999,83,그로쓰 3호 PEF,Growth,2022,한승우,투자완료(Active),2023-04-17,77.1,23.9,92,35.0,38.0,137.7,440.5,12.6,4.79,3.1,85.7,1.11,3.4,,,
DL-01174,누리엔터,미디어/콘텐츠,게임,서울,2018,3755,그로쓰 3호 PEF,Growth,2022,서지원,투자완료(Active),2022-01-08,3795.3,89.7,1507,486.8,32.3,3320.0,6766.0,13.9,4.49,4.4,6943.4,1.83,14.6,,,
DL-01175,제이푸드,소비재,리테일,서울,1992,1518,그로쓰 3호 PEF,Growth,2022,이서준,투자완료(Active),2023-12-31,388.7,71.8,629,124.5,19.8,454.0,909.2,7.3,1.45,2.4,518.8,1.33,12.5,,,
DL-01176,삼정랩스,IT/소프트웨어,시스템통합,부산,1993,416,벤처그로쓰 1호,Venture,2020,오세훈,투자완료(Active),2022-10-12,118.1,50.4,196,42.7,21.8,44.8,277.7,6.5,1.42,3.7,130.9,1.11,2.8,,,
DL-01177,중앙케미칼,제조/소재,정밀화학,제주,1991,470,바이아웃 2호 PEF,Buyout,2021,이서준,투자완료(Active),2022-12-23,84.8,89.4,224,26.0,11.6,60.9,148.1,5.7,0.66,3.5,73.1,0.86,-4.2,,,
DL-01178,제이테크,IT/소프트웨어,SaaS,서울,2020,2470,그로쓰 3호 PEF,Growth,2022,한승우,회수완료(Exited),2022-10-17,2112.2,67.2,1116,305.8,27.4,1427.1,4556.2,14.9,4.08,2.1,,2.36,51.6,2024-11-10,4990.7,IPO
DL-01179,광림솔루션47,IT/소프트웨어,시스템통합,전남,2002,1200,바이아웃 1호 PEF,Buyout,2017,서지원,투자완료(Active),2024-05-06,671.9,63.8,423,104.5,24.7,469.9,1420.9,13.6,3.36,2.1,706.4,1.05,2.4,,,
DL-01180,한국금융,금융서비스,자산관리,전북,2011,1579,바이아웃 2호 PEF,Buyout,2021,정우성,스크리닝(Screening),,,,1182,148.9,12.6,249.4,1980.8,13.3,1.68,,,,,,,
DL-01181,광림스튜디오21,미디어/콘텐츠,엔터테인먼트,인천,2007,444,스페셜시츄에이션 1호,Special Situation,2018,박민재,회수완료(Exited),2018-11-25,174.5,40.8,308,36.0,11.7,76.3,436.0,12.1,1.42,7.0,,1.52,6.2,2025-11-15,266.1,Recap/배당
DL-01182,우진익스프레스,물류/유통,콜드체인,경북,2013,690,스페셜시츄에이션 1호,Special Situation,2018,임수빈,스크리닝(Screening),,,,263,90.7,34.5,409.0,1224.9,13.5,4.66,,,,,,,
DL-01183,대명이엔지58,에너지/환경,수처리,경기,1992,1800,그로쓰 3호 PEF,Growth,2022,오세훈,투자완료(Active),2024-12-03,240.0,88.1,650,37.7,5.8,38.5,297.8,7.9,0.46,1.5,294.9,1.23,14.5,,,
DL-01184,제이에너지29,에너지/환경,폐기물처리,광주,1988,427,바이아웃 2호 PEF,Buyout,2021,서지원,실사(DD),,,,192,36.5,19.0,10.9,459.6,12.6,2.39,,,,,,,
DL-01185,대명케미칼,제조/소재,정밀화학,충남,2014,1516,바이아웃 2호 PEF,Buyout,2021,윤지호,투자완료(Active),2024-01-15,303.1,60.4,598,44.3,7.4,39.1,535.4,12.1,0.9,2.4,583.3,1.92,31.3,,,
DL-01186,보광시스템,IT/소프트웨어,SaaS,서울,1991,514,바이아웃 1호 PEF,Buyout,2017,최예린,투자심의(IC),,,,439,22.4,5.1,54.5,165.7,7.4,0.38,,,,,,,
DL-01187,케이코스메틱,소비재,화장품,경기,1990,1587,그로쓰 1호 PEF,Growth,2016,정우성,투자완료(Active),2021-09-21,2175.0,67.4,870,345.4,39.7,1285.3,4282.8,12.4,4.92,4.7,3348.8,1.54,9.6,,,
DL-01188,제이소재,제조/소재,자동차부품,충남,2008,335,바이아웃 2호 PEF,Buyout,2021,강태호,스크리닝(Screening),,,,319,84.9,26.6,138.8,712.8,8.4,2.23,,,,,,,
DL-01189,케이헬스케어,바이오/헬스케어,디지털헬스,서울,1992,1313,세컨더리 1호,Secondary,2023,임수빈,투자완료(Active),2023-12-29,863.1,52.1,988,222.3,22.5,1176.0,2778.8,12.5,2.81,2.4,912.1,1.06,2.3,,,
DL-01190,미래캐피탈,금융서비스,자산관리,인천,1987,317,세컨더리 1호,Secondary,2023,남기훈,실사(DD),,,,221,64.3,29.1,350.1,919.6,14.3,4.16,,,,,,,
DL-01191,에스미디어18,미디어/콘텐츠,게임,경기,1997,867,바이아웃 2호 PEF,Buyout,2021,임수빈,소싱(Sourcing),,,,331,131.1,39.6,31.5,1179.7,9.0,3.56,,,,,,,
DL-01192,가온그린텍,에너지/환경,수처리,인천,2016,115,그로쓰 2호 PEF,Growth,2019,김도현,투자완료(Active),2020-01-23,181.1,99.5,43,15.0,34.9,32.2,205.6,13.7,4.78,6.4,142.5,0.79,-3.7,,,
DL-01193,대명이엔지15,에너지/환경,전력/전기,경기,1996,118,바이아웃 2호 PEF,Buyout,2021,이서준,회수완료(Exited),2022-06-05,19.9,86.6,41,3.0,7.3,18.2,37.1,12.4,0.91,4.0,,2.51,25.7,2026-06-10,49.9,IPO
DL-01194,한솔랩스,IT/소프트웨어,시스템통합,서울,1998,1982,바이아웃 1호 PEF,Buyout,2017,이서준,실사(DD),,,,1180,62.5,5.3,186.8,794.3,12.7,0.67,,,,,,,
DL-01195,태광그린텍,에너지/환경,신재생에너지,경기,1993,87,스페셜시츄에이션 1호,Special Situation,2018,임수빈,소싱(Sourcing),,,,73,21.7,29.7,112.6,318.7,14.7,4.37,,,,,,,
DL-01196,성안제약,바이오/헬스케어,의료기기,광주,2018,59,바이아웃 2호 PEF,Buyout,2021,이서준,투자완료(Active),2022-10-03,50.1,44.7,45,8.7,19.4,11.4,123.1,14.1,2.74,3.7,104.1,2.08,21.9,,,
DL-01197,신성진단,바이오/헬스케어,체외진단,해외(싱가포르),2000,4396,그로쓰 1호 PEF,Growth,2016,박민재,투자완료(Active),2017-01-07,442.8,29.4,2796,148.2,5.3,358.0,1630.1,11.0,0.58,9.4,657.6,1.49,4.3,,,
DL-01198,세진이엔지88,에너지/환경,수처리,경기,2015,1282,바이아웃 1호 PEF,Buyout,2017,정우성,스크리닝(Screening),,,,730,267.2,36.6,37.4,2003.9,7.5,2.75,,,,,,,
DL-01199,중앙에너지12,에너지/환경,전력/전기,서울,2013,117,바이아웃 1호 PEF,Buyout,2017,배준영,투자완료(Active),2020-10-19,90.2,26.1,147,50.0,34.0,167.3,459.8,9.2,3.13,5.6,134.0,1.49,7.3,,,
DL-01200,코리아소프트,IT/소프트웨어,데이터/AI,대구,2021,1770,스페셜시츄에이션 1호,Special Situation,2018,윤지호,회수완료(Exited),2020-12-18,438.6,92.1,723,122.9,17.0,278.8,676.0,5.5,0.94,3.9,,1.98,19.0,2024-11-24,869.5,재무적매각(Secondary)
DL-01201,케이캐피탈,금융서비스,여신전문,울산,1989,2291,바이아웃 2호 PEF,Buyout,2021,한승우,보류/철회(Dropped),,,,928,127.1,13.7,418.9,1462.1,11.5,1.58,,,,,,,
DL-01202,유진엔터67,미디어/콘텐츠,게임,부산,2016,1662,세컨더리 1호,Secondary,2023,고은채,투자완료(Active),2023-05-22,1324.5,67.0,702,195.2,27.8,1179.3,2810.2,14.4,4.0,3.1,1939.8,1.46,13.3,,,
DL-01203,삼정익스프레스,물류/유통,3PL물류,경기,2005,2013,바이아웃 1호 PEF,Buyout,2017,최예린,소싱(Sourcing),,,,2170,603.3,27.8,1332.0,4283.1,7.1,1.97,,,,,,,
DL-01204,글로벌케미칼,제조/소재,자동차부품,경기,2001,388,바이아웃 1호 PEF,Buyout,2017,남기훈,실사(DD),,,,242,93.4,38.6,254.8,775.3,8.3,3.2,,,,,,,
DL-01205,아이엠환경65,에너지/환경,폐기물처리,경기,2002,1958,바이아웃 2호 PEF,Buyout,2021,고은채,소싱(Sourcing),,,,2067,554.0,26.8,2330.6,5096.4,9.2,2.47,,,,,,,
DL-01206,동방정밀,제조/소재,정밀화학,경남,2016,77,스페셜시츄에이션 1호,Special Situation,2018,윤지호,소싱(Sourcing),,,,43,5.4,12.5,2.6,58.6,10.9,1.36,,,,,,,
DL-01207,가온서비스,B2B서비스,엔지니어링,경기,1992,998,벤처그로쓰 1호,Venture,2020,서지원,스크리닝(Screening),,,,387,65.8,17.0,228.4,736.8,11.2,1.9,,,,,,,
DL-01208,대명매니지먼트,B2B서비스,엔지니어링,서울,1997,259,그로쓰 1호 PEF,Growth,2016,남기훈,소싱(Sourcing),,,,220,31.0,14.1,182.8,372.2,12.0,1.69,,,,,,,
DL-01209,한솔제약,바이오/헬스케어,제약,해외(싱가포르),1991,425,그로쓰 1호 PEF,Growth,2016,고은채,투자완료(Active),2019-04-26,141.3,77.9,143,14.9,10.4,30.7,208.2,14.0,1.46,7.1,171.3,1.21,2.7,,,
DL-01210,누리환경82,에너지/환경,전력/전기,서울,2007,1000,그로쓰 2호 PEF,Growth,2019,남기훈,소싱(Sourcing),,,,456,150.5,33.0,796.6,1700.4,11.3,3.73,,,,,,,
DL-01211,우진캐피탈,금융서비스,자산관리,서울,2006,846,세컨더리 1호,Secondary,2023,고은채,실사(DD),,,,792,110.1,13.9,175.9,759.6,6.9,0.96,,,,,,,
DL-01212,현우에너지98,에너지/환경,신재생에너지,인천,1998,344,그로쓰 1호 PEF,Growth,2016,정우성,투자완료(Active),2024-07-31,202.0,45.8,135,41.3,30.6,146.4,561.8,13.6,4.16,1.9,141.3,0.7,-17.5,,,
DL-01213,동방익스프레스,물류/유통,콜드체인,대전,2021,560,그로쓰 2호 PEF,Growth,2019,최예린,투자완료(Active),2023-08-02,194.2,57.9,193,47.5,24.6,228.4,517.5,10.9,2.68,2.9,422.9,2.18,31.3,,,
DL-01214,정밀F&B,소비재,화장품,서울,2018,443,바이아웃 2호 PEF,Buyout,2021,고은채,투자완료(Active),2024-09-15,180.1,31.9,271,84.6,31.2,307.6,769.4,9.1,2.84,1.7,215.6,1.2,10.9,,,
DL-01215,유진매니지먼트,B2B서비스,시설관리,전북,2000,789,그로쓰 2호 PEF,Growth,2019,한승우,스크리닝(Screening),,,,329,119.8,36.4,258.3,1209.5,10.1,3.68,,,,,,,
DL-01216,광림엔터12,미디어/콘텐츠,교육,울산,1994,487,벤처그로쓰 1호,Venture,2020,오세훈,투자완료(Active),2021-09-17,100.6,81.8,200,18.8,9.4,39.7,146.6,7.8,0.73,4.7,154.1,1.53,9.4,,,
DL-01217,한솔정밀,제조/소재,철강금속,경기,1991,1171,바이아웃 2호 PEF,Buyout,2021,오세훈,투자완료(Active),2024-10-30,487.9,32.3,483,114.0,23.6,344.8,1687.0,14.8,3.49,1.6,931.6,1.91,49.4,,,
DL-01218,유진시스템,IT/소프트웨어,정보보안,서울,2006,602,바이아웃 2호 PEF,Buyout,2021,오세훈,투자완료(Active),2025-04-06,437.2,39.6,244,90.5,37.1,90.2,1013.9,11.2,4.16,1.2,527.9,1.21,17.4,,,
DL-01219,글로벌커머스,물류/유통,도소매유통,충남,2005,271,그로쓰 1호 PEF,Growth,2016,임수빈,소싱(Sourcing),,,,184,51.0,27.7,196.9,616.7,12.1,3.35,,,,,,,
DL-01220,정밀엔터21,미디어/콘텐츠,교육,충남,1997,493,바이아웃 2호 PEF,Buyout,2021,서지원,투자완료(Active),2021-01-04,308.8,44.0,337,104.5,31.0,583.1,1211.9,11.6,3.6,5.4,200.4,0.65,-7.7,,,
DL-01221,유진캐피탈,금융서비스,여신전문,경기,2010,103,바이아웃 2호 PEF,Buyout,2021,강태호,투자완료(Active),2022-12-14,109.6,69.3,107,12.5,11.7,8.3,165.3,13.2,1.54,3.5,164.5,1.5,12.3,,,
DL-01222,세진스튜디오82,미디어/콘텐츠,교육,경기,2009,2568,벤처그로쓰 1호,Venture,2020,한승우,회수완료(Exited),2021-04-30,2002.0,91.8,1130,441.8,39.1,1760.3,3711.4,8.4,3.28,4.8,,2.51,21.1,2026-02-20,5021.9,구주매출
DL-01223,태광파트너스,B2B서비스,MRO,경북,1991,1606,스페셜시츄에이션 1호,Special Situation,2018,한승우,실사(DD),,,,706,248.5,35.2,465.5,3578.6,14.4,5.07,,,,,,,
DL-01224,한라바이오,바이오/헬스케어,제약,전북,2019,320,그로쓰 2호 PEF,Growth,2019,박민재,투자완료(Active),2022-04-07,82.7,57.5,192,22.7,11.8,100.5,228.8,10.1,1.19,4.2,110.5,1.34,7.2,,,
DL-01225,미래스튜디오33,미디어/콘텐츠,게임,서울,1993,816,바이아웃 1호 PEF,Buyout,2017,서지원,회수완료(Exited),2023-05-30,970.5,78.8,779,85.7,11.0,78.3,1114.0,13.0,1.43,3.0,,2.57,36.6,2026-06-10,2496.1,재무적매각(Secondary)
DL-01226,한국파트너스,B2B서비스,인력아웃소싱,경기,1990,905,바이아웃 1호 PEF,Buyout,2017,배준영,실사(DD),,,,385,53.5,13.9,220.9,572.6,10.7,1.49,,,,,,,
DL-01227,삼정소프트,IT/소프트웨어,SaaS,전북,2000,245,그로쓰 2호 PEF,Growth,2019,박민재,회수완료(Exited),2025-06-26,53.8,21.0,132,23.6,17.9,99.9,342.6,14.5,2.6,1.0,,3.17,234.0,2026-06-10,170.3,IPO
DL-01228,세진캐피탈,금융서비스,결제,울산,2009,814,벤처그로쓰 1호,Venture,2020,정우성,스크리닝(Screening),,,,447,109.5,24.5,278.5,1379.9,12.6,3.09,,,,,,,
DL-01229,태광스튜디오66,미디어/콘텐츠,게임,경기,1985,868,그로쓰 1호 PEF,Growth,2016,배준영,스크리닝(Screening),,,,506,146.7,29.0,263.6,1511.4,10.3,2.99,,,,,,,
DL-01230,제이스튜디오13,미디어/콘텐츠,교육,서울,1988,252,벤처그로쓰 1호,Venture,2020,정우성,투자완료(Active),2021-08-11,147.8,62.5,125,47.4,37.9,157.4,355.3,7.5,2.84,4.8,205.1,1.39,7.0,,,
DL-01231,성안파트너스,B2B서비스,인력아웃소싱,인천,1999,204,그로쓰 1호 PEF,Growth,2016,서지원,스크리닝(Screening),,,,204,15.5,7.6,68.5,151.9,9.8,0.74,,,,,,,
DL-01232,대한파워70,에너지/환경,수처리,전북,1997,181,벤처그로쓰 1호,Venture,2020,최예린,투자완료(Active),2023-02-11,140.5,37.3,137,24.7,18.0,25.3,357.6,14.5,2.61,3.3,261.8,1.86,20.6,,,
DL-01233,코리아랩스,IT/소프트웨어,정보보안,해외(베트남),1989,408,벤처그로쓰 1호,Venture,2020,강태호,회수완료(Exited),2020-02-09,765.1,92.3,351,92.0,26.2,122.1,864.4,9.4,2.46,6.2,,3.11,20.2,2026-04-05,2375.9,IPO
DL-01234,세진커머스,물류/유통,이커머스,충북,2007,1248,스페셜시츄에이션 1호,Special Situation,2018,박민재,투자심의(IC),,,,558,134.5,24.1,142.3,1600.3,11.9,2.87,,,,,,,
DL-01235,현우에셋,금융서비스,결제,서울,2006,4762,바이아웃 2호 PEF,Buyout,2021,정우성,투자완료(Active),2023-01-12,1640.4,58.1,1759,372.9,21.2,1125.4,3729.1,10.0,2.12,3.4,2058.5,1.25,6.9,,,
DL-01236,현우익스프레스,물류/유통,이커머스,경남,2021,390,그로쓰 1호 PEF,Growth,2016,고은채,스크리닝(Screening),,,,188,10.7,5.7,12.6,85.7,8.0,0.46,,,,,,,
DL-01237,세진게임즈12,미디어/콘텐츠,게임,해외(싱가포르),1995,171,바이아웃 1호 PEF,Buyout,2017,고은채,투자완료(Active),2019-04-11,130.4,31.5,192,58.6,30.5,70.3,433.3,7.4,2.26,7.2,243.1,1.86,9.1,,,
DL-01238,보광케미칼,제조/소재,2차전지소재,경기,2000,6856,그로쓰 3호 PEF,Growth,2022,임수빈,투자완료(Active),2022-12-27,3243.9,71.3,2426,390.6,16.1,118.9,4530.8,11.6,1.87,3.5,6238.1,1.92,20.9,,,
DL-01239,우진산업,제조/소재,2차전지소재,서울,1989,632,벤처그로쓰 1호,Venture,2020,김도현,실사(DD),,,,338,114.2,33.8,388.2,948.2,8.3,2.81,,,,,,,
DL-01240,코리아테크3,IT/소프트웨어,정보보안,경남,1989,511,그로쓰 1호 PEF,Growth,2016,임수빈,투자완료(Active),2020-01-08,112.0,73.4,269,18.6,6.9,67.9,206.0,11.1,0.77,6.4,129.4,1.16,2.3,,,
DL-01241,대한익스프레스,물류/유통,이커머스,서울,2011,8486,그로쓰 1호 PEF,Growth,2016,이서준,회수완료(Exited),2021-08-13,8215.1,64.6,4398,1345.8,30.6,3594.3,14803.7,11.0,3.37,2.7,,4.66,78.4,2024-04-10,38299.2,Recap/배당
DL-01242,우진푸드,소비재,식음료,서울,1995,6683,세컨더리 1호,Secondary,2023,박민재,투자완료(Active),2024-04-03,1339.5,32.3,2473,974.4,39.4,1987.4,5943.6,6.1,2.4,2.2,1492.1,1.11,5.1,,,
DL-01243,누리정밀,제조/소재,2차전지소재,광주,2010,593,그로쓰 1호 PEF,Growth,2016,한승우,스크리닝(Screening),,,,436,117.7,27.0,65.0,1259.6,10.7,2.89,,,,,,,
DL-01244,한라커머스,물류/유통,이커머스,경기,2017,2084,그로쓰 1호 PEF,Growth,2016,윤지호,투자심의(IC),,,,754,55.8,7.4,225.6,591.4,10.6,0.78,,,,,,,
DL-01245,제이시스템,IT/소프트웨어,데이터/AI,충북,1990,361,바이아웃 1호 PEF,Buyout,2017,최예린,스크리닝(Screening),,,,432,121.0,28.0,400.2,858.8,7.1,1.99,,,,,,,
DL-01246,글로벌메탈,제조/소재,산업기계,경북,1998,234,벤처그로쓰 1호,Venture,2020,윤지호,실사(DD),,,,189,41.0,21.7,4.9,529.1,12.9,2.8,,,,,,,
DL-01247,우진미디어45,미디어/콘텐츠,교육,서울,1985,328,벤처그로쓰 1호,Venture,2020,서지원,투자심의(IC),,,,203,19.3,9.5,38.7,270.0,14.0,1.33,,,,,,,
DL-01248,한솔파이낸셜,금융서비스,결제,충북,1995,1654,그로쓰 2호 PEF,Growth,2019,한승우,회수완료(Exited),2025-01-30,2366.3,84.1,946,348.1,36.8,603.6,2924.3,8.4,3.09,1.4,,2.16,76.2,2026-06-10,5106.8,구주매출
DL-01249,신성물류,물류/유통,콜드체인,충남,2001,750,바이아웃 2호 PEF,Buyout,2021,남기훈,투자완료(Active),2021-06-07,95.6,44.0,570,66.7,11.7,165.0,380.1,5.7,0.67,5.0,209.3,2.19,16.9,,,
DL-01250,미래시스템47,IT/소프트웨어,정보보안,울산,1993,2259,스페셜시츄에이션 1호,Special Situation,2018,최예린,실사(DD),,,,841,175.8,20.9,150.6,1353.4,7.7,1.61,,,,,,,
DL-01251,성안금융,금융서비스,인슈어테크,부산,1999,374,세컨더리 1호,Secondary,2023,김도현,투자완료(Active),2023-07-10,199.4,85.3,261,33.9,13.0,211.8,424.1,12.5,1.62,2.9,282.6,1.42,12.7,,,
DL-01252,한라스튜디오39,미디어/콘텐츠,교육,서울,2012,741,벤처그로쓰 1호,Venture,2020,강태호,회수완료(Exited),2022-04-13,573.8,98.8,363,47.9,13.2,84.2,555.8,11.6,1.53,3.6,,2.98,35.4,2025-11-16,1707.5,IPO
DL-01253,광림캐피탈,금융서비스,여신전문,광주,1988,458,벤처그로쓰 1호,Venture,2020,정우성,회수완료(Exited),2021-03-15,168.7,77.5,155,39.5,25.5,84.2,268.8,6.8,1.73,5.2,,2.73,21.1,2026-06-10,460.6,Recap/배당
DL-01254,세진푸드,소비재,식음료,충북,2000,1681,스페셜시츄에이션 1호,Special Situation,2018,고은채,실사(DD),,,,744,162.2,21.8,587.9,2124.7,13.1,2.86,,,,,,,
DL-01255,중앙물류,물류/유통,3PL물류,서울,2015,2357,바이아웃 1호 PEF,Buyout,2017,배준영,소싱(Sourcing),,,,1161,438.9,37.8,745.4,4081.4,9.3,3.52,,,,,,,
DL-01256,대명정보기술81,IT/소프트웨어,데이터/AI,부산,1999,1310,그로쓰 2호 PEF,Growth,2019,박민재,회수완료(Exited),2025-06-04,1030.2,70.0,446,141.4,31.7,220.6,1456.2,10.3,3.27,1.0,,1.88,85.7,2026-06-10,1932.2,전략적매각(M&A)
DL-01257,서연솔루션76,IT/소프트웨어,SaaS,서울,1996,455,벤처그로쓰 1호,Venture,2020,고은채,회수완료(Exited),2025-03-02,292.7,79.8,338,52.4,15.5,203.1,534.4,10.2,1.58,1.3,,2.62,113.2,2026-06-10,767.4,IPO
DL-01258,대한정보기술,IT/소프트웨어,SaaS,전북,2015,5466,그로쓰 3호 PEF,Growth,2022,배준영,투자완료(Active),2023-04-28,1070.1,57.4,1885,548.5,29.1,1040.7,2852.4,5.2,1.51,3.1,753.7,0.7,-10.6,,,
DL-01259,동성콘텐츠69,미디어/콘텐츠,교육,서울,2012,530,그로쓰 3호 PEF,Growth,2022,서지원,투자완료(Active),2022-02-16,179.5,64.0,246,28.0,11.4,0.9,272.0,9.7,1.11,4.3,249.4,1.39,7.9,,,
DL-01260,태광소프트34,IT/소프트웨어,데이터/AI,경기,2009,209,바이아웃 2호 PEF,Buyout,2021,이서준,회수완료(Exited),2025-06-04,108.8,78.8,146,36.9,25.3,63.3,184.7,5.0,1.26,1.0,,1.31,30.0,2026-06-10,142.1,Recap/배당
DL-01261,서연엔터34,미디어/콘텐츠,엔터테인먼트,전북,2017,453,벤처그로쓰 1호,Venture,2020,배준영,회수완료(Exited),2025-01-19,161.6,30.5,306,61.5,20.1,339.6,799.6,13.0,2.61,1.4,,1.25,17.2,2026-06-10,201.4,재무적매각(Secondary)
DL-01262,유진파워8,에너지/환경,폐기물처리,전남,2016,11818,바이아웃 1호 PEF,Buyout,2017,정우성,투자완료(Active),2023-11-24,1686.6,61.0,4110,415.1,10.1,1160.6,3611.5,8.7,0.88,2.5,2129.5,1.26,9.6,,,
DL-01263,아이엠금융,금융서비스,결제,경북,2014,2384,바이아웃 2호 PEF,Buyout,2021,배준영,실사(DD),,,,893,123.2,13.8,222.0,1602.0,13.0,1.79,,,,,,,
DL-01264,광림소재,제조/소재,2차전지소재,해외(싱가포르),2001,245,그로쓰 2호 PEF,Growth,2019,남기훈,투자심의(IC),,,,161,59.9,37.2,130.0,425.2,7.1,2.64,,,,,,,
DL-01265,성안산업,제조/소재,2차전지소재,경기,1994,91,바이아웃 1호 PEF,Buyout,2017,윤지호,투자완료(Active),2023-07-11,84.4,67.0,75,16.9,22.5,15.6,131.6,7.8,1.75,2.9,211.1,2.5,37.0,,,
DL-01266,유진소재,제조/소재,산업기계,충남,2001,879,바이아웃 2호 PEF,Buyout,2021,오세훈,투자완료(Active),2022-08-22,157.8,53.9,470,46.5,9.9,39.3,293.1,6.3,0.62,3.8,468.8,2.97,33.2,,,
DL-01267,누리환경90,에너지/환경,전력/전기,광주,1994,1614,바이아웃 1호 PEF,Buyout,2017,윤지호,투자완료(Active),2017-09-12,980.2,65.1,1341,502.9,37.5,1238.1,2615.0,5.2,1.95,8.7,1371.1,1.4,3.9,,,
DL-01268,대한솔루션26,IT/소프트웨어,데이터/AI,서울,1995,521,그로쓰 1호 PEF,Growth,2016,이서준,보류/철회(Dropped),,,,303,20.9,6.9,34.4,165.2,7.9,0.55,,,,,,,
DL-01269,한솔파트너스,B2B서비스,엔지니어링,인천,2010,886,그로쓰 1호 PEF,Growth,2016,배준영,스크리닝(Screening),,,,324,69.0,21.3,315.9,703.9,10.2,2.17,,,,,,,
DL-01270,글로벌물류,물류/유통,이커머스,서울,1988,785,세컨더리 1호,Secondary,2023,서지원,소싱(Sourcing),,,,379,56.9,15.0,199.6,409.3,7.2,1.08,,,,,,,
DL-01271,동성파이낸셜,금융서비스,결제,경기,2021,369,그로쓰 2호 PEF,Growth,2019,이서준,소싱(Sourcing),,,,311,69.7,22.4,12.1,863.8,12.4,2.78,,,,,,,
DL-01272,누리이엔지80,에너지/환경,신재생에너지,광주,1987,592,그로쓰 2호 PEF,Growth,2019,최예린,실사(DD),,,,416,140.2,33.7,236.0,1177.6,8.4,2.83,,,,,,,
DL-01273,미래산업,제조/소재,정밀화학,서울,1989,2372,그로쓰 1호 PEF,Growth,2016,남기훈,투자완료(Active),2024-02-25,1408.1,45.7,1045,299.9,28.7,1280.0,4198.8,14.0,4.02,2.3,1631.5,1.16,6.6,,,
DL-01274,한라스튜디오67,미디어/콘텐츠,게임,서울,1989,147,세컨더리 1호,Secondary,2023,배준영,실사(DD),,,,123,6.3,5.1,15.7,52.1,8.3,0.42,,,,,,,
DL-01275,정밀캐피탈,금융서비스,인슈어테크,경기,2002,2936,그로쓰 1호 PEF,Growth,2016,이서준,스크리닝(Screening),,,,1233,402.0,32.6,477.4,3939.2,9.8,3.19,,,,,,,
DL-01276,우진그린텍92,에너지/환경,수처리,인천,2005,3793,스페셜시츄에이션 1호,Special Situation,2018,오세훈,소싱(Sourcing),,,,1533,286.7,18.7,1232.9,4070.7,14.2,2.66,,,,,,,
DL-01277,동방진단,바이오/헬스케어,CRO/CDMO,서울,2020,2814,그로쓰 3호 PEF,Growth,2022,고은채,투자완료(Active),2022-02-04,1751.3,36.6,1153,377.0,32.7,394.9,4712.9,12.5,4.09,4.3,2377.9,1.36,7.3,,,
DL-01278,서연물류,물류/유통,이커머스,서울,2008,1035,벤처그로쓰 1호,Venture,2020,고은채,회수완료(Exited),2024-10-09,349.5,87.1,385,76.6,19.9,171.9,528.6,6.9,1.37,1.7,,1.57,31.1,2026-06-10,549.2,재무적매각(Secondary)
DL-01279,삼정캐피탈,금융서비스,자산관리,충남,1994,636,그로쓰 1호 PEF,Growth,2016,배준영,투자완료(Active),2018-07-02,767.8,98.5,272,100.1,36.8,370.8,1021.0,10.2,3.75,7.9,1391.9,1.81,7.8,,,
DL-01280,태광테크,IT/소프트웨어,데이터/AI,대전,2019,1158,그로쓰 2호 PEF,Growth,2019,남기훈,스크리닝(Screening),,,,515,109.7,21.3,18.9,1305.4,11.9,2.53,,,,,,,
DL-01281,유진게임즈19,미디어/콘텐츠,광고/마케팅,인천,2017,130,그로쓰 2호 PEF,Growth,2019,임수빈,소싱(Sourcing),,,,60,20.6,34.4,80.8,289.0,14.0,4.82,,,,,,,
DL-01282,에스진단,바이오/헬스케어,체외진단,울산,2010,759,그로쓰 3호 PEF,Growth,2022,배준영,투자완료(Active),2024-02-06,272.4,59.3,521,38.0,7.3,39.7,429.8,11.3,0.82,2.3,374.5,1.37,14.6,,,
DL-01283,대명푸드,소비재,식음료,경남,2020,69,세컨더리 1호,Secondary,2023,정우성,소싱(Sourcing),,,,69,19.9,28.9,53.4,147.6,7.4,2.14,,,,,,,
DL-01284,유진제약,바이오/헬스케어,체외진단,부산,1986,406,스페셜시츄에이션 1호,Special Situation,2018,정우성,실사(DD),,,,459,151.0,32.9,245.8,891.0,5.9,1.94,,,,,,,
DL-01285,아이엠바이오,바이오/헬스케어,체외진단,대전,2001,13742,바이아웃 2호 PEF,Buyout,2021,고은채,투자완료(Active),2021-06-28,8134.1,96.4,4943,810.7,16.4,318.5,7376.9,9.1,1.49,5.0,9533.0,1.17,3.3,,,
DL-01286,현우F&B,소비재,패션/리빙,경기,2000,601,스페셜시츄에이션 1호,Special Situation,2018,이서준,스크리닝(Screening),,,,278,88.7,31.9,222.9,576.4,6.5,2.07,,,,,,,
DL-01287,태광리빙,소비재,식음료,경기,1994,286,바이아웃 1호 PEF,Buyout,2017,이서준,투자완료(Active),2024-12-24,681.5,90.4,196,69.0,35.2,16.7,620.9,9.0,3.17,1.5,1463.3,2.15,68.8,,,
DL-01288,삼정서비스,B2B서비스,인력아웃소싱,경기,1998,770,그로쓰 1호 PEF,Growth,2016,이서준,스크리닝(Screening),,,,895,342.8,38.3,479.2,2605.2,7.6,2.91,,,,,,,
DL-01289,광림페이,금융서비스,여신전문,경기,2014,361,그로쓰 3호 PEF,Growth,2022,강태호,투자완료(Active),2024-10-28,66.5,78.2,191,17.4,9.1,9.0,92.1,5.3,0.48,1.6,189.8,2.85,91.4,,,
DL-01290,태광금융,금융서비스,여신전문,부산,2014,346,바이아웃 1호 PEF,Buyout,2017,김도현,투자완료(Active),2021-06-14,129.7,51.8,131,34.5,26.3,92.6,310.1,9.0,2.37,5.0,271.1,2.09,15.9,,,
DL-01291,코리아푸드,소비재,화장품,충북,1989,356,그로쓰 1호 PEF,Growth,2016,오세훈,투자완료(Active),2016-05-05,341.0,83.9,280,55.2,19.7,44.7,413.7,7.5,1.48,10.1,568.1,1.67,5.2,,,
DL-01292,디에이치코스메틱,소비재,화장품,서울,1994,2073,벤처그로쓰 1호,Venture,2020,한승우,회수완료(Exited),2021-03-09,595.6,69.6,764,128.4,16.8,156.3,988.3,7.7,1.29,4.7,,1.95,15.2,2025-11-29,1161.5,전략적매각(M&A)
DL-01293,우진게임즈97,미디어/콘텐츠,교육,광주,2002,406,벤처그로쓰 1호,Venture,2020,강태호,실사(DD),,,,303,42.4,14.0,131.7,526.0,12.4,1.74,,,,,,,
DL-01294,글로벌파트너스,B2B서비스,엔지니어링,충남,1985,340,그로쓰 1호 PEF,Growth,2016,김도현,스크리닝(Screening),,,,133,13.6,10.2,25.5,97.7,7.2,0.73,,,,,,,
DL-01295,서연금융,금융서비스,인슈어테크,경기,2013,1760,그로쓰 1호 PEF,Growth,2016,오세훈,실사(DD),,,,882,169.3,19.2,433.7,2404.7,14.2,2.73,,,,,,,
DL-01296,중앙정보기술67,IT/소프트웨어,핀테크,부산,1987,267,그로쓰 2호 PEF,Growth,2019,서지원,보류/철회(Dropped),,,,116,24.7,21.3,18.8,363.2,14.7,3.13,,,,,,,
DL-01297,동방물류,물류/유통,콜드체인,서울,2021,618,바이아웃 2호 PEF,Buyout,2021,고은채,보류/철회(Dropped),,,,263,77.6,29.5,91.0,1047.4,13.5,3.98,,,,,,,
DL-01298,보광F&B,소비재,패션/리빙,대구,1993,335,그로쓰 2호 PEF,Growth,2019,서지원,스크리닝(Screening),,,,332,48.5,14.6,165.4,465.3,9.6,1.4,,,,,,,
DL-01299,광림소프트72,IT/소프트웨어,정보보안,해외(베트남),1988,1091,그로쓰 3호 PEF,Growth,2022,윤지호,투자완료(Active),2023-02-21,339.4,63.9,685,132.9,19.4,187.0,691.0,5.2,1.01,3.3,507.7,1.5,13.0,,,
DL-01300,서연엔터29,미디어/콘텐츠,광고/마케팅,서울,2001,246,스페셜시츄에이션 1호,Special Situation,2018,서지원,보류/철회(Dropped),,,,282,38.1,13.5,151.2,422.6,11.1,1.5,,,,,,,
DL-01301,제이캐피탈,금융서비스,인슈어테크,서울,2001,296,세컨더리 1호,Secondary,2023,윤지호,스크리닝(Screening),,,,119,20.7,17.4,72.1,186.4,9.0,1.57,,,,,,,
DL-01302,대한코스메틱,소비재,리테일,충남,1988,309,세컨더리 1호,Secondary,2023,고은채,투자완료(Active),2023-10-01,114.3,35.8,174,24.0,13.8,34.4,336.2,14.0,1.93,2.7,315.9,2.76,45.9,,,
DL-01303,동성서비스18,B2B서비스,시설관리,경기,2018,375,스페셜시츄에이션 1호,Special Situation,2018,윤지호,투자완료(Active),2022-09-07,116.7,57.7,258,16.3,6.3,20.9,186.9,11.5,0.72,3.8,312.0,2.67,29.9,,,
DL-01304,케이파트너스94,B2B서비스,MRO,해외(싱가포르),1994,684,그로쓰 1호 PEF,Growth,2016,남기훈,투자완료(Active),2023-09-30,383.1,35.8,333,104.6,31.4,370.2,1327.9,12.7,3.99,2.7,515.2,1.34,11.6,,,
DL-01305,아이엠익스프레스,물류/유통,3PL물류,전남,2001,202,바이아웃 1호 PEF,Buyout,2017,임수빈,실사(DD),,,,228,43.5,19.1,38.3,357.1,8.2,1.57,,,,,,,
DL-01306,서연바이오,바이오/헬스케어,체외진단,경기,1995,428,스페셜시츄에이션 1호,Special Situation,2018,최예린,투자심의(IC),,,,253,81.2,32.1,74.4,592.9,7.3,2.34,,,,,,,
DL-01307,현우에너지10,에너지/환경,폐기물처리,서울,2014,289,바이아웃 2호 PEF,Buyout,2021,배준영,실사(DD),,,,103,38.0,36.9,77.5,402.9,10.6,3.91,,,,,,,
DL-01308,유진테크55,IT/소프트웨어,시스템통합,충남,1999,934,그로쓰 3호 PEF,Growth,2022,남기훈,소싱(Sourcing),,,,930,353.4,38.0,805.9,3286.6,9.3,3.53,,,,,,,
DL-01309,현우랩스91,IT/소프트웨어,SaaS,서울,2020,1310,세컨더리 1호,Secondary,2023,이서준,스크리닝(Screening),,,,832,205.5,24.7,442.0,1561.8,7.6,1.88,,,,,,,
DL-01310,누리미디어36,미디어/콘텐츠,게임,충남,2011,959,스페셜시츄에이션 1호,Special Situation,2018,한승우,투자완료(Active),2021-04-24,90.9,23.6,393,74.3,18.9,274.3,653.6,8.8,1.66,5.1,169.8,1.87,13.0,,,
DL-01311,광림파마,바이오/헬스케어,체외진단,경북,1989,304,바이아웃 2호 PEF,Buyout,2021,오세훈,투자심의(IC),,,,372,143.2,38.5,309.9,802.0,5.6,2.16,,,,,,,
DL-01312,케이환경91,에너지/환경,폐기물처리,경기,2016,1094,그로쓰 3호 PEF,Growth,2022,정우성,투자완료(Active),2023-11-01,484.6,29.3,726,115.4,15.9,92.5,1442.9,12.5,1.99,2.6,1128.5,2.33,38.3,,,
DL-01313,중앙파워23,에너지/환경,신재생에너지,부산,1987,4743,세컨더리 1호,Secondary,2023,김도현,소싱(Sourcing),,,,2507,391.1,15.6,926.5,3089.6,7.9,1.23,,,,,,,
DL-01314,삼정파트너스,B2B서비스,엔지니어링,경기,1986,165,세컨더리 1호,Secondary,2023,최예린,소싱(Sourcing),,,,200,70.2,35.1,183.5,1039.0,14.8,5.19,,,,,,,
DL-01315,우진페이,금융서비스,결제,인천,2012,102,바이아웃 2호 PEF,Buyout,2021,배준영,투자완료(Active),2025-05-15,70.9,48.8,70,18.2,26.0,0.7,127.4,7.0,1.82,1.1,190.8,2.69,152.2,,,
DL-01316,디에이치케미칼,제조/소재,2차전지소재,서울,2018,2386,바이아웃 1호 PEF,Buyout,2017,배준영,투자심의(IC),,,,927,346.7,37.4,1763.2,4299.1,12.4,4.64,,,,,,,
DL-01317,정밀에너지51,에너지/환경,전력/전기,울산,1986,285,바이아웃 2호 PEF,Buyout,2021,고은채,투자완료(Active),2023-09-13,154.0,37.9,184,60.7,33.0,319.2,667.9,11.0,3.63,2.7,133.2,0.87,-5.2,,,
DL-01318,정밀게임즈86,미디어/콘텐츠,교육,경기,2001,2232,벤처그로쓰 1호,Venture,2020,오세훈,투자심의(IC),,,,858,240.2,28.0,661.8,2138.1,8.9,2.49,,,,,,,
DL-01319,글로벌유통,물류/유통,도소매유통,경북,2001,3179,바이아웃 1호 PEF,Buyout,2017,최예린,회수완료(Exited),2021-12-19,2549.9,59.6,1985,597.5,30.1,44.3,3764.2,6.3,1.9,1.5,,2.04,59.5,2023-06-30,5201.1,구주매출
DL-01320,코리아콘텐츠20,미디어/콘텐츠,엔터테인먼트,충남,1988,1210,바이아웃 2호 PEF,Buyout,2021,고은채,회수완료(Exited),2021-08-24,543.6,51.3,573,125.5,21.9,440.8,1292.5,10.3,2.26,3.0,,2.19,30.1,2024-08-12,1188.0,구주매출
DL-01321,대한페이,금융서비스,자산관리,서울,2000,1309,그로쓰 2호 PEF,Growth,2019,박민재,투자완료(Active),2024-03-06,282.6,40.3,1080,89.6,8.3,35.4,645.4,7.2,0.6,2.3,543.8,1.92,33.6,,,
DL-01322,광림F&B,소비재,리테일,서울,2018,290,세컨더리 1호,Secondary,2023,김도현,보류/철회(Dropped),,,,151,41.7,27.6,143.1,391.8,9.4,2.59,,,,,,,
DL-01323,서연리빙,소비재,식음료,경기,2006,970,벤처그로쓰 1호,Venture,2020,임수빈,스크리닝(Screening),,,,895,47.4,5.3,49.2,374.7,7.9,0.42,,,,,,,
DL-01324,세진헬스케어,바이오/헬스케어,CRO/CDMO,충남,1990,753,바이아웃 2호 PEF,Buyout,2021,정우성,투자완료(Active),2022-07-02,291.0,91.1,261,42.8,16.4,198.6,479.4,11.2,1.84,3.9,1373.9,4.72,48.3,,,
DL-01325,광림코스메틱,소비재,식음료,전남,2007,514,벤처그로쓰 1호,Venture,2020,고은채,보류/철회(Dropped),,,,200,55.0,27.5,60.2,341.0,6.2,1.71,,,,,,,
DL-01326,에스케미칼55,제조/소재,산업기계,울산,1987,215,그로쓰 2호 PEF,Growth,2019,강태호,회수완료(Exited),2024-08-17,286.9,56.3,147,44.7,30.4,97.6,594.4,13.3,4.04,1.8,,0.94,-3.3,2026-06-10,270.1,재무적매각(Secondary)
DL-01327,대명파트너스,B2B서비스,엔지니어링,부산,1996,203,세컨더리 1호,Secondary,2023,최예린,투자심의(IC),,,,76,6.9,9.1,11.1,49.8,7.2,0.66,,,,,,,
DL-01328,한국F&B,소비재,리테일,서울,2008,908,바이아웃 2호 PEF,Buyout,2021,고은채,실사(DD),,,,500,170.5,34.1,672.5,1824.3,10.7,3.65,,,,,,,
DL-01329,한라익스프레스,물류/유통,3PL물류,광주,1994,549,그로쓰 1호 PEF,Growth,2016,윤지호,실사(DD),,,,386,73.0,18.9,16.0,510.7,7.0,1.32,,,,,,,
DL-01330,미래이엔지28,에너지/환경,신재생에너지,서울,1987,1025,그로쓰 3호 PEF,Growth,2022,윤지호,실사(DD),,,,499,143.2,28.7,115.1,1059.8,7.4,2.12,,,,,,,
DL-01331,삼정푸드,소비재,리테일,대전,2010,885,그로쓰 3호 PEF,Growth,2022,최예린,스크리닝(Screening),,,,332,33.9,10.2,68.6,447.0,13.2,1.35,,,,,,,
DL-01332,태광물류,물류/유통,도소매유통,울산,2005,617,스페셜시츄에이션 1호,Special Situation,2018,윤지호,스크리닝(Screening),,,,441,106.7,24.2,428.7,1003.2,9.4,2.27,,,,,,,
DL-01333,정밀메디컬,바이오/헬스케어,체외진단,대구,1994,2113,바이아웃 1호 PEF,Buyout,2017,오세훈,실사(DD),,,,1034,262.6,25.4,372.0,1339.4,5.1,1.3,,,,,,,
DL-01334,세진스튜디오24,미디어/콘텐츠,엔터테인먼트,서울,2017,472,바이아웃 2호 PEF,Buyout,2021,박민재,소싱(Sourcing),,,,350,105.0,30.0,98.7,1438.5,13.7,4.11,,,,,,,
DL-01335,대한시스템2,IT/소프트웨어,시스템통합,부산,2008,134,세컨더리 1호,Secondary,2023,남기훈,회수완료(Exited),2024-08-24,65.9,56.5,80,8.3,10.4,8.1,115.6,13.9,1.45,1.8,,1.25,13.2,2026-06-10,82.4,재무적매각(Secondary)
DL-01336,누리파이낸셜,금융서비스,자산관리,경기,2006,443,그로쓰 3호 PEF,Growth,2022,최예린,투자완료(Active),2024-08-26,756.3,79.8,262,99.3,37.9,465.5,1380.2,13.9,5.27,1.8,1410.5,1.86,41.7,,,
DL-01337,대명소재14,제조/소재,정밀화학,서울,2008,1170,바이아웃 1호 PEF,Buyout,2017,정우성,실사(DD),,,,629,123.3,19.6,5.1,1553.4,12.6,2.47,,,,,,,
DL-01338,한솔이엔지75,에너지/환경,전력/전기,서울,2016,446,벤처그로쓰 1호,Venture,2020,임수빈,소싱(Sourcing),,,,257,13.9,5.4,46.8,144.3,10.4,0.56,,,,,,,
DL-01339,미래파마,바이오/헬스케어,디지털헬스,대구,1993,2446,그로쓰 3호 PEF,Growth,2022,윤지호,소싱(Sourcing),,,,1269,427.7,33.7,671.9,2394.9,5.6,1.89,,,,,,,
DL-01340,동방메탈,제조/소재,자동차부품,서울,2014,768,그로쓰 1호 PEF,Growth,2016,고은채,투자완료(Active),2021-11-15,115.5,56.9,339,19.7,5.8,112.8,281.2,14.3,0.83,4.6,167.0,1.45,8.4,,,
DL-01341,광림서비스80,B2B서비스,시설관리,서울,2021,457,스페셜시츄에이션 1호,Special Situation,2018,최예린,투자완료(Active),2024-06-14,103.3,35.1,157,34.9,22.2,107.0,376.4,10.8,2.4,2.0,189.2,1.83,35.6,,,
DL-01342,성안시스템28,IT/소프트웨어,핀테크,경기,2016,175,그로쓰 2호 PEF,Growth,2019,이서준,투자완료(Active),2024-10-12,29.6,22.8,81,8.0,9.9,9.3,117.9,14.7,1.46,1.7,35.3,1.19,11.1,,,
DL-01343,중앙이엔지38,에너지/환경,수처리,경기,1992,1027,그로쓰 3호 PEF,Growth,2022,김도현,회수완료(Exited),2023-05-27,456.0,65.6,876,120.9,13.8,381.5,1075.9,8.9,1.23,3.0,,1.45,13.0,2026-06-10,661.4,재무적매각(Secondary)
DL-01344,성안스튜디오22,미디어/콘텐츠,교육,인천,1992,248,바이아웃 2호 PEF,Buyout,2021,한승우,소싱(Sourcing),,,,106,13.4,12.6,24.4,134.9,10.1,1.27,,,,,,,
DL-01345,에스리빙,소비재,식음료,전북,2017,1676,그로쓰 3호 PEF,Growth,2022,김도현,투자완료(Active),2024-04-05,1015.4,49.1,862,175.0,20.3,664.9,2589.8,14.8,3.0,2.2,840.7,0.83,-8.3,,,
DL-01346,미래에셋,금융서비스,자산관리,서울,1986,409,그로쓰 3호 PEF,Growth,2022,남기훈,소싱(Sourcing),,,,150,14.7,9.8,17.8,88.2,6.0,0.59,,,,,,,
DL-01347,유진헬스케어,바이오/헬스케어,의료기기,대전,2019,1018,세컨더리 1호,Secondary,2023,최예린,소싱(Sourcing),,,,400,30.4,7.6,48.8,288.8,9.5,0.72,,,,,,,
DL-01348,동성케미칼,제조/소재,자동차부품,서울,2018,63,세컨더리 1호,Secondary,2023,한승우,투자완료(Active),2024-08-15,24.3,38.8,30,9.6,32.1,18.3,70.3,7.3,2.34,1.8,62.0,2.55,67.3,,,
DL-01349,태광메디컬,바이오/헬스케어,제약,경기,1993,1103,스페셜시츄에이션 1호,Special Situation,2018,남기훈,보류/철회(Dropped),,,,695,262.0,37.7,1565.1,3432.4,13.1,4.94,,,,,,,
DL-01350,보광커머스,물류/유통,콜드체인,서울,2006,728,벤처그로쓰 1호,Venture,2020,남기훈,투자완료(Active),2021-04-30,353.8,40.9,654,145.2,22.2,669.0,1451.9,10.0,2.22,5.1,1344.1,3.8,29.8,,,
DL-01351,현우캐피탈,금융서비스,여신전문,서울,2013,1209,그로쓰 2호 PEF,Growth,2019,박민재,투자완료(Active),2023-12-21,1351.2,79.3,449,136.5,30.4,301.4,1706.2,12.5,3.8,2.5,1836.1,1.36,13.2,,,
DL-01352,성안시스템87,IT/소프트웨어,SaaS,경기,2004,72,바이아웃 1호 PEF,Buyout,2017,남기훈,스크리닝(Screening),,,,77,25.6,33.2,39.9,202.0,7.9,2.62,,,,,,,
DL-01353,태광익스프레스,물류/유통,3PL물류,경기,2019,340,그로쓰 2호 PEF,Growth,2019,박민재,투자완료(Active),2019-06-09,123.4,42.0,184,50.2,27.3,46.0,331.5,6.6,1.8,7.0,149.6,1.21,2.8,,,
DL-01354,동성파트너스60,B2B서비스,MRO,경기,1993,270,그로쓰 3호 PEF,Growth,2022,서지원,투자완료(Active),2022-12-22,55.2,43.6,91,24.2,26.6,116.2,239.6,9.9,2.63,3.5,77.1,1.4,10.1,,,
DL-01355,대한서비스67,B2B서비스,인력아웃소싱,경기,1990,3165,바이아웃 2호 PEF,Buyout,2021,정우성,소싱(Sourcing),,,,1969,165.4,8.4,177.1,2133.6,12.9,1.08,,,,,,,
DL-01356,동방랩스37,IT/소프트웨어,데이터/AI,경북,2005,400,벤처그로쓰 1호,Venture,2020,강태호,스크리닝(Screening),,,,430,101.0,23.5,385.2,1232.8,12.2,2.87,,,,,,,
DL-01357,디에이치솔루션77,IT/소프트웨어,정보보안,서울,2009,476,벤처그로쓰 1호,Venture,2020,서지원,회수완료(Exited),2023-05-20,149.4,54.8,198,69.5,35.1,254.8,521.2,7.5,2.63,3.1,,2.73,38.8,2026-06-10,407.4,Recap/배당
DL-01358,동성진단,바이오/헬스케어,디지털헬스,부산,2014,1234,바이아웃 2호 PEF,Buyout,2021,최예린,회수완료(Exited),2024-04-26,1003.4,92.8,462,134.0,29.0,45.0,991.5,7.4,2.15,2.1,,1.17,7.5,2026-06-10,1170.2,재무적매각(Secondary)
DL-01359,우진에너지46,에너지/환경,수처리,서울,2016,1049,그로쓰 1호 PEF,Growth,2016,박민재,투자심의(IC),,,,362,50.7,14.0,220.7,704.5,13.9,1.95,,,,,,,
DL-01360,중앙매니지먼트68,B2B서비스,MRO,광주,2013,3554,벤처그로쓰 1호,Venture,2020,이서준,투자완료(Active),2025-04-06,298.5,25.4,1668,116.8,7.0,1.6,1085.9,9.3,0.65,1.2,477.7,1.6,49.1,,,
DL-01361,제이에셋,금융서비스,인슈어테크,대구,2012,2776,그로쓰 3호 PEF,Growth,2022,임수빈,스크리닝(Screening),,,,984,286.3,29.1,613.3,1546.3,5.4,1.57,,,,,,,
DL-01362,광림파트너스49,B2B서비스,엔지니어링,경기,1993,12835,그로쓰 3호 PEF,Growth,2022,윤지호,회수완료(Exited),2022-11-22,10911.0,57.6,4378,1405.3,32.1,2231.9,20236.9,14.4,4.62,3.4,,2.44,29.8,2026-04-23,26617.6,재무적매각(Secondary)
DL-01363,서연콘텐츠91,미디어/콘텐츠,교육,경기,2007,1292,그로쓰 3호 PEF,Growth,2022,고은채,소싱(Sourcing),,,,662,119.8,18.1,257.1,1198.2,10.0,1.81,,,,,,,
DL-01364,성안로지스틱스,물류/유통,도소매유통,서울,2001,1180,세컨더리 1호,Secondary,2023,박민재,투자심의(IC),,,,571,155.3,27.2,354.7,994.0,6.4,1.74,,,,,,,
DL-01365,글로벌솔루션96,B2B서비스,시설관리,서울,2020,590,그로쓰 3호 PEF,Growth,2022,김도현,투자완료(Active),2023-04-21,364.5,71.6,323,116.9,36.2,323.9,783.4,6.7,2.43,3.1,652.3,1.79,20.4,,,
DL-01366,현우엔터90,미디어/콘텐츠,교육,서울,2012,1306,그로쓰 2호 PEF,Growth,2019,배준영,회수완료(Exited),2025-01-07,1186.1,42.7,1061,228.1,21.5,230.1,2737.4,12.0,2.58,1.4,,1.7,45.1,2026-06-10,2013.7,구주매출
DL-01367,신성페이,금융서비스,자산관리,충북,2005,821,그로쓰 1호 PEF,Growth,2016,서지원,투자완료(Active),2022-06-01,67.7,23.3,373,35.4,9.5,181.8,453.6,12.8,1.22,4.0,64.4,0.95,-1.2,,,
DL-01368,가온바이오,바이오/헬스케어,체외진단,해외(미국),2016,515,그로쓰 1호 PEF,Growth,2016,정우성,소싱(Sourcing),,,,551,82.1,14.9,429.4,960.6,11.7,1.74,,,,,,,
DL-01369,정밀로지스틱스,물류/유통,콜드체인,경기,1999,334,세컨더리 1호,Secondary,2023,강태호,투자완료(Active),2024-02-03,236.8,52.5,280,104.7,37.4,387.8,827.3,7.9,2.95,2.3,530.5,2.24,41.0,,,
DL-01370,미래코스메틱,소비재,화장품,경남,1988,920,바이아웃 1호 PEF,Buyout,2017,서지원,스크리닝(Screening),,,,335,116.9,34.9,372.7,1215.9,10.4,3.63,,,,,,,
DL-01371,대명솔루션29,B2B서비스,시설관리,서울,1988,967,그로쓰 1호 PEF,Growth,2016,오세훈,소싱(Sourcing),,,,558,218.2,39.1,669.7,1832.7,8.4,3.28,,,,,,,
DL-01372,케이에셋,금융서비스,결제,충남,1999,1733,그로쓰 1호 PEF,Growth,2016,김도현,투자완료(Active),2021-10-13,188.9,40.5,716,114.6,16.0,328.4,779.0,6.8,1.09,4.7,202.4,1.07,1.5,,,
DL-01373,중앙에너지89,에너지/환경,수처리,해외(베트남),2017,118,바이아웃 2호 PEF,Buyout,2021,정우성,투자완료(Active),2022-01-06,65.9,46.7,77,13.5,17.5,43.9,165.7,12.3,2.15,4.4,66.6,1.01,0.2,,,
DL-01374,한라진단,바이오/헬스케어,디지털헬스,서울,1987,347,스페셜시츄에이션 1호,Special Situation,2018,윤지호,투자심의(IC),,,,128,23.7,18.5,121.9,248.6,10.5,1.94,,,,,,,
DL-01375,대한미디어33,미디어/콘텐츠,광고/마케팅,서울,1992,429,스페셜시츄에이션 1호,Special Situation,2018,임수빈,스크리닝(Screening),,,,190,10.6,5.6,17.6,143.6,13.5,0.76,,,,,,,
DL-01376,한라캐피탈,금융서비스,결제,충남,1989,424,세컨더리 1호,Secondary,2023,이서준,투자심의(IC),,,,144,22.6,15.7,14.4,253.2,11.2,1.76,,,,,,,
DL-01377,한솔소재,제조/소재,철강금속,서울,2016,575,바이아웃 1호 PEF,Buyout,2017,박민재,회수완료(Exited),2021-11-09,1286.2,99.0,549,172.9,31.5,393.4,1556.4,9.0,2.83,4.6,,2.63,23.5,2026-06-10,3383.9,전략적매각(M&A)
DL-01378,제이테크33,제조/소재,산업기계,전남,1986,59,그로쓰 3호 PEF,Growth,2022,한승우,스크리닝(Screening),,,,60,22.1,36.8,25.1,139.1,6.3,2.32,,,,,,,
DL-01379,광림제약,바이오/헬스케어,제약,서울,2019,482,스페셜시츄에이션 1호,Special Situation,2018,정우성,회수완료(Exited),2023-04-06,224.9,71.0,510,57.6,11.3,49.0,311.2,5.4,0.61,3.2,,2.62,35.4,2026-06-10,589.5,Recap/배당
DL-01380,가온커머스32,물류/유통,콜드체인,경기,1995,3298,세컨더리 1호,Secondary,2023,박민재,보류/철회(Dropped),,,,1793,209.8,11.7,402.3,2370.5,11.3,1.32,,,,,,,
DL-01381,삼정소재,제조/소재,산업기계,서울,1999,270,세컨더리 1호,Secondary,2023,정우성,투자완료(Active),2024-07-20,198.8,78.6,127,41.8,32.9,126.1,355.2,8.5,2.8,1.9,300.2,1.51,24.4,,,
DL-01382,보광바이오,바이오/헬스케어,디지털헬스,경기,1988,80,바이아웃 1호 PEF,Buyout,2017,정우성,실사(DD),,,,59,5.7,9.7,17.2,49.8,8.7,0.84,,,,,,,
DL-01383,코리아에너지35,에너지/환경,폐기물처리,경기,2002,1093,그로쓰 2호 PEF,Growth,2019,배준영,투자완료(Active),2025-04-03,694.2,33.7,376,139.5,37.1,47.6,1952.9,14.0,5.19,1.2,1289.6,1.86,68.6,,,
DL-01384,삼정물류,물류/유통,도소매유통,광주,1988,3905,스페셜시츄에이션 1호,Special Situation,2018,박민재,실사(DD),,,,2358,129.7,5.5,443.5,1193.1,9.2,0.51,,,,,,,
DL-01385,정밀산업84,제조/소재,2차전지소재,경기,2019,152,세컨더리 1호,Secondary,2023,박민재,스크리닝(Screening),,,,72,24.8,34.5,109.1,308.0,12.4,4.28,,,,,,,
DL-01386,한솔금융,금융서비스,인슈어테크,서울,1999,278,그로쓰 1호 PEF,Growth,2016,배준영,실사(DD),,,,112,34.7,31.0,126.2,475.7,13.7,4.25,,,,,,,
DL-01387,대명미디어22,미디어/콘텐츠,교육,경북,2012,800,그로쓰 3호 PEF,Growth,2022,오세훈,실사(DD),,,,294,95.5,32.5,109.6,859.9,9.0,2.92,,,,,,,
DL-01388,태광케미칼88,제조/소재,산업기계,서울,2018,657,벤처그로쓰 1호,Venture,2020,최예린,실사(DD),,,,549,152.6,27.8,56.7,2090.9,13.7,3.81,,,,,,,
DL-01389,유진산업42,제조/소재,철강금속,부산,2004,1763,그로쓰 2호 PEF,Growth,2019,남기훈,회수완료(Exited),2022-03-16,580.4,65.0,1023,107.4,10.5,694.6,1536.0,14.3,1.5,2.9,,2.4,34.9,2025-02-17,1395.2,구주매출
DL-01390,가온캐피탈,금융서비스,자산관리,인천,2004,1858,그로쓰 2호 PEF,Growth,2019,오세훈,투자완료(Active),2022-02-05,376.6,45.1,893,70.5,7.9,138.9,832.5,11.8,0.93,4.3,687.8,1.83,14.9,,,
DL-01391,대명커머스64,물류/유통,도소매유통,대전,1988,350,벤처그로쓰 1호,Venture,2020,이서준,보류/철회(Dropped),,,,144,33.4,23.2,58.6,337.4,10.1,2.34,,,,,,,
DL-01392,광림랩스95,IT/소프트웨어,정보보안,서울,1992,344,바이아웃 2호 PEF,Buyout,2021,박민재,스크리닝(Screening),,,,184,46.9,25.5,2.9,572.4,12.2,3.11,,,,,,,
DL-01393,한솔리빙,소비재,식음료,경기,2003,295,벤처그로쓰 1호,Venture,2020,윤지호,투자완료(Active),2024-09-12,56.7,97.9,108,17.1,15.8,38.2,95.6,5.6,0.88,1.7,118.7,2.1,52.9,,,
DL-01394,가온리빙,소비재,식음료,서울,1995,510,그로쓰 2호 PEF,Growth,2019,남기훈,소싱(Sourcing),,,,405,89.1,22.0,396.7,980.1,11.0,2.42,,,,,,,
DL-01395,디에이치게임즈36,미디어/콘텐츠,교육,인천,2011,1260,바이아웃 1호 PEF,Buyout,2017,윤지호,투자완료(Active),2018-07-03,1197.3,76.3,1081,371.9,34.4,1073.6,2379.9,6.4,2.2,7.9,1156.3,0.97,-0.4,,,
DL-01396,케이환경58,에너지/환경,전력/전기,서울,1999,493,그로쓰 1호 PEF,Growth,2016,정우성,투자완료(Active),2021-02-27,317.1,71.2,265,33.9,12.8,85.9,474.9,14.0,1.79,5.3,611.5,1.93,13.2,,,
DL-01397,성안이엔지95,에너지/환경,수처리,경기,2021,193,바이아웃 1호 PEF,Buyout,2017,고은채,투자심의(IC),,,,153,59.5,38.9,86.3,624.9,10.5,4.08,,,,,,,
DL-01398,성안매니지먼트89,B2B서비스,엔지니어링,충북,2009,507,그로쓰 1호 PEF,Growth,2016,박민재,투자심의(IC),,,,250,13.0,5.2,37.6,80.6,6.2,0.32,,,,,,,
DL-01399,광림매니지먼트48,B2B서비스,엔지니어링,제주,2012,695,그로쓰 2호 PEF,Growth,2019,고은채,소싱(Sourcing),,,,384,50.3,13.1,25.5,684.1,13.6,1.78,,,,,,,
DL-01400,누리물류,물류/유통,도소매유통,해외(싱가포르),1988,332,바이아웃 1호 PEF,Buyout,2017,최예린,투자완료(Active),2025-05-16,245.6,79.6,153,34.9,22.8,40.3,324.4,9.3,2.12,1.1,294.4,1.2,18.5,,,
DL-01401,코리아식품,소비재,화장품,경기,2018,851,벤처그로쓰 1호,Venture,2020,남기훈,투자완료(Active),2023-10-18,102.4,79.1,292,15.5,5.3,70.9,176.4,11.4,0.6,2.6,154.3,1.51,16.8,,,
DL-01402,보광매니지먼트3,B2B서비스,MRO,경기,2019,2842,세컨더리 1호,Secondary,2023,오세훈,회수완료(Exited),2024-10-31,330.7,31.1,1199,101.9,8.5,341.4,1355.5,13.3,1.13,1.6,,2.56,79.6,2026-06-10,847.9,구주매출
DL-01403,신성미디어75,미디어/콘텐츠,광고/마케팅,경기,2004,378,그로쓰 2호 PEF,Growth,2019,서지원,소싱(Sourcing),,,,422,77.6,18.4,238.2,1149.2,14.8,2.72,,,,,,,
DL-01404,디에이치산업34,제조/소재,산업기계,경기,1989,2095,벤처그로쓰 1호,Venture,2020,강태호,스크리닝(Screening),,,,2578,391.9,15.2,438.9,4937.4,12.6,1.92,,,,,,,
DL-01405,글로벌제약,바이오/헬스케어,CRO/CDMO,서울,1985,298,세컨더리 1호,Secondary,2023,고은채,투자심의(IC),,,,322,53.8,16.7,48.4,295.8,5.5,0.92,,,,,,,
DL-01406,한솔푸드,소비재,화장품,서울,2001,1802,바이아웃 1호 PEF,Buyout,2017,김도현,투자완료(Active),2022-10-12,503.8,45.5,809,156.9,19.4,75.4,1177.1,7.5,1.46,3.7,491.5,0.98,-0.7,,,
DL-01407,미래금융,금융서비스,여신전문,서울,1991,231,바이아웃 1호 PEF,Buyout,2017,임수빈,투자완료(Active),2018-05-27,261.2,58.8,242,60.5,25.0,23.7,441.6,7.3,1.82,8.0,512.5,1.96,8.7,,,
DL-01408,우진매니지먼트67,B2B서비스,엔지니어링,서울,2007,416,바이아웃 1호 PEF,Buyout,2017,김도현,스크리닝(Screening),,,,214,66.1,30.9,181.2,912.5,13.8,4.26,,,,,,,
DL-01409,정밀솔루션66,B2B서비스,엔지니어링,경기,1989,429,바이아웃 1호 PEF,Buyout,2017,윤지호,스크리닝(Screening),,,,181,63.5,35.1,166.0,597.2,9.4,3.3,,,,,,,
DL-01410,동방금융,금융서비스,여신전문,경남,1991,830,그로쓰 1호 PEF,Growth,2016,서지원,투자완료(Active),2023-12-31,877.1,38.2,678,271.2,40.0,1519.9,3471.4,12.8,5.12,2.4,1039.8,1.19,7.2,,,
DL-01411,에스엔터73,미디어/콘텐츠,광고/마케팅,경기,1991,273,스페셜시츄에이션 1호,Special Situation,2018,김도현,투자완료(Active),2022-03-25,270.4,96.3,238,70.2,29.5,256.9,533.6,7.6,2.24,4.2,355.1,1.31,6.7,,,
DL-01412,동성테크52,IT/소프트웨어,데이터/AI,전남,2015,507,바이아웃 1호 PEF,Buyout,2017,최예린,소싱(Sourcing),,,,335,64.3,19.2,173.0,527.4,8.2,1.57,,,,,,,
DL-01413,한솔헬스케어,바이오/헬스케어,체외진단,전남,2008,792,세컨더리 1호,Secondary,2023,한승우,투자완료(Active),2023-07-11,295.9,29.3,441,172.9,39.2,840.7,1763.3,10.2,4.0,2.9,492.0,1.66,19.1,,,
DL-01414,동방이엔지21,에너지/환경,전력/전기,강원,1994,1254,스페셜시츄에이션 1호,Special Situation,2018,배준영,실사(DD),,,,701,200.5,28.6,669.5,1523.7,7.6,2.17,,,,,,,
DL-01415,신성매니지먼트16,B2B서비스,인력아웃소싱,서울,1997,872,벤처그로쓰 1호,Venture,2020,오세훈,투자완료(Active),2024-05-23,632.1,87.1,334,70.1,21.0,285.7,918.8,13.1,2.75,2.0,1201.4,1.9,36.8,,,
DL-01416,태광랩스33,IT/소프트웨어,핀테크,경기,2002,12623,그로쓰 1호 PEF,Growth,2016,한승우,스크리닝(Screening),,,,6418,2207.8,34.4,6172.0,26051.9,11.8,4.06,,,,,,,
DL-01417,케이파트너스97,B2B서비스,인력아웃소싱,서울,1988,758,세컨더리 1호,Secondary,2023,서지원,투자완료(Active),2023-09-14,406.9,39.8,580,163.6,28.2,0.7,915.9,5.6,1.58,2.7,681.3,1.67,20.7,,,
DL-01418,한솔테크89,IT/소프트웨어,시스템통합,부산,1988,462,벤처그로쓰 1호,Venture,2020,정우성,소싱(Sourcing),,,,251,87.3,34.8,372.1,1056.9,12.1,4.21,,,,,,,
DL-01419,태광커머스,물류/유통,도소매유통,광주,2021,170,그로쓰 2호 PEF,Growth,2019,고은채,스크리닝(Screening),,,,155,50.1,32.3,163.1,415.5,8.3,2.68,,,,,,,
DL-01420,동성테크63,IT/소프트웨어,SaaS,경북,2010,725,바이아웃 2호 PEF,Buyout,2021,남기훈,투자완료(Active),2022-12-09,46.0,29.2,271,25.7,9.5,53.2,206.0,8.0,0.76,3.5,65.7,1.43,10.7,,,
DL-01421,신성시스템43,IT/소프트웨어,핀테크,인천,1985,719,스페셜시츄에이션 1호,Special Situation,2018,임수빈,스크리닝(Screening),,,,369,30.6,8.3,42.8,171.5,5.6,0.46,,,,,,,
DL-01422,동방F&B,소비재,패션/리빙,서울,1988,993,세컨더리 1호,Secondary,2023,한승우,투자완료(Active),2025-06-13,682.3,94.6,404,124.8,30.9,463.6,1073.6,8.6,2.66,1.0,1343.1,1.97,98.0,,,
DL-01423,글로벌환경90,에너지/환경,폐기물처리,인천,2012,109,세컨더리 1호,Secondary,2023,서지원,소싱(Sourcing),,,,46,4.7,10.3,12.0,30.8,6.5,0.67,,,,,,,
DL-01424,글로벌푸드,소비재,화장품,대구,2011,681,바이아웃 2호 PEF,Buyout,2021,임수빈,회수완료(Exited),2021-03-11,511.8,56.4,428,131.8,30.8,140.6,1015.0,7.7,2.37,4.4,,0.85,-3.6,2025-08-08,434.9,IPO
DL-01425,신성파트너스5,B2B서비스,엔지니어링,부산,2002,196,스페셜시츄에이션 1호,Special Situation,2018,박민재,투자완료(Active),2023-12-22,568.6,80.1,235,48.9,20.8,148.2,723.4,14.8,3.08,2.5,1026.2,1.8,27.0,,,
DL-01426,삼정시스템96,IT/소프트웨어,데이터/AI,서울,2008,700,바이아웃 1호 PEF,Buyout,2017,윤지호,실사(DD),,,,247,61.5,24.9,91.2,658.1,10.7,2.66,,,,,,,
DL-01427,코리아익스프레스,물류/유통,도소매유통,대구,1995,773,그로쓰 1호 PEF,Growth,2016,오세훈,투자심의(IC),,,,412,37.9,9.2,0.0,341.1,9.0,0.83,,,,,,,
DL-01428,아이엠페이,금융서비스,인슈어테크,경기,2009,445,바이아웃 1호 PEF,Buyout,2017,고은채,투자완료(Active),2020-10-04,1085.8,98.1,294,82.3,28.0,310.7,1234.8,15.0,4.2,5.7,2967.7,2.73,19.4,,,
DL-01429,보광로지스틱스54,물류/유통,콜드체인,부산,1993,1142,세컨더리 1호,Secondary,2023,박민재,소싱(Sourcing),,,,436,105.5,24.2,432.8,1107.9,10.5,2.54,,,,,,,
DL-01430,우진메디컬,바이오/헬스케어,디지털헬스,서울,1985,1770,세컨더리 1호,Secondary,2023,이서준,투자완료(Active),2023-08-09,93.2,22.7,1094,128.0,11.7,330.9,691.2,5.4,0.63,2.8,188.3,2.02,28.1,,,
DL-01431,에스스튜디오7,미디어/콘텐츠,게임,서울,1987,5192,바이아웃 2호 PEF,Buyout,2021,강태호,투자완료(Active),2024-03-14,1470.5,69.8,1907,186.9,9.8,24.4,2111.8,11.3,1.11,2.2,2679.6,1.82,30.7,,,
DL-01432,삼정커머스,물류/유통,이커머스,서울,2017,314,그로쓰 3호 PEF,Growth,2022,최예린,투자심의(IC),,,,261,82.7,31.7,212.7,661.9,8.0,2.54,,,,,,,
DL-01433,삼정커머스37,물류/유통,도소매유통,경기,2017,1384,그로쓰 1호 PEF,Growth,2016,서지원,투자완료(Active),2024-09-05,571.4,59.7,561,119.5,21.3,96.2,872.3,7.3,1.55,1.8,577.1,1.01,0.6,,,
DL-01434,한라엔터90,미디어/콘텐츠,게임,경기,2007,499,그로쓰 2호 PEF,Growth,2019,고은채,소싱(Sourcing),,,,269,104.6,38.9,63.6,899.9,8.6,3.35,,,,,,,
DL-01435,케이메탈,제조/소재,정밀화학,서울,2010,4663,그로쓰 1호 PEF,Growth,2016,서지원,실사(DD),,,,3819,1054.0,27.6,698.7,7483.7,7.1,1.96,,,,,,,
DL-01436,보광게임즈84,미디어/콘텐츠,게임,서울,2011,535,바이아웃 1호 PEF,Buyout,2017,강태호,소싱(Sourcing),,,,283,99.9,35.3,595.7,1338.6,13.4,4.73,,,,,,,
DL-01437,동성케미칼24,제조/소재,2차전지소재,해외(베트남),2003,1553,벤처그로쓰 1호,Venture,2020,최예린,소싱(Sourcing),,,,1071,146.7,13.7,732.2,1731.4,11.8,1.62,,,,,,,
DL-01438,태광에너지51,에너지/환경,전력/전기,광주,1999,252,그로쓰 3호 PEF,Growth,2022,배준영,투자심의(IC),,,,207,31.5,15.2,210.0,440.5,14.0,2.13,,,,,,,
DL-01439,유진케미칼46,제조/소재,자동차부품,서울,2018,5755,그로쓰 2호 PEF,Growth,2019,강태호,투자완료(Active),2025-03-18,8167.2,88.9,3421,1279.5,37.4,4980.2,13946.0,10.9,4.08,1.2,20559.4,2.52,111.9,,,
DL-01440,중앙정보기술42,IT/소프트웨어,SaaS,서울,1988,4993,그로쓰 3호 PEF,Growth,2022,배준영,투자심의(IC),,,,5173,1262.2,24.4,7848.6,18428.3,14.6,3.56,,,,,,,
DL-01441,에스게임즈8,미디어/콘텐츠,엔터테인먼트,서울,2005,790,바이아웃 1호 PEF,Buyout,2017,김도현,실사(DD),,,,613,210.3,34.3,208.1,1555.9,7.4,2.54,,,,,,,
DL-01442,디에이치파이낸셜,금융서비스,자산관리,서울,1994,1698,스페셜시츄에이션 1호,Special Situation,2018,한승우,투자완료(Active),2021-08-02,246.3,23.9,911,122.1,13.4,601.1,1428.3,11.7,1.57,4.9,499.9,2.03,15.7,,,
DL-01443,동방정밀44,제조/소재,자동차부품,경기,1998,977,세컨더리 1호,Secondary,2023,박민재,실사(DD),,,,422,132.9,31.5,262.5,1236.2,9.3,2.93,,,,,,,
DL-01444,미래소프트86,IT/소프트웨어,정보보안,경남,1988,151,그로쓰 2호 PEF,Growth,2019,정우성,투자완료(Active),2021-12-01,84.8,52.4,127,14.7,11.6,72.2,213.6,14.5,1.68,4.5,279.5,3.3,30.2,,,
DL-01445,정밀테크41,IT/소프트웨어,핀테크,경북,2016,305,벤처그로쓰 1호,Venture,2020,최예린,소싱(Sourcing),,,,281,49.2,17.5,143.6,565.5,11.5,2.01,,,,,,,
DL-01446,한라F&B,소비재,패션/리빙,경기,2007,694,그로쓰 3호 PEF,Growth,2022,강태호,투자완료(Active),2023-04-26,206.6,37.3,253,45.5,18.0,29.0,578.4,12.7,2.29,3.1,438.0,2.12,27.2,,,
DL-01447,한국미디어42,미디어/콘텐츠,교육,대전,2019,226,벤처그로쓰 1호,Venture,2020,김도현,회수완료(Exited),2025-04-04,327.0,94.7,84,27.8,33.1,84.7,408.7,14.7,4.87,1.2,,0.69,-27.3,2026-06-10,224.3,Recap/배당
DL-01448,에스파트너스9,B2B서비스,인력아웃소싱,서울,2015,2042,바이아웃 1호 PEF,Buyout,2017,한승우,소싱(Sourcing),,,,739,59.9,8.1,51.6,604.6,10.1,0.82,,,,,,,
DL-01449,중앙스튜디오69,미디어/콘텐츠,엔터테인먼트,전북,2021,1019,바이아웃 2호 PEF,Buyout,2021,김도현,회수완료(Exited),2025-06-18,1919.6,66.4,603,209.8,34.8,364.0,2853.9,13.6,4.73,1.0,,2.58,163.4,2026-06-10,4947.5,구주매출
DL-01450,동성에셋,금융서비스,여신전문,경북,1992,214,세컨더리 1호,Secondary,2023,임수빈,보류/철회(Dropped),,,,233,48.5,20.8,309.0,654.3,13.5,2.81,,,,,,,
DL-01451,광림이엔지27,에너지/환경,신재생에너지,대전,2010,2106,그로쓰 1호 PEF,Growth,2016,김도현,보류/철회(Dropped),,,,917,117.4,12.8,458.3,1173.8,10.0,1.28,,,,,,,
DL-01452,미래로지스틱스85,물류/유통,이커머스,서울,1988,608,바이아웃 1호 PEF,Buyout,2017,고은채,스크리닝(Screening),,,,295,59.3,20.1,49.4,640.4,10.8,2.17,,,,,,,
DL-01453,세진커머스42,물류/유통,이커머스,서울,2016,107,바이아웃 2호 PEF,Buyout,2021,이서준,투자완료(Active),2021-01-17,22.6,56.8,111,7.5,6.8,0.4,39.2,5.2,0.35,5.4,17.1,0.76,-5.1,,,
DL-01454,중앙로지스틱스,물류/유통,이커머스,서울,2005,77,스페셜시츄에이션 1호,Special Situation,2018,정우성,회수완료(Exited),2021-05-22,39.6,49.6,51,14.4,28.2,4.3,76.2,5.3,1.49,2.8,,1.79,23.4,2024-02-24,70.8,IPO
DL-01455,태광캐피탈,금융서비스,인슈어테크,경북,1987,3938,세컨더리 1호,Secondary,2023,배준영,투자완료(Active),2025-05-23,526.8,32.6,1956,381.4,19.5,883.7,2212.2,5.8,1.13,1.0,768.1,1.46,43.3,,,
DL-01456,미래엔터40,미디어/콘텐츠,엔터테인먼트,인천,2020,471,그로쓰 2호 PEF,Growth,2019,윤지호,소싱(Sourcing),,,,401,66.6,16.6,19.7,938.6,14.1,2.34,,,,,,,
DL-01457,동방페이46,금융서비스,결제,울산,1985,297,그로쓰 2호 PEF,Growth,2019,남기훈,투자완료(Active),2023-01-25,70.8,56.5,101,21.8,21.6,41.5,163.6,7.5,1.62,3.4,329.1,4.65,57.7,,,
DL-01458,중앙에셋81,금융서비스,여신전문,경기,2013,533,그로쓰 2호 PEF,Growth,2019,강태호,소싱(Sourcing),,,,341,134.4,39.4,492.2,1222.6,9.1,3.59,,,,,,,
DL-01459,신성게임즈85,미디어/콘텐츠,광고/마케팅,인천,2012,401,그로쓰 1호 PEF,Growth,2016,박민재,회수완료(Exited),2023-01-26,232.4,83.6,267,31.0,11.6,141.5,368.6,11.9,1.38,2.2,,3.75,84.3,2025-03-25,870.6,재무적매각(Secondary)
DL-01460,한라페이30,금융서비스,인슈어테크,경기,1994,900,바이아웃 1호 PEF,Buyout,2017,김도현,투자완료(Active),2019-03-25,101.8,52.9,560,67.8,12.1,182.4,372.7,5.5,0.67,7.2,105.8,1.04,0.5,,,
DL-01461,대명시스템33,IT/소프트웨어,핀테크,울산,2004,562,스페셜시츄에이션 1호,Special Situation,2018,윤지호,투자완료(Active),2023-05-07,437.1,78.7,309,85.9,27.8,282.2,764.5,8.9,2.47,3.1,688.1,1.57,15.8,,,
DL-01462,정밀파이낸셜,금융서비스,자산관리,서울,2018,899,스페셜시츄에이션 1호,Special Situation,2018,고은채,투자완료(Active),2022-03-26,408.8,45.8,395,120.1,30.4,68.1,792.5,6.6,2.01,4.2,505.2,1.24,5.2,,,
DL-01463,성안파이낸셜32,금융서비스,자산관리,부산,2003,276,세컨더리 1호,Secondary,2023,정우성,투자완료(Active),2023-10-10,291.1,97.2,131,22.0,16.8,44.0,325.7,14.8,2.49,2.7,361.1,1.24,8.4,,,
DL-01464,케이매니지먼트96,B2B서비스,시설관리,경기,1988,559,스페셜시츄에이션 1호,Special Situation,2018,윤지호,보류/철회(Dropped),,,,199,44.6,22.4,13.2,508.2,11.4,2.55,,,,,,,
DL-01465,대한F&B,소비재,리테일,울산,2010,303,바이아웃 1호 PEF,Buyout,2017,박민재,소싱(Sourcing),,,,170,32.3,19.0,10.3,449.0,13.9,2.64,,,,,,,
DL-01466,아이엠솔루션46,B2B서비스,MRO,대구,2003,2496,스페셜시츄에이션 1호,Special Situation,2018,임수빈,투자완료(Active),2023-09-20,1404.4,36.9,986,297.8,30.2,1009.4,4198.6,14.1,4.26,2.7,1866.0,1.33,11.0,,,
DL-01467,태광정보기술95,IT/소프트웨어,SaaS,경북,1991,1352,그로쓰 3호 PEF,Growth,2022,한승우,스크리닝(Screening),,,,703,111.1,15.8,350.9,722.0,6.5,1.03,,,,,,,
DL-01468,케이이엔지15,에너지/환경,전력/전기,경기,2003,424,벤처그로쓰 1호,Venture,2020,박민재,투자완료(Active),2021-11-09,581.8,78.8,266,90.7,34.1,647.2,1351.5,14.9,5.08,4.6,487.9,0.84,-3.8,,,
DL-01469,성안푸드,소비재,식음료,전북,2016,96,그로쓰 3호 PEF,Growth,2022,남기훈,회수완료(Exited),2025-06-05,31.2,58.1,50,9.2,18.5,12.6,63.8,6.9,1.28,1.0,,2.57,153.5,2026-06-10,80.1,재무적매각(Secondary)
DL-01470,한라식품,소비재,리테일,부산,2021,1567,스페셜시츄에이션 1호,Special Situation,2018,서지원,실사(DD),,,,536,76.1,14.2,74.0,532.8,7.0,0.99,,,,,,,
DL-01471,케이파마,바이오/헬스케어,디지털헬스,경기,1992,2381,세컨더리 1호,Secondary,2023,김도현,실사(DD),,,,832,67.4,8.1,375.5,950.2,14.1,1.14,,,,,,,
DL-01472,서연소프트43,IT/소프트웨어,시스템통합,서울,1985,312,바이아웃 2호 PEF,Buyout,2021,박민재,투자완료(Active),2021-04-26,111.2,58.3,299,21.5,7.2,75.5,232.5,10.8,0.78,5.1,104.5,0.94,-1.2,,,
DL-01473,동방스튜디오50,미디어/콘텐츠,게임,경기,1995,1859,그로쓰 2호 PEF,Growth,2019,최예린,소싱(Sourcing),,,,869,133.0,15.3,272.8,1768.3,13.3,2.03,,,,,,,
DL-01474,케이정보기술51,IT/소프트웨어,핀테크,서울,1994,752,세컨더리 1호,Secondary,2023,배준영,투자완료(Active),2023-01-31,891.6,47.4,827,322.5,39.0,1270.0,2935.0,9.1,3.55,3.4,874.7,0.98,-0.6,,,
DL-01475,디에이치커머스79,물류/유통,도소매유통,서울,1991,203,그로쓰 2호 PEF,Growth,2019,서지원,보류/철회(Dropped),,,,151,54.8,36.3,326.9,811.2,14.8,5.37,,,,,,,
DL-01476,우진리빙,소비재,리테일,광주,1997,212,세컨더리 1호,Secondary,2023,남기훈,스크리닝(Screening),,,,111,34.7,31.3,70.9,392.6,11.3,3.54,,,,,,,
DL-01477,가온캐피탈37,금융서비스,자산관리,울산,1993,601,바이아웃 2호 PEF,Buyout,2021,서지원,실사(DD),,,,623,115.3,18.5,23.3,818.3,7.1,1.31,,,,,,,
DL-01478,누리스튜디오73,미디어/콘텐츠,게임,대구,2002,476,바이아웃 2호 PEF,Buyout,2021,최예린,투자완료(Active),2022-03-12,377.5,89.1,178,58.2,32.7,349.9,704.3,12.1,3.96,4.2,694.5,1.84,15.4,,,
DL-01479,중앙서비스4,B2B서비스,인력아웃소싱,해외(싱가포르),1996,1230,그로쓰 2호 PEF,Growth,2019,임수빈,투자완료(Active),2019-03-15,371.4,26.0,617,116.6,18.9,103.8,1329.4,11.4,2.15,7.2,1164.5,3.13,17.1,,,
DL-01480,서연매니지먼트14,B2B서비스,인력아웃소싱,부산,2020,573,그로쓰 1호 PEF,Growth,2016,남기훈,소싱(Sourcing),,,,242,69.9,28.9,15.2,692.4,9.9,2.86,,,,,,,
DL-01481,정밀스튜디오31,미디어/콘텐츠,광고/마케팅,서울,2001,639,스페셜시츄에이션 1호,Special Situation,2018,배준영,실사(DD),,,,277,107.2,38.7,341.9,1457.9,13.6,5.26,,,,,,,
DL-01482,대한파이낸셜,금융서비스,인슈어테크,서울,2007,716,그로쓰 1호 PEF,Growth,2016,윤지호,투자완료(Active),2023-09-18,180.4,31.1,277,44.3,16.0,79.5,624.9,14.1,2.26,2.7,264.9,1.47,15.1,,,
DL-01483,한라케미칼54,제조/소재,철강금속,경북,2020,1403,세컨더리 1호,Secondary,2023,윤지호,스크리닝(Screening),,,,890,147.7,16.6,106.2,812.6,5.5,0.91,,,,,,,
DL-01484,한국솔루션14,IT/소프트웨어,정보보안,인천,2016,60,그로쓰 1호 PEF,Growth,2016,오세훈,실사(DD),,,,41,10.5,25.7,9.1,157.0,14.9,3.83,,,,,,,
DL-01485,태광솔루션88,B2B서비스,MRO,경기,2020,609,그로쓰 2호 PEF,Growth,2019,배준영,투자완료(Active),2020-11-29,50.5,22.0,215,18.9,8.8,65.5,283.8,15.0,1.32,5.5,75.2,1.49,7.5,,,
DL-01486,누리식품26,소비재,패션/리빙,경기,1997,127,그로쓰 3호 PEF,Growth,2022,배준영,스크리닝(Screening),,,,62,17.1,27.5,25.3,219.9,12.9,3.55,,,,,,,
DL-01487,성안랩스44,IT/소프트웨어,데이터/AI,전북,2020,6946,바이아웃 1호 PEF,Buyout,2017,배준영,보류/철회(Dropped),,,,3374,931.2,27.6,1300.8,9498.5,10.2,2.82,,,,,,,
DL-01488,서연코스메틱,소비재,패션/리빙,서울,2017,412,그로쓰 3호 PEF,Growth,2022,서지원,실사(DD),,,,157,12.6,8.0,51.9,116.8,9.3,0.74,,,,,,,
DL-01489,현우제약,바이오/헬스케어,의료기기,서울,2003,899,바이아웃 1호 PEF,Buyout,2017,배준영,투자심의(IC),,,,450,74.2,16.5,209.1,512.3,6.9,1.14,,,,,,,
DL-01490,우진매니지먼트44,B2B서비스,MRO,충남,1985,1158,그로쓰 2호 PEF,Growth,2019,윤지호,투자완료(Active),2024-09-11,2912.3,99.4,1438,279.0,19.4,1035.4,3515.0,12.6,2.44,1.7,2919.2,1.0,0.1,,,
DL-01491,정밀콘텐츠61,미디어/콘텐츠,게임,대전,1998,188,그로쓰 2호 PEF,Growth,2019,한승우,소싱(Sourcing),,,,105,37.6,35.8,103.7,334.6,8.9,3.19,,,,,,,
DL-01492,케이에셋59,금융서비스,인슈어테크,경남,2008,488,바이아웃 1호 PEF,Buyout,2017,임수빈,투자완료(Active),2021-01-19,447.9,84.4,261,57.4,22.0,106.8,562.7,9.8,2.16,5.4,1031.8,2.3,16.7,,,
DL-01493,태광헬스케어,바이오/헬스케어,체외진단,서울,2013,643,스페셜시츄에이션 1호,Special Situation,2018,임수빈,실사(DD),,,,466,44.7,9.6,91.6,599.5,13.4,1.29,,,,,,,
DL-01494,정밀산업32,제조/소재,산업기계,경기,1986,549,그로쓰 3호 PEF,Growth,2022,한승우,회수완료(Exited),2025-02-20,621.2,72.2,197,75.3,38.2,48.1,835.3,11.1,4.24,1.3,,1.89,62.9,2026-06-10,1172.1,Recap/배당
DL-01495,제이환경34,에너지/환경,신재생에너지,전남,1986,1806,그로쓰 3호 PEF,Growth,2022,한승우,소싱(Sourcing),,,,1199,405.3,33.8,1496.0,3485.3,8.6,2.91,,,,,,,
DL-01496,삼정커머스97,물류/유통,콜드체인,서울,2019,788,그로쓰 1호 PEF,Growth,2016,정우성,투자완료(Active),2025-03-21,545.8,80.3,371,52.3,14.1,23.3,612.0,11.7,1.65,1.2,1141.2,2.09,83.0,,,
DL-01497,삼정테크99,IT/소프트웨어,정보보안,부산,1993,591,바이아웃 2호 PEF,Buyout,2021,최예린,회수완료(Exited),2025-02-06,214.7,80.3,509,70.8,13.9,107.5,367.9,5.2,0.72,1.3,,1.84,57.4,2026-06-10,394.1,IPO
DL-01498,우진이엔지88,에너지/환경,폐기물처리,광주,1995,190,세컨더리 1호,Secondary,2023,김도현,회수완료(Exited),2023-12-03,81.5,24.3,106,35.3,33.3,63.6,356.5,10.1,3.36,2.5,,1.74,24.5,2026-06-10,141.6,전략적매각(M&A)
DL-01499,한솔테크12,제조/소재,정밀화학,부산,1995,98,바이아웃 1호 PEF,Buyout,2017,박민재,소싱(Sourcing),,,,78,14.4,18.4,43.9,126.3,8.8,1.62,,,,,,,
DL-01500,대명테크79,제조/소재,철강금속,해외(싱가포르),1998,398,그로쓰 1호 PEF,Growth,2016,고은채,투자완료(Active),2016-01-19,584.7,43.1,445,155.3,34.9,136.6,1258.0,8.1,2.83,10.4,946.3,1.62,4.7,,,
